"","GEOID_2020","percentage_age_65_and_over","percentage_prime_age","percentage_employed","percentage_education","population_total","percentage_white","percentage_ethnicity_black_hispanic_latino","median_gross_rent_percent_of_income","percentage_income_below_poverty","percentage_small","percentage_tenure_owner","housing_units_total","percentage_housing_units_vacant","percentage_travel_time_less_than_30","percentage_mhc","percentage_urban","population_1000s","median_household_income_1000s","housing_value_median_1000s","all_permits","year"
"1",180010301002,13.0834512022631,19.7312588401697,96.0159362549801,10.9425785482124,1414,98.9795918367347,1.61943319838057,17.2,4.62762111352133,46.5587044534413,95.1417004048583,525,5.14285714285714,69.7503671071953,24.3809523809524,0.959692898272553,1.414,70.9581006504065,148.042296747967,121,2000
"2",180010302002,16.8789808917197,19.4267515923567,94.6611909650924,14.0322580645161,942,97.025171624714,6.72853828306264,14.6,5.30785562632696,69.3735498839907,61.2529002320186,463,5.83153347732181,69.4510739856802,0,100,0.942,47.4186239837398,117.231463414634,121,2000
"3",180010302003,19.5121951219512,20.1070791195717,96.969696969697,3.47417840375587,1681,92.2868741542625,8.17438692098093,22,7.75193798449612,67.1662125340599,63.2152588555858,786,6.23409669211196,77.7923784494087,16.412213740458,100,1.681,42.2469128861789,94.6869512195122,121,2000
"4",180010302004,8.01435406698565,23.5645933014354,92.5855513307985,14.7113594040968,836,97.2560975609756,4.54545454545455,20.1,0.721153846153846,54.5454545454545,66.0606060606061,373,10.9919571045576,72.9613733905579,14.745308310992,46.0916442048518,0.836,65.6375957723577,158.412772357724,121,2000
"5",180010303004,13.992297817715,19.2554557124519,97.7401129943503,7.67634854771784,779,97.1698113207547,5.04731861198738,13.7,9.16666666666667,60.8832807570978,72.2397476340694,350,6.28571428571429,83.9393939393939,0,100,0.779,55.6654065447154,110.468109756098,121,2000
"6",180010306002,10.8219178082192,16.8493150684932,98.2417582417582,8.31509846827133,730,95.7446808510638,2.38907849829352,27.7,6.84931506849315,57.679180887372,79.8634812286689,282,5.67375886524823,86.6213151927438,26.5957446808511,94.4983818770227,0.73,48.9185855284553,87.1721138211382,121,2000
"7",180010307004,6.52866242038217,22.1337579617834,93.6708860759494,4.04624277456647,628,96.8379446640316,1.58730158730159,25.2,17.6090468497577,60.3174603174603,58.7301587301587,269,6.31970260223048,70.0704225352113,9.29368029739777,0,0.628,43.3981859756098,83.5649918699187,121,2000
"8",180030007042,8.30295666261644,26.6099635479951,92.7910052910053,19.047619047619,2469,90.1244813278008,6.75562969140951,22,9.61864406779661,77.9816513761468,35.9466221851543,1299,7.23633564280216,87.4720357941834,4.6189376443418,100,2.469,50.7702414634146,117.682353658537,1791,2000
"9",180030008001,14.2317380352645,28.0856423173804,94.0758293838863,6.53465346534654,794,97.9166666666667,2.65486725663717,23.9,6.70037926675095,70.2064896755162,75.2212389380531,369,8.40108401084011,88.8594164456233,5.14905149051491,100,0.794,54.3803693495935,92.4325,1791,2000
"10",180030023002,12.3076923076923,21.7846153846154,83.187134502924,6.65258711721225,1625,39.4568690095847,53.12,24.5,21.5384615384615,57.76,65.6,706,10.9065155807365,67.2131147540984,12.8895184135977,100,1.625,38.1227701219512,53.8062357723577,1791,2000
"11",180030033042,7.69732550554468,30.0065231572081,98.0676328502416,14.5927601809955,1533,81.0848400556328,14.1226818830243,22.4,15.814266487214,72.1825962910128,26.1055634807418,808,11.0148514851485,84.4092570036541,11.7574257425743,100,1.533,43.4793462195122,82.5129146341463,1791,2000
"12",180030035002,39.5173453996983,15.4348919054801,83.5051546391753,5.84837545126354,1989,81.8548387096774,12.0261437908497,27,25.699558173785,79.3464052287582,12.156862745098,882,15.6462585034014,75.3363228699552,2.72108843537415,100,1.989,29.1199949186992,99.947337398374,1791,2000
"13",180030037002,15.8870255957635,21.3592233009709,96.0815047021944,7.88235294117647,1133,97.3509933774834,4.37636761487965,21.1,4.76610767872904,60.1750547045952,91.6849015317287,487,4.72279260780287,88.5860306643952,4.72279260780287,100,1.133,66.3590201626016,111.52018699187,1791,2000
"14",180030038003,7.811080835604,22.4341507720254,91.0358565737052,2.02702702702703,1101,90.1531728665208,10.4783599088838,18.4,17.983651226158,63.7813211845103,41.2300683371298,513,9.94152046783626,87.4157303370787,10.3313840155945,100,1.101,39.3777479674797,100.548524390244,1791,2000
"15",180030039012,21.0526315789474,18.6813186813187,92.4406047516199,11.4644351464435,1729,97.3901098901099,2.42261103633917,13.3,5.80304806565064,65.4104979811575,91.9246298788694,752,3.19148936170213,81.1524609843938,6.64893617021277,100,1.729,62.3235524796748,105.658613821138,1791,2000
"16",180030039023,10.5523125280647,29.0525370453525,92.1241050119332,14.5231213872832,2227,81.9253438113949,18.3251231527094,20.4,11.8758434547908,69.8522167487685,35.4679802955665,1143,10.761154855643,77.112676056338,30.5336832895888,100,2.227,52.686525,24.1977764227642,1791,2000
"17",180030102022,8.7945413191812,25.8529188779378,97.8787878787879,15.3020134228188,1319,98.2683982683983,0.432900432900433,25,8.75190258751903,53.6796536796537,84.1991341991342,485,4.74226804123711,73.9130434782609,15.8762886597938,0,1.319,63.0149175203252,135.417369918699,1791,2000
"18",180030106012,11.6031886625332,21.4348981399469,94.0677966101695,8,1129,95,3.84615384615385,35.6,3.36581045172719,64.7773279352227,90.4858299595142,554,9.56678700361011,87.2868217054264,18.2310469314079,49.1773308957952,1.129,69.8053245934959,148.793780487805,1791,2000
"19",180030106023,13.4881149806523,23.0514096185738,94.9248120300752,13.7392661982826,1809,92.8467153284672,2.46376811594203,14.2,2.26644555002764,60,91.1594202898551,796,16.5829145728643,82.1319796954315,65.9547738693467,73.8442822384428,1.809,57.6523295528455,67.1826463414634,1791,2000
"20",180030106041,10.1769911504425,30.9053778080327,97.2443355786895,6.373861810391,2938,97.3444613050076,3.20417287630402,31.1,17.9714091218516,69.8211624441133,93.5171385991058,1434,7.94979079497908,77.9959377115775,91.1436541143654,100,2.938,47.2502916260163,22.544512195122,1791,2000
"21",180030106042,10.1769911504425,30.9053778080327,97.2443355786895,6.373861810391,2938,97.3444613050076,3.20417287630402,31.1,17.9714091218516,69.8211624441133,93.5171385991058,1434,7.94979079497908,77.9959377115775,91.1436541143654,100,2.938,47.2502916260163,22.544512195122,1791,2000
"22",180030108113,6.07734806629834,25.414364640884,90.7590759075908,21.2765957446809,543,87.5502008032128,11.284046692607,18,3.31491712707182,71.2062256809339,57.1984435797665,260,4.23076923076923,88.3018867924528,15.3846153846154,100,0.543,61.9974085365854,128.954609756098,1791,2000
"23",180030108131,5.47422024188415,30.4901336728199,95.372460496614,11.6329874385582,3142,92.24,4.50522928399035,19.5,13.9220109571383,57.6830249396621,79.0828640386163,1465,14.3344709897611,85.6619890176937,57.8839590443686,100,3.142,59.5595952845528,47.3434756097561,1791,2000
"24",180030108133,5.47422024188415,30.4901336728199,95.372460496614,11.6329874385582,3142,92.24,4.50522928399035,19.5,13.9220109571383,57.6830249396621,79.0828640386163,1465,14.3344709897611,85.6619890176937,57.8839590443686,100,3.142,59.5595952845528,47.3434756097561,1791,2000
"25",180030109004,9.65783664459161,21.523178807947,95.142555438226,9.63172804532578,1812,98.9505247376312,1.49925037481259,21.1,5.32150776053215,53.2233883058471,78.4107946026987,696,4.16666666666667,60.9339407744875,17.3850574712644,0,1.812,61.9974085365854,102.051491869919,1791,2000
"26",180030112011,12.1638924455826,23.6875800256082,90.9502262443439,5.64010743061773,1562,94.5371775417299,4.44104134762634,24,12.9961587708067,63.8591117917305,80.5513016845329,761,13.4034165571616,79.739507959479,47.4375821287779,100,1.562,54.2135399593496,83.4146951219512,1791,2000
"27",180030112012,10.4156866715746,24.7977606540848,91.712962217463,7.10295605212145,1243.66666666667,94.0592677864406,5.61556148838806,21.3666666666667,12.3983178186487,61.3043046163159,72.13744596078,598,13.8375718224215,77.9326940222726,43.7574076936951,100,1.24366666666667,53.6769805691057,75.4489674796748,1791,2000
"28",180030112021,15.4967602591793,19.2224622030238,95.1219512195122,5.231037489102,1852,98.9928057553957,1.29310344827586,36.5,5.38922155688623,57.183908045977,80.0287356321839,711,2.25035161744022,82.4729891956783,2.10970464135021,100,1.852,57.5095476422764,92.2822032520325,1791,2000
"29",180030112022,7.46685275645499,23.3077459874389,98.8929889298893,7.13463751438435,1433,98.5507246376812,3.01953818827709,46.7,10.2889358703312,55.417406749556,92.0071047957371,573,3.66492146596859,85.1145038167939,42.0593368237347,87.1575342465753,1.433,52.6669864227642,74.246593495935,1791,2000
"30",180030113041,11.2591734260332,16.8597914252607,95.9886403975861,9.7394540942928,5178,65.1362260343088,33.0474268415742,25.7,7.84770784770785,57.3158425832492,72.6538849646821,2111,6.11084793936523,75.5905511811024,9.52155376598768,86.2624348649929,5.178,66.7332590650407,122.942739837398,1791,2000
"31",180030113042,11.2591734260332,16.8597914252607,95.9886403975861,9.7394540942928,5178,65.1362260343088,33.0474268415742,25.7,7.84770784770785,57.3158425832492,72.6538849646821,2111,6.11084793936523,75.5905511811024,9.52155376598768,86.2624348649929,5.178,66.7332590650407,122.942739837398,1791,2000
"32",180030117012,10.5722599418041,15.4219204655674,97.1830985915493,9.5166163141994,1031,96.1630695443645,3.0952380952381,19.4,2.14424951267057,62.3809523809524,93.5714285714286,448,6.47321428571429,75.6363636363636,52.4553571428571,0,1.031,68.1039654065041,79.5069796747968,1791,2000
"33",180030118011,13.1236442516269,21.0412147505423,95.8568738229755,11.7088607594937,922,96.2121212121212,2.87081339712919,NA,5.85683297180043,64.8325358851675,93.7799043062201,430,8.6046511627907,77.7327935222672,57.4418604651163,71.6483516483516,0.922,60.2434454878049,61.4713699186992,1791,2000
"34",180030118014,10.146252285192,17.5502742230347,89.9852724594993,13.6363636363636,1094,100,1.00755667506297,18.2,3.19926873857404,55.6675062972292,91.4357682619647,476,14.0756302521008,70.4174228675136,22.6890756302521,0,1.094,79.246966300813,158.112178861789,1791,2000
"35",180030119002,15.6677181913775,23.5541535226078,96.7462039045553,11.3144758735441,951,92.3287671232877,2.20994475138122,30,6.17021276595745,56.9060773480663,84.8066298342541,401,7.98004987531172,58.9861751152074,26.1845386533666,0,0.951,54.2135399593496,101.600601626016,1791,2000
"36",180039800021,20.3703703703704,12.037037037037,100,0,108,100,1.61290322580645,30,9.25925925925926,80.6451612903226,45.1612903225806,74,17.5675675675676,100,44.5945945945946,100,0.108,30.9987042682927,155.406837398374,1791,2000
"37",180050104001,8.37145471180238,26.715462031107,96.260017809439,1.4365522745411,2186,90.9598214285714,4.29988974641676,NA,8.2983682983683,59.4266813671444,94.8180815876516,952,5.88235294117647,83.0348727615457,81.827731092437,99.4807892004154,2.186,55.3122091869919,35.0191422764228,212,2000
"38",180050108002,24.346257889991,16.4111812443643,92.2935779816514,5.88235294117647,1109,98.9059080962801,2.11864406779661,18.9,8.29576194770063,68.0084745762712,72.8813559322034,477,2.93501048218029,81.4968814968815,7.54716981132075,100,1.109,50.292297804878,119.035024390244,212,2000
"39",180050111011,6.82196339434276,8.81863560732113,97.8851963746224,32.4324324324324,601,95.0617283950617,2.08333333333333,NA,8.15307820299501,56.6666666666667,82.9166666666667,259,5.01930501930502,73.8255033557047,10.4247104247104,22.9249011857708,0.601,61.0580538617886,178.702833333333,212,2000
"40",180050111014,6.53759820426487,27.8619528619529,96.4021164021164,5.95348837209302,3564,97.0242756460454,2.33100233100233,17.8,8.99887514060742,48.5625485625486,93.0846930846931,1363,6.16287600880411,77.8935185185185,52.2377109317682,77.4617067833698,3.564,55.2280430081301,60.5695894308943,212,2000
"41",180050111022,13.75,20.5434782608696,96.4035964035964,7.87929589270746,1840,100,1.36425648021828,16.3,7.5,57.8444747612551,89.7680763983629,780,3.97435897435897,84.070796460177,51.6666666666667,93.3246073298429,1.84,60.2314217479675,50.6500040650407,212,2000
"42",180050112003,15.8453373768006,22.89613343442,93.8610662358643,9.72388955582233,1319,100,0.627615062761506,19.4,7.56880733944954,52.7196652719665,82.8451882845188,511,6.26223091976517,64.4859813084112,18.9823874755382,82.3529411764706,1.319,58.657814796748,116.780573170732,212,2000
"43",180050113002,4.25,24.375,98.991935483871,24.2718446601942,800,100,2.13523131672598,18.2,8.61850443599493,48.3985765124555,83.9857651245552,284,7.04225352112676,70.8971553610503,17.2535211267606,0,0.8,96.753531504065,177.951349593496,212,2000
"44",180050114001,10.6104651162791,19.0406976744186,98.6046511627907,31.9018404907975,688,91.358024691358,7.88381742738589,12.9,1.32547864506627,59.7510373443983,79.253112033195,256,5.859375,90.6329113924051,12.109375,5.46875,0.688,101.137687642276,266.175540650407,212,2000
"45",180050114002,10.7826086956522,23.6521739130435,92.3841059602649,6.09271523178808,1150,95.8515283842795,5.56792873051225,31.3,15.2097902097902,56.347438752784,73.9420935412027,498,8.23293172690763,79.7101449275362,24.0963855421687,70.8163265306122,1.15,46.340996300813,101.750898373984,212,2000
"46",180050114003,11.4427860696517,23.7147595356551,97.7477477477478,7.18711276332094,1206,98.0088495575221,3.03687635574837,13.9,7.66638584667228,57.0498915401301,87.6355748373102,495,7.27272727272727,84.4197138314785,26.8686868686869,0,1.206,64.8154725609756,129.706093495935,212,2000
"47",180050115002,6.69456066945607,21.9665271966527,97.0976253298153,14.9372862029647,1434,99.412915851272,1.17647058823529,20.6,9.6931659693166,54.3137254901961,86.6666666666667,530,4.71698113207547,80.9523809523809,7.16981132075472,0,1.434,90.7311408130081,148.643483739837,212,2000
"48",180050115005,7.42753623188406,28.804347826087,97.4025974025974,11.0795454545455,552,100,5.06912442396313,27,4.34782608695652,53.9170506912442,70.9677419354839,212,3.77358490566038,78.3333333333333,18.8679245283019,59.5555555555556,0.552,63.7122944308943,142.781910569106,212,2000
"49",180099751002,9.88593155893536,19.5437262357414,95.6973293768546,5.83333333333333,1315,96.0600375234522,0.757575757575758,22.7,9.63762528912876,59.280303030303,73.4848484848485,603,9.12106135986733,61.6639477977161,20.3980099502488,0,1.315,50.3494105691057,70.7897682926829,96,2000
"50",180099752002,16.2037037037037,20.1388888888889,97.1988795518207,7.76173285198556,864,98.4962406015038,0,21.6,6.59722222222222,67.7581863979849,76.0705289672544,423,6.14657210401891,71.2574850299401,14.4208037825059,100,0.864,45.0890243902439,76.0501544715447,96,2000
"51",180099753001,14.4862795149968,20.7402680280791,94.75,6.0790273556231,1567,96.7889908256881,0.458015267175573,22.5,18.761965539247,62.2900763358779,70.6870229007634,715,8.53146853146853,62.2023809523809,21.1188811188811,100,1.567,46.0283790650407,69.7376910569106,96,2000
"52",180118102002,11.2367021276596,21.6090425531915,97.2355769230769,3.59342915811088,1504,100,0.547445255474453,23.1,6.841046277666,54.3795620437956,81.021897810219,587,7.49574105621806,66.4482306684142,15.6729131175468,0,1.504,57.3697716666667,127.151048780488,678,2000
"53",180118104001,8.46585594013096,27.4555659494855,98.6631016042781,11.3029827315542,2138,96.0858585858586,0.605326876513317,45,1.26286248830683,52.1791767554479,87.772397094431,839,5.60190703218117,63.6882129277567,26.5792610250298,100,2.138,70.054817195122,121.439772357724,678,2000
"54",180118104003,24.8847926267281,5.52995391705069,95.9420289855072,5.66037735849057,651,100,2.82258064516129,24.6,7.68049155145929,63.7096774193548,75.4032258064516,274,4.74452554744526,68.7096774193548,20.8029197080292,100,0.651,38.8967983739837,108.213658536585,678,2000
"55",180118106011,9.26225094238018,15.1857835218094,92.5690021231423,42.4934152765584,1857,96.551724137931,1.26782884310618,14,4.79267635971998,50.2377179080824,89.0649762282092,655,2.90076335877863,56.9306930693069,12.5190839694656,0,1.857,91.3593812195122,363.567833333333,678,2000
"56",180118106054,33.9981447124304,9.50834879406308,96.5986394557823,45.1632778804683,2156,100,1.26227208976157,28,11.4219114219114,63.5343618513324,72.3702664796634,726,3.30578512396694,68.7692307692308,3.30578512396694,71.506105834464,2.156,103.704756097561,432.554040650406,678,2000
"57",180159595001,11.9845360824742,26.159793814433,92.3444976076555,15.1950718685832,776,97.8593272171254,3.9039039039039,23.2,9.92268041237113,69.0690690690691,78.6786786786787,545,38.7155963302752,48.6263736263736,18.1651376146789,100,0.776,55.2130133333333,131.659951219512,92,2000
"58",180159595002,16.1172161172161,15.5067155067155,95.9183673469388,10.0470957613815,819,98.3957219251337,0.75,27.5,0.732600732600733,71.75,86,687,45.7059679767103,57.9418344519016,19.6506550218341,1.5406162464986,0.819,57.8642479674797,144.28487804878,92,2000
"59",180159596002,16.8295331161781,18.1324647122693,91.2643678160919,3.90492359932088,921,94.2257217847769,5.39845758354756,18.7,18.530701754386,65.8097686375321,53.9845758354756,404,5.1980198019802,81.1320754716981,19.3069306930693,100,0.921,37.7184718699187,95.1378414634146,92,2000
"60",180159597001,14.004542013626,20.2119606358819,93.5007385524372,10.6714628297362,1321,99.1228070175439,2.04081632653061,18.4,7.53105590062112,51.4739229024943,79.5918367346939,483,5.59006211180124,72.1100917431193,5.79710144927536,10.6837606837607,1.321,69.6460100406504,130.60787398374,92,2000
"61",180159598001,16.4502164502165,18.3549783549784,96.4110929853181,10.6951871657754,1155,100,1.34831460674157,19.1,2.5974025974026,60.4494382022472,85.1685393258427,465,4.3010752688172,61.4963503649635,16.989247311828,0,1.155,57.5831930487805,125.046894308943,92,2000
"62",180179509003,19.3263157894737,18.3578947368421,93.6967632027257,15.9394997091332,2375,98.3032873806999,1.82795698924731,29,9,65.8064516129032,75.8064516129032,943,3.1813361611877,77.7232580961727,2.75715800636267,42.5,2.375,55.1574035365854,165.927609756098,87,2000
"63",180179510002,10.1293103448276,12.6077586206897,96.4285714285714,19.0751445086705,928,94.7530864197531,3.4375,26.9,10.2502979737783,55.625,83.4375,383,6.78851174934726,71.7339667458432,21.9321148825065,28.3236994219653,0.928,67.9461538211382,133.01262195122,87,2000
"64",180179511003,12.4087591240876,19.7080291970803,100,12.7371273712737,1096,97.8520286396181,2.07373271889401,17.3,10.1277372262774,57.1428571428571,80.4147465437788,419,5.48926014319809,73.1218697829716,16.2291169451074,0,1.096,58.7104186585366,118.584134146341,87,2000
"65",180179518003,22.73276904474,17.1704957678356,97.3684210526316,13.1979695431472,827,100,2.01729106628242,19.3,8.82708585247884,70.3170028818444,89.9135446685879,374,5.3475935828877,82.2368421052632,50.2673796791444,51.2261580381471,0.827,53.9565325203252,62.673743902439,87,2000
"66",180179518004,14.9243466299862,21.595598349381,95.1612903225807,8.14299900695134,1454,100,1.71232876712329,13.5,7.70288858321871,62.5,81.5068493150685,693,15.7287157287157,81.2982998454405,12.2655122655123,40.2597402597403,1.454,60.1186991869919,96.7911056910569,87,2000
"67",180179519002,10.4685212298682,19.2532942898975,97.7746870653686,10.9464082098062,1366,97.4409448818898,1.54142581888247,17.4,3.14787701317716,56.4547206165703,88.4393063583815,577,4.15944540727903,82.6086956521739,6.58578856152513,0,1.366,76.2004512195122,127.301345528455,87,2000
"68",180190508012,9.98363338788871,23.7315875613748,94.9771689497717,9.38673341677096,1222,99.3603411513859,0.426439232409382,21.9,7.07236842105263,54.5842217484009,84.2217484008529,497,5.63380281690141,42.9752066115703,13.4808853118712,0,1.222,64.3660852845528,117.381760162602,793,2000
"69",180190509023,10.1864736988589,22.7943222933482,93.2505399568035,4.6119733924612,3593,97.5279106858054,2.74193548387097,20.3,7.97493591569353,49.5967741935484,80.4032258064516,1337,6.20792819745699,52.9447480267152,22.5130890052356,59.6371882086168,3.593,54.5156364227642,117.081166666667,793,2000
"70",180190509025,10.1864736988589,22.7943222933482,93.2505399568035,4.6119733924612,3593,97.5279106858054,2.74193548387097,20.3,7.97493591569353,49.5967741935484,80.4032258064516,1337,6.20792819745699,52.9447480267152,22.5130890052356,59.6371882086168,3.593,54.5156364227642,117.081166666667,793,2000
"71",180210401006,12.5,19.2073170731707,92.8853754940711,2.17917675544794,656,86.6412213740458,0.3690036900369,22.6,11.4551083591331,56.0885608856088,75.6457564575646,342,12.8654970760234,52.5114155251142,26.0233918128655,100,0.656,40.7439454065041,64.1767113821138,62,2000
"72",180210404003,12.8347183748846,19.6983687288396,96.8549796156086,16.9027845627748,3249,98.3221476510067,0.415627597672485,21.8,6.98036771579931,52.2859517871987,87.1986699916875,1297,6.93909020817271,69.3224592220828,11.5651503469545,4.64037122969838,3.249,67.9852309756098,134.515589430894,62,2000
"73",180239502003,9.82035928143713,25.2694610778443,94.0318302387268,10.2897102897103,1670,94.1717791411043,3.39256865912763,28.3,8.8821752265861,57.18901453958,73.8287560581583,698,6.30372492836676,81.5361890694239,1.43266475644699,38.763197586727,1.67,68.5728912601626,182.009361788618,77,2000
"74",180239502004,7.08133971291866,26.88995215311,100,14.8414985590778,1045,100,0.748129675810474,17.5,4.88038277511962,53.8653366583541,84.5386533665835,417,6.47482014388489,73.4024179620035,7.19424460431655,8.8785046728972,1.045,92.557246300813,173.141853658537,77,2000
"75",180239503001,20.4545454545455,16.4772727272727,97.3154362416107,7.53424657534247,880,98.7012987012987,1.29449838187702,14.7,3.99500624219725,58.5760517799353,83.495145631068,331,6.64652567975831,61.2048192771084,12.6888217522659,0,0.88,75.4264229674797,132.561731707317,77,2000
"76",180239504002,14.7085201793722,20.2690582959641,95.8271236959762,6.48714810281518,1115,100,2.77136258660508,18.4,1.49812734082397,60.7390300230947,90.0692840646651,466,6.65236051502146,83.1715210355987,21.244635193133,1.50862068965517,1.115,57.3863043089431,124.445707317073,77,2000
"77",180239505004,6.51629072681704,16.4160401002506,87.4233128834356,5.13595166163142,798,90.4593639575972,10.223642172524,28.2,22.75600505689,47.9233226837061,58.4664536741214,301,5.64784053156146,79.2982456140351,6.64451827242525,100,0.798,56.9399229674797,96.3402154471545,77,2000
"78",180239508003,9.68096809680968,28.9328932893289,83.4782608695652,4.41458733205374,909,91.0344827586207,20.9621993127148,14,9.64523281596452,47.766323024055,60.4810996563574,316,7.91139240506329,74.8010610079576,2.53164556962025,100,0.909,47.2021966666667,95.4384349593496,77,2000
"79",180259519003,11.7735849056604,19.7735849056604,93.8622754491018,8.13823857302118,1325,97.8388998035363,0.589390962671906,27.9,12.357846853677,57.3673870333988,87.62278978389,568,9.33098591549296,41.8060200668896,28.169014084507,0,1.325,58.357221300813,105.057426829268,6,2000
"80",180279544002,12.9242819843342,23.1070496083551,96.9230769230769,4.55445544554455,766,100,1.94805194805195,13.9,2.48041775456919,57.7922077922078,86.038961038961,360,15.5555555555556,86.3509749303621,15.2777777777778,18.1318681318681,0.766,69.5122459349593,116.630276422764,22,2000
"81",180279546003,12.2651933701657,23.7569060773481,96.1864406779661,21.7162872154116,905,100,1.14285714285714,32.9,11.672278338945,55.7142857142857,87.1428571428571,372,7.79569892473118,72.9216152019002,26.0752688172043,0,0.905,57.0917226829268,128.503719512195,22,2000
"82",180279548004,23.1115107913669,18.794964028777,94.1018766756032,4.99325236167341,1112,96.8619246861925,1.91489361702128,26.8,18.7376725838264,67.2340425531915,51.2765957446809,512,6.640625,81.3253012048193,14.84375,100,1.112,33.8167682926829,81.7614308943089,22,2000
"83",180279549001,14.5734597156398,13.1516587677725,94.1787941787942,11.6239316239316,844,98.3050847457627,0.581395348837209,32.5,10.5450236966825,64.8255813953488,89.8255813953488,362,3.86740331491713,79.185520361991,12.707182320442,100,0.844,54.900396097561,127.451642276423,22,2000
"84",180279549004,39.0291262135922,12.621359223301,98.4042553191489,2.68620268620269,1030,100,0.911854103343465,NA,9.15032679738562,68.3890577507599,87.5379939209726,373,8.04289544235925,74.7191011235955,20.6434316353887,100,1.03,59.6061872764228,109.265735772358,22,2000
"85",180290802042,13.170272812794,18.2502351834431,96.7181467181467,13.089802130898,1063,98.8151658767773,0.467289719626168,20.3,8.09031044214487,58.411214953271,69.6261682242991,458,5.45851528384279,50.7726269315673,22.4890829694323,40.8388520971302,1.063,68.4391271544715,173.141853658537,374,2000
"86",180290803021,11.1111111111111,31.6606929510155,84.25,2.99065420560748,837,92.5925925925926,7.7120822622108,20.4,15.0537634408602,67.3521850899743,46.5295629820051,453,10.8167770419426,69.2073170731707,17.8807947019868,84.4748858447489,0.837,41.7268861382114,87.1721138211382,374,2000
"87",180290803023,9.42857142857143,21,97.6401179941003,4.23529411764706,700,89.5348837209302,9.41176470588235,32.5,10.1428571428571,62.7450980392157,43.5294117647059,309,16.504854368932,70.0906344410876,3.55987055016181,100,0.7,49.0343140243902,120.838585365854,374,2000
"88",180290806012,21.654501216545,18.8564476885645,98.2336956521739,6.19718309859155,1644,98.8562091503268,1.14942528735632,23,5.06578947368421,60.9195402298851,66.9950738916256,671,7.15350223546945,44.0751445086705,7.45156482861401,0,1.644,58.8667272764228,149.69556097561,374,2000
"89",180290806022,10.926517571885,24.8562300319489,98.3833718244804,10.2251407129456,1565,98.4293193717278,0.170648464163823,17.2,8.11501597444089,48.6348122866894,86.3481228668942,621,6.28019323671498,65.4804270462633,21.256038647343,1.28,1.565,65.6060334552845,153.002089430894,374,2000
"90",180290807002,10.7577174929841,30.5893358278765,92.3344947735192,9.48275862068965,1069,100,0,22.3,6.51558073654391,52.3917995444191,87.6993166287016,432,6.25,32.8125,16.4351851851852,0,1.069,69.8879878048781,156.008024390244,374,2000
"91",180290807003,7.21841941505912,22.090852520224,95.3172205438066,6.21403912543153,1607,98.0879541108987,0.569259962049336,31.5,22.5343320848939,44.9715370018975,80.6451612903226,556,5.2158273381295,47.8896103896104,18.8848920863309,0,1.607,60.9242897560976,131.20906097561,374,2000
"92",180319692001,5.71263704558569,26.6589728793999,93.0232558139535,10.1980198019802,1733,95.2095808383233,0.748502994011976,21,17.5920514319112,57.185628742515,54.940119760479,693,3.75180375180375,86.8639053254438,15.007215007215,100,1.733,52.252167398374,122.491849593496,100,2000
"93",180319692004,18.8434695912263,18.0458624127617,92.1370967741936,9.09090909090909,1003,95.4054054054054,0.819672131147541,29.6,12.1898597626753,60.1092896174863,69.672131147541,384,3.38541666666667,91.2162162162162,10.15625,100,1.003,55.6097967479675,124.896597560976,100,2000
"94",180319693001,15.3459119496855,13.4591194968553,98.9339019189765,6.8561872909699,795,100,0,35.5,10.062893081761,69.7406340057637,68.8760806916427,385,3.8961038961039,88.9390519187359,7.79220779220779,100,0.795,50.5462993089431,115.578199186992,100,2000
"95",180319694001,12.8339140534262,22.1254355400697,95.6521739130435,6.97887970615243,1722,98.0830670926518,0.646203554119548,30.1,6.84610883557636,51.5347334410339,82.7140549273021,683,8.34553440702782,91.3642052565707,19.9121522693997,0,1.722,70.5688320731707,145.48725203252,100,2000
"96",180319695003,12.5720876585928,24.163783160323,94.920993227991,9.86666666666667,1734,99.7088791848617,0,21.6,10.406976744186,59.0975254730713,76.4192139737991,746,7.9088471849866,66.078184110971,8.31099195710456,0,1.734,57.2630609756098,120.988882113821,100,2000
"97",180330201001,11.199207135778,19.6233894945491,91.5730337078652,1.65562913907285,1009,98.2630272952854,1.2531328320802,27.5,11.4087301587302,59.8997493734336,71.1779448621554,445,8.98876404494382,78.8546255506608,11.9101123595506,0,1.009,57.372777601626,123.844520325203,192,2000
"98",180330201002,13.5678391959799,15.0753768844221,96.0461285008237,15.6748911465893,995,98.2558139534884,1.66204986149584,21.6,10.2020202020202,49.3074792243767,90.0277008310249,344,13.3720930232558,83.4586466165414,12.2093023255814,0,0.995,62.9367632113821,168.482654471545,192,2000
"99",180330202002,6.51408450704225,24.5598591549296,94.7882736156352,4.3343653250774,1136,96.0919540229885,4.1958041958042,20.4,13.0782918149466,51.5151515151515,76.9230769230769,478,9.41422594142259,86.145648312611,22.8033472803347,100,1.136,56.8978398780488,92.2822032520325,192,2000
"100",180330202003,12.6200274348422,24.5541838134431,99.7412677878396,10.5,1458,98.8394584139265,0.391389432485323,13.4,1.10344827586207,56.1643835616438,90.0195694716243,540,3.7037037037037,78.0585106382979,10.1851851851852,39.7363465160075,1.458,74.5216365447154,158.863662601626,192,2000
"101",180330203002,6.57407407407407,27.962962962963,93.3656957928803,5.14820592823713,1080,99.0610328638498,1.17370892018779,18.2,10.046511627907,55.868544600939,76.5258215962441,458,7.4235807860262,73.3695652173913,21.6157205240175,100,1.08,58.2399898373984,85.6691463414634,192,2000
"102",180330203003,6.14124872057318,19.9590583418628,90.5063291139241,4.8780487804878,977,100,2.39520958083832,24.7,10.849539406346,51.497005988024,78.7425149700599,376,9.04255319148936,82.8850855745721,11.1702127659574,61.4130434782609,0.977,51.7276317479675,89.7271585365854,192,2000
"103",180330205001,14.115523465704,24.043321299639,96.8498659517426,9.59681998864282,2770,98.4948259642521,1.19926199261993,21.9,7.44238760861352,60.7011070110701,94.7416974169742,1134,6.4373897707231,83.1196581196581,55.2028218694885,100,2.77,55.5662106910569,55.9103902439024,192,2000
"104",180330206023,7.18954248366013,26.6521423384169,94.7368421052632,3.72208436724566,1377,98.0694980694981,0.566037735849057,23.1,2.77777777777778,50.7547169811321,89.4339622641509,544,8.63970588235294,75,29.9632352941176,82.3223570190641,1.377,59.4483756910569,85.8194430894309,192,2000
"105",180330207003,6.86767169179229,25.4606365159129,91.1076443057722,10.8179419525066,1194,100,0.255102040816327,21.3,3.09882747068677,57.1428571428571,89.5408163265306,419,5.96658711217184,70.5574912891986,24.3436754176611,0,1.194,73.3177595934959,149.69556097561,192,2000
"106",180330208001,9.53815261044177,23.1927710843373,97.9423868312757,5.70469798657718,996,96.1876832844575,2.07100591715976,18.5,5.31154239019408,48.8165680473373,87.5739644970414,362,6.35359116022099,71.8340611353712,8.28729281767956,0,0.996,65.2859013821138,130.457577235772,192,2000
"107",180350005002,25.2155172413793,19.7198275862069,97.2413793103448,7.70404271548436,1856,99.0476190476191,1.26436781609195,25.2,8.18783865141481,78.3908045977011,83.2183908045977,919,8.37867247007617,80.5755395683453,53.645266594124,100,1.856,40.6267139430894,48.8464430894309,402,2000
"108",180350011001,12.51629726206,22.0338983050847,88.1443298969072,5.91836734693878,767,94.3217665615142,7.31707317073171,14.5,10.0391134289439,64.9390243902439,70.7317073170732,341,6.74486803519062,80.0623052959502,10.2639296187683,100,0.767,39.7850521544715,68.6856138211382,402,2000
"109",180350013001,10.1346562721474,23.8837703756201,93.563579277865,4.96760259179266,1411,97.0684039087948,3.66666666666667,33.5,18.2140326009922,64.6666666666667,68.1666666666667,649,7.55007704160247,81.7073170731707,25.8859784283513,100,1.411,39.2965877235772,62.0725569105691,402,2000
"110",180350015003,13.9334155363748,27.3736128236745,87.0523415977961,6.51340996168582,811,94.9253731343284,1.82926829268293,35,17.3859432799014,60.0609756097561,67.9878048780488,372,9.13978494623656,96.2585034013605,11.8279569892473,100,0.811,40.1517762195122,68.6856138211382,402,2000
"111",180350016002,12.9506008010681,22.9639519359146,93.6231884057971,1.05485232067511,749,92.0382165605096,0.314465408805031,24.8,20.2956989247312,63.5220125786163,71.0691823899371,337,8.6053412462908,79.5665634674923,12.1661721068249,100,0.749,35.068740203252,58.4654349593496,402,2000
"112",180350020002,14.018691588785,20.8722741433022,86.2332695984704,7.16145833333333,1284,98.3079526226734,2.3728813559322,23.8,23.7538940809969,67.2881355932203,82.7118644067797,671,11.0283159463487,75.6962025316456,59.0163934426229,97.1385542168675,1.284,36.4559791869919,38.0250772357724,402,2000
"113",180350021001,21.8512898330804,21.8512898330804,91.9831223628692,6.9284064665127,659,98.6754966887417,1.91693290734824,17.6,17.4506828528073,72.2044728434505,73.482428115016,302,13.5761589403974,62.8440366972477,25.1655629139073,74.8587570621469,0.659,46.1846876829268,92.8833902439024,402,2000
"114",180350021002,10.762331838565,18.7219730941704,93.1325301204819,4.39453125,1784,85.6313497822932,11.0304789550073,25.1,31.5168539325843,55.0072568940493,54.8621190130624,780,4.87179487179487,83.0417227456258,2.56410256410256,100,1.784,35.0281600813008,95.889325203252,402,2000
"115",180350022021,15.2190051967335,17.0749814402376,94.7903430749682,24.4984160506864,1347,100,0.743494423791822,17.8,6.79611650485437,57.9925650557621,88.2899628252788,555,4.5045045045045,76.3157894736842,15.8558558558559,0,1.347,74.4555059756098,143.383097560976,402,2000
"116",180350023022,12.1813031161473,17.7053824362606,100,19.8757763975155,706,100,0.72992700729927,0,1.15942028985507,57.2992700729927,91.970802919708,281,4.62633451957295,75.8269720101781,11.3879003558719,22.2996515679443,0.706,77.6057258130081,127.301345528455,402,2000
"117",180350024012,26.1870503597122,14.3165467625899,94.4353518821604,17.329255861366,1390,100,0.719424460431655,28.5,6.38953040800616,67.9856115107914,78.0575539568345,579,5.18134715025907,66.9675090252708,19.8618307426598,100,1.39,59.3446709349594,83.5649918699187,402,2000
"118",180350024014,10.72,32.48,100,12.6106194690265,625,97.0684039087948,1.32450331125828,17.8,8.96,69.205298013245,53.9735099337748,339,9.43952802359882,75.3280839895013,4.71976401179941,100,0.625,54.5817669918699,103.704756097561,402,2000
"119",180350025012,8.57908847184987,24.1286863270777,96.5753424657534,7.7247191011236,1119,97.4226804123711,0.257731958762887,31,10.5451295799821,51.8041237113402,80.4123711340206,412,5.8252427184466,61.0169491525424,12.378640776699,0,1.119,52.7917327235772,90.0277520325203,402,2000
"120",180350025022,26.049943246311,15.2099886492622,97.5247524752475,21.7948717948718,1762,98.8467874794069,0.983606557377049,16.8,5.47588005215124,60.1639344262295,83.1147540983606,671,8.94187779433681,78.2726045883941,19.5230998509687,35.5223880597015,1.762,80.3892215853659,153.302682926829,402,2000
"121",180350026022,9.69289827255278,24.5681381957774,94.2268041237113,7.085346215781,1042,98.989898989899,0.755667506297229,34,9.57446808510638,55.1637279596977,88.4130982367758,431,6.96055684454756,71.1670480549199,24.1299303944316,0,1.042,50.7251524390244,77.2525284552846,402,2000
"122",180350026031,9.1997479521109,19.0296156269691,91.7822838847385,17.3308619091752,1587,98.8906497622821,1.09034267912773,19.8,5.79710144927536,59.6573208722741,93.3021806853583,658,4.10334346504559,74.1379310344828,20.3647416413374,36.6218236173393,1.587,67.0849534552846,124.145113821138,402,2000
"123",180350026032,8.23970037453183,20.2247191011236,98.2638888888889,37.5757575757576,1869,95.6989247311828,2.31839258114374,20.5,2.46120920278224,48.3771251931994,93.5085007727975,670,2.98507462686567,84.8964677222899,17.1641791044776,55.1724137931034,1.869,91.1895458943089,163.37256504065,402,2000
"124",180350027002,17.2680412371134,21.5850515463918,94.5355191256831,14.1544117647059,1552,100,1.08499095840868,43,5.78231292517007,56.9620253164557,87.1609403254973,577,6.41247833622184,78.0923994038748,13.3448873483536,0,1.552,58.7765492276423,147.441109756098,402,2000
"125",180379533011,7.83686525389844,24.4302279088365,95.7081545064378,14.591439688716,2501,94.9494949494949,3.45454545454545,20,8.82825040128411,64.7272727272727,52.2727272727273,1089,5.60146923783287,88.4266263237519,7.80532598714417,90.7838070628768,2.501,56.8422300813008,128.20312601626,250,2000
"126",180390002012,4.45609436435125,28.0471821756225,95.7033957033957,9.11835748792271,3052,85.3095487932844,19.979079497908,22.2,11.3756613756614,45.5020920502092,65.7949790794979,1008,6.54761904761905,83.3714721586575,24.0079365079365,100,3.052,55.5662106910569,110.167516260163,1296,2000
"127",180390003012,14.7901028634974,24.6316374756742,98.3,21.2947882736156,3597,95.1219512195122,5.25914634146341,17.5,3.10434032768037,57.8506097560976,91.1585365853659,1364,3.81231671554252,84.6477392218717,7.69794721407625,76.8328445747801,3.597,80.841614796748,163.071971544715,1296,2000
"128",180390005011,7.85907859078591,25.5103884372177,96.4543663821405,17.8002450980392,5535,90.8865775136206,9.75730559683011,18.8,6.80983847283407,52.8974739970282,80.5349182763744,2154,6.26740947075209,83.2741477272727,40.5292479108635,98.0965645311049,5.535,72.0176927235772,126.098971544715,1296,2000
"129",180390005013,7.85907859078591,25.5103884372177,96.4543663821405,17.8002450980392,5535,90.8865775136206,9.75730559683011,18.8,6.80983847283407,52.8974739970282,80.5349182763744,2154,6.26740947075209,83.2741477272727,40.5292479108635,98.0965645311049,5.535,72.0176927235772,126.098971544715,1296,2000
"130",180390006022,6.52173913043478,23.871237458194,97.8211870773854,10.2240896358543,2392,98.4829329962073,3.375,25,1.79765886287625,44.625,94,862,8.12064965197216,85.4618473895582,36.7749419953596,63.9080459770115,2.392,68.0784149593496,155.256540650406,1296,2000
"131",180390007021,8.74811463046757,24.132730015083,97.4285714285714,16.4785553047404,663,98.2456140350877,4.32900432900433,26.8,3.44827586206897,52.8138528138528,70.5627705627706,253,7.11462450592885,68.2389937106918,23.3201581027668,0.803212851405622,0.663,79.5325301219512,281.806402439024,1296,2000
"132",180390007023,9.20065252854812,25.4486133768352,96.229913473424,11.088504577823,3065,96.4041095890411,4.12017167381974,18.2,11.6955243384515,56.2231759656652,90.3862660944206,1274,9.10518053375196,82.3878627968338,45.9968602825746,84.8555815768931,3.065,64.2308182113821,109.11543902439,1296,2000
"133",180390008011,8.09833694866233,25.9580621836587,95.8041958041958,2.93772032902468,1383,94.234592445328,1.18343195266272,31.7,10.1090909090909,46.1538461538462,82.6429980276134,530,3.77358490566038,79.5620437956204,23.7735849056604,0,1.383,71.6524716260163,142.030426829268,1296,2000
"134",180390008032,8.04785209352909,19.7389885807504,94.8400412796698,11.1111111111111,1839,95.4330708661417,1.40845070422535,16.1,1.30505709624796,48.2003129890454,92.9577464788732,687,5.96797671033479,70.4957678355502,25.9097525473071,14.2647058823529,1.839,81.590092601626,185.015296747967,1296,2000
"135",180390009013,12.004662004662,25.2913752913753,96.0698689956332,8.57142857142857,858,100,1.04166666666667,12.2,0.582750582750583,46.875,88.1944444444444,297,3.03030303030303,73.1764705882353,14.1414141414141,11.1111111111111,0.858,75.5661989430894,150.89793495935,1296,2000
"136",180390012001,8.53658536585366,24.3372216330859,96.551724137931,5.30888030888031,1886,92.2442244224422,8.31973898858075,14.9,7.38916256157635,46.4926590538336,77.1615008156607,649,6.93374422187981,85.4233654876742,47.3035439137134,100,1.886,70.2396821951219,43.5860569105691,1296,2000
"137",180390013013,11.3513513513514,24.2162162162162,98.4934086629002,14.1176470588235,925,98.0281690140845,1.96629213483146,17.2,3.80021715526602,55.8988764044944,83.7078651685393,370,3.51351351351351,82.3647294589178,17.027027027027,0,0.925,71.7666971544715,146.839922764228,1296,2000
"138",180390014012,14.8148148148148,19.5402298850575,97.2017673048601,13.841918993315,3915,98.2853223593964,1.71467764060357,43.8,4.71014492753623,55.281207133059,85.59670781893,1511,3.50761085373925,85.2064819654992,9.72865651886168,65.9827928524156,3.915,72.2281081707317,159.765443089431,1296,2000
"139",180390015012,8.46867749419954,24.7596950613192,96.1560693641619,12.1752820781947,6034,94.4572748267898,4.67246907924874,14.6,5.38153948683772,52.4049473202016,90.0137425561154,2307,6.37191157347204,75,37.2345036844387,100,6.034,73.6829806910569,127.301345528455,1296,2000
"140",180390015013,8.46867749419954,24.7596950613192,96.1560693641619,12.1752820781947,6034,94.4572748267898,4.67246907924874,14.6,5.38153948683772,52.4049473202016,90.0137425561154,2307,6.37191157347204,75,37.2345036844387,100,6.034,73.6829806910569,127.301345528455,1296,2000
"141",180390015021,8.46867749419954,24.7596950613192,96.1560693641619,12.1752820781947,6034,94.4572748267898,4.67246907924874,14.6,5.38153948683772,52.4049473202016,90.0137425561154,2307,6.37191157347204,75,37.2345036844387,100,6.034,73.6829806910569,127.301345528455,1296,2000
"142",180390015023,9.9403578528827,17.6275679257787,94.3271767810026,10.6318956870612,1509,92.9078014184397,1.60714285714286,24.8,4.24121935056329,56.4285714285714,88.9285714285714,575,2.43478260869565,79.3493635077793,32.695652173913,53.4843205574913,1.509,69.8639403252032,129.555796747967,1296,2000
"143",180390016011,11.1904761904762,27.9365079365079,97.0588235294118,8.55614973262032,1260,92.3076923076923,6.81318681318681,39,10.7085346215781,62.1978021978022,64.1758241758242,488,3.89344262295082,82.4662813102119,36.6803278688525,100,1.26,48.6871285365854,110.017219512195,1296,2000
"144",180390017025,11.8012422360248,27.5722387253578,95.3463775780011,3.50654837346853,3703,92.7631578947368,5.73108008817046,22.9,9.67654253873335,57.2373254959589,84.4232182218957,1519,8.88742593811718,81.8543799772469,50.493745885451,94.9866310160428,3.703,54.9034020325203,73.7957032520325,1296,2000
"145",180390019021,6.63514835343984,21.9432670361917,97.198094704399,18.9389774601429,6134,90.6276505513147,8.26972010178117,21.3,5.2994257588187,56.9126378286684,65.4368108566582,2468,4.45705024311183,87.903699354081,9.76499189627229,95.8265802269044,6.134,73.2396052845529,170.286215447154,1296,2000
"146",180390020012,14.0919366993218,16.2019593067069,100,12.7741935483871,1327,90.3640256959315,4.8780487804878,24.6,14.0612725844462,52.3281596452328,78.7139689578714,509,8.05500982318271,86.1464968152866,20.0392927308448,92.0731707317073,1.327,54.3713515447154,142.932207317073,1296,2000
"147",180390021012,9.22570016474465,18.8467874794069,98.9228007181328,21.3627049180328,3035,96.8690702087287,5.40788267644363,17.3,4.07284768211921,50.4124656278643,91.5673693858845,1109,4.50856627592426,88.7577639751553,14.7880973850316,85.1007887817704,3.035,87.6891346341463,162.170191056911,1296,2000
"148",180419542001,10.2024291497976,20.9716599190283,89.0432098765432,2.87081339712919,1235,96.8944099378882,0.641025641025641,16.3,4.77732793522267,53.6324786324786,90.3846153846154,500,3.4,71.505376344086,36,54.2268041237113,1.235,69.8639403252032,125.497784552846,88,2000
"149",180419544003,14.4815766923736,19.0231362467866,92.910447761194,5.98179453836151,1167,96.2703962703963,1.36674259681093,12.5,3.94173093401885,55.125284738041,82.004555808656,456,5.70175438596491,80.327868852459,15.7894736842105,100,1.167,58.726951300813,104.005349593496,88,2000
"150",180419544004,11.2206216830933,20.6974981046247,82.0205479452055,4.35374149659864,1319,88.9733840304182,9.79667282809612,21,10.9756097560976,60.2587800369686,44.916820702403,618,14.4012944983819,65.9192825112108,2.9126213592233,100,1.319,48.3775172357724,82.5129146341463,88,2000
"151",180419545003,13.768115942029,16.0628019323671,93.3497536945813,21.7228464419476,828,96.4856230031949,1.26182965299685,30.4,4.22705314009662,58.6750788643533,82.018927444795,333,5.70570570570571,68.6111111111111,3.003003003003,99.1071428571429,0.828,72.1965458536585,157.961882113821,88,2000
"152",180419546003,21.3768115942029,20.7729468599034,83.7606837606838,3.4965034965035,828,100,2.57234726688103,18.3,4.15140415140415,56.2700964630225,83.2797427652733,325,4.30769230769231,80.5054151624549,24.9230769230769,0,0.828,58.2399898373984,135.267073170732,88,2000
"153",180430706002,11.98738170347,15.615141955836,97.5195822454308,29.5871559633028,1268,96.6990291262136,1.34874759152216,31.3,2.05047318611987,63.1984585741811,90.7514450867052,536,3.35820895522388,88.1019830028329,1.11940298507463,100,1.268,92.7796854878049,180.506394308943,425,2000
"154",180430711013,6.48414985590778,16.5706051873199,100,13.8364779874214,694,100,0.4,20,5.90778097982709,52,91.2,258,4.65116279069767,65.6509695290859,10.077519379845,29.7709923664122,0.694,86.6896612601626,209.663963414634,425,2000
"155",180430711041,8.03424432005268,18.9990121830754,95.8586416344561,23.8738738738739,3037,98.8394584139265,0.869565217391304,21.3,2.3801652892562,46.6666666666667,92.7536231884058,1050,2.38095238095238,70.5319784817693,8.76190476190476,38.1132075471698,3.037,89.8789582520325,199.894674796748,425,2000
"156",180459576002,15.1624548736462,20.7220216606498,93.7299035369775,9.58579881656805,1385,100,0.176056338028169,21.4,11.6448326055313,65.3169014084507,73.0633802816901,598,5.18394648829431,62.3445825932504,16.3879598662207,74.9582637729549,1.385,50.1179535772358,84.7673658536585,8,2000
"157",180459578001,10.6965174129353,20.2321724709784,98.8391376451078,15.6209987195903,1206,98.9059080962801,0.451467268623025,23.1,9.61538461538461,56.4334085778781,82.6185101580135,479,8.35073068893528,56.25,16.2839248434238,29.6066252587992,1.206,75.739040203252,125.347487804878,8,2000
"158",180459578004,24.1758241758242,15.2930402930403,92.5601750547046,10.6020942408377,1092,98.7012987012987,0.26525198938992,27.1,6.14300100704935,61.2732095490716,77.1883289124668,385,3.11688311688312,76.2755102040816,11.6883116883117,55.7840616966581,1.092,57.0917226829268,118.884727642276,8,2000
"159",180459579003,11.6239316239316,21.6239316239316,91.6530278232406,7.00876095118899,1170,99.1169977924945,1.31868131868132,22.3,9.31623931623932,60.2197802197802,82.8571428571429,497,8.24949698189135,58.0827067669173,16.0965794768612,0,1.17,59.3672154471545,101.450304878049,8,2000
"160",180459580001,17.5268817204301,16.4516129032258,95.5056179775281,5.71428571428571,930,100,0.837988826815642,23.1,17.8378378378378,58.9385474860335,72.6256983240224,392,9.69387755102041,61.0942249240122,21.9387755102041,0,0.93,41.8801888211382,67.7838333333333,8,2000
"161",180479601003,7.87269681742044,19.821328866555,98.4205330700889,29.2618629173989,1791,98.9795918367347,0.168634064080944,21.5,0.614182021217197,45.531197301855,88.8701517706577,622,5.46623794212219,78.0821917808219,3.05466237942122,71.6108452950558,1.791,82.9322425609756,192.379837398374,88,2000
"162",180479696002,9.92063492063492,22.9024943310658,97.2318339100346,2.74361400189215,1764,100,0.170648464163823,22.8,8.22928490351873,48.122866894198,84.3003412969283,637,4.23861852433281,44.7570332480818,26.2166405023548,0,1.764,66.3996002845528,147.741703252033,88,2000
"163",180479696004,8.58208955223881,21.9216417910448,95.6521739130435,11.9081779053085,1072,100,0,20.8,4.47761194029851,57.3493975903614,82.1686746987952,457,9.40919037199125,35.045871559633,10.9409190371991,0,1.072,69.8879878048781,160.516926829268,88,2000
"164",180479697001,13.4704711347047,20.1061712010617,92.3694779116466,8.82040382571732,1507,98.7847222222222,0.350877192982456,14.8,3.05180979418027,63.859649122807,68.9473684210526,621,7.085346215781,51.4074074074074,18.3574879227053,71.0097719869707,1.507,62.9367632113821,131.20906097561,88,2000
"165",180499530001,9.75945017182131,21.4432989690722,99.2682926829268,12.591815320042,1455,95.1957295373665,0.709219858156028,23.2,6.27177700348432,54.9645390070922,80.8510638297872,613,8.15660685154976,70.3557312252964,22.8384991843393,0,1.455,73.0983263414634,113.32374796748,32,2000
"166",180499531001,13.0890052356021,26.7015706806283,93.5593220338983,2.53164556962025,573,100,2.51798561151079,14.6,16.9459962756052,72.3021582733813,35.6115107913669,316,16.1392405063291,85.15625,6.9620253164557,100,0.573,65.128089796748,99.947337398374,32,2000
"167",180499531003,26.5139116202946,16.366612111293,97.2067039106145,8.44553243574051,1222,96.8553459119497,2.76595744680851,26.7,13.6482939632546,62.5531914893617,78.7234042553192,512,7.2265625,81.3807531380753,20.8984375,100,1.222,54.7170340650407,102.802975609756,32,2000
"168",180510502012,14.2255005268704,18.7565858798736,96.1945031712474,15.807560137457,949,98.9528795811518,0.26246719160105,20.6,2.00210748155954,65.3543307086614,77.9527559055118,405,6.41975308641975,66.5127020785219,6.66666666666667,100,0.949,73.9745563821138,141.429239837398,179,2000
"169",180510503001,13.1378935939197,17.9153094462541,95.8241758241758,17.7235772357724,921,100,0.992555831265509,34.6,13.2675438596491,63.7717121588089,70.4714640198511,436,5.5045871559633,60.9223300970874,20.4128440366972,27.6346604215457,0.921,48.2933510569106,115.878792682927,179,2000
"170",180510504013,10.7197549770291,22.9709035222052,97.5975975975976,7.39856801909308,653,95.8646616541353,3.77358490566038,12.6,9.8613251155624,61.5094339622641,85.6603773584906,292,10.2739726027397,68.7285223367698,50.6849315068493,1.01694915254237,0.653,52.6038617886179,59.9684024390244,179,2000
"171",180510505012,25.609756097561,29.0806754221388,98.5626283367556,4.48369565217391,1066,94.9473684210526,6.18336886993603,23.1,8.63039399624765,70.7889125799574,68.0170575692964,526,9.1254752851711,76.0683760683761,3.42205323193916,100,1.066,50.8589165447154,66.1305691056911,179,2000
"172",180510505021,30.261780104712,16.9633507853403,88.1720430107527,4.55192034139403,955,88.1773399014778,3.1331592689295,34.9,19.390243902439,73.1070496083551,63.7075718015666,438,6.62100456621005,75.3894080996885,8.9041095890411,100,0.955,31.2902799593496,91.0798292682927,179,2000
"173",180530007003,16.7414050822123,17.0403587443946,88.2352941176471,7.8740157480315,669,94.1780821917808,4.90196078431373,33.2,20.0906344410876,67.9738562091503,83.3333333333333,307,5.21172638436482,81.1158798283262,29.6416938110749,100,0.669,41.6727793089431,48.5458495934959,237,2000
"174",180530007004,14.5708582834331,20.6087824351297,92.0673076923077,3.73352855051245,2004,79.3370165745856,17.1364148816234,25.9,21.8063872255489,67.5310033821872,62.6832018038331,994,9.85915492957746,75.2777777777778,33.0985915492958,100,2.004,38.6758621544715,59.6678089430894,237,2000
"175",180530008001,16.7748917748918,20.6709956709957,94.2396313364055,18,924,93.9086294416244,8.54922279792746,35.8,17.6728869374314,59.8445595854922,62.9533678756477,443,10.8352144469526,85.286783042394,19.4130925507901,94.9308755760369,0.924,50.4906895121951,112.421967479675,237,2000
"176",180530008002,16.4212548015365,10.5633802816901,82.1867321867322,21.6150081566069,3124,97.3815461346633,6.69144981412639,26,7.91195716835217,75.7125154894672,66.542750929368,860,6.74418604651163,92.059748427673,1.04651162790698,100,3.124,49.8053363414634,109.265735772358,237,2000
"177",180530009001,18.4069936862555,16.9499757163672,93.3168316831683,11.7606602475928,2059,92.6694329183956,5.92991913746631,14.3,15.281650864473,62.3989218328841,81.8059299191375,766,5.74412532637076,89.8921832884097,8.22454308093995,84.2239185750636,2.059,47.7447679268293,77.402825203252,237,2000
"178",180530102001,17.1860245514636,17.0915958451369,95.446584938704,19.5302843016069,1059,98.6143187066975,4.28893905191874,23.4,6.8932955618508,62.979683972912,85.5530474040632,471,5.52016985138004,90.2534113060429,13.1634819532909,21.5351812366738,1.059,72.1138826422764,141.579536585366,237,2000
"179",180530102003,9.34065934065934,27.1978021978022,98.0662983425414,11.1587982832618,728,98.2394366197183,1.40350877192982,20.6,7.05394190871369,56.8421052631579,87.719298245614,294,2.38095238095238,72.5663716814159,15.3061224489796,0,0.728,61.0580538617886,101.149711382114,237,2000
"180",180530103001,14.1831238779174,22.1723518850987,96.1538461538462,8.46047156726768,1114,97.085201793722,0.218818380743982,23.5,10.5026929982047,57.9868708971554,78.9934354485777,489,8.99795501022495,77.0992366412214,23.9263803680982,94.4111776447106,1.114,49.7407087398374,81.460837398374,237,2000
"181",180530103003,11.9774919614148,20.8199356913183,93.8435940099834,8.09968847352025,2488,97.2972972972973,0.313152400835073,18.3,8.3063209076175,59.2901878914405,80.062630480167,1021,6.07247796278159,69.5852534562212,14.2997061704212,50.4901960784314,2.488,63.3515822357724,94.2360609756098,237,2000
"182",180530104001,12.9385964912281,19.8099415204678,95.2380952380952,6.94597574421169,1368,95.985401459854,1.09489051094891,20.2,5.48245614035088,60.2189781021898,76.4598540145985,580,5.51724137931035,80.7754442649435,8.10344827586207,86.0344827586207,1.368,54.1308767479675,84.917662601626,237,2000
"183",180530104002,12.2509960159363,22.4103585657371,95.3488372093023,11.094674556213,1004,99.5024875621891,1.0126582278481,17,4.7808764940239,62.7848101265823,89.873417721519,423,4.9645390070922,78.5867237687366,18.4397163120567,100,1.004,71.3909552845528,94.6869512195122,237,2000
"184",180530104003,17.5979983319433,18.1818181818182,92.0398009950249,13.8134592680047,1199,100,0.775193798449612,18.8,11.092577147623,65.6976744186046,91.6666666666667,582,12.5429553264605,82.6815642458101,48.2817869415808,74.7028862478778,1.199,53.7776793902439,108.814845528455,237,2000
"185",180530106001,15.0540958268934,17.5888717156105,96.2406015037594,15.9856308935788,3235,96.8702290076336,2.90076335877863,21.8,8.05284680717207,63.969465648855,81.9083969465649,1436,8.77437325905293,86.8556701030928,29.2479108635097,47.4930362116992,3.235,68.0423437398374,127.902532520325,237,2000
"186",180530106003,15.0540958268934,17.5888717156105,96.2406015037594,15.9856308935788,3235,96.8702290076336,2.90076335877863,21.8,8.05284680717207,63.969465648855,81.9083969465649,1436,8.77437325905293,86.8556701030928,29.2479108635097,47.4930362116992,3.235,68.0423437398374,127.902532520325,237,2000
"187",180530107001,10.2651839178785,18.6484174508127,92.8571428571429,21.726618705036,1169,96.6507177033493,0.717703349282297,19.2,11.4824335904027,51.4354066985646,76.3157894736842,437,4.34782608695652,78.7658802177858,2.2883295194508,100,1.169,52.4791154878049,99.646743902439,237,2000
"188",180530107004,17.6178660049628,21.9602977667494,98.2367758186398,8.64197530864197,806,99.390243902439,0,20,3.99002493765586,64.4376899696049,87.2340425531915,347,5.18731988472623,59.5628415300546,16.1383285302594,0,0.806,52.3874344715447,101.149711382114,237,2000
"189",180530108002,12.751677852349,20.0223713646532,97.1794871794872,7.86516853932584,894,98.5714285714286,0.568181818181818,24.2,8.74439461883408,59.6590909090909,74.4318181818182,379,5.80474934036939,75.7575757575758,7.38786279683377,0,0.894,57.0661722357724,85.6691463414634,237,2000
"190",180530108004,8.94175553732568,19.2780968006563,97.1387696709585,14.8148148148148,1219,98.2978723404255,1.25523012552301,18.3,3.77358490566038,57.3221757322176,89.1213389121339,496,3.83064516129032,78.2012195121951,10.4838709677419,1.60965794768612,1.219,70.3268543089431,145.938142276423,237,2000
"191",180559548004,13.0167106420405,21.8997361477573,98.3766233766234,14.4516129032258,1137,99.1011235955056,0.224215246636771,NA,8.31122900088417,58.2959641255605,88.5650224215247,521,13.0518234165067,47.9094076655052,22.6487523992322,0,1.137,70.317836504065,126.39956504065,NA,2000
"192",180559549003,29.2035398230088,13.7508509189925,95.7359009628611,14.6048109965636,1469,97.5535168195719,0.148809523809524,25.4,7.01754385964912,67.4107142857143,75.2976190476191,723,8.85200553250346,68.9763779527559,21.1618257261411,47.9619565217391,1.469,50.3494105691057,145.787845528455,NA,2000
"193",180559551001,24.7363374880153,19.3672099712368,96.8325791855204,3.13778990450205,1043,100,0.817438692098093,25.4,13.4463276836158,61.5803814713896,65.6675749318801,412,10.9223300970874,70.5607476635514,30.8252427184466,100,1.043,39.1838651626016,72.8939227642276,NA,2000
"194",180559553004,19.7089947089947,19.047619047619,92.0529801324503,4.91803278688525,756,97.5265017667845,0.348432055749129,29,20.3703703703704,62.0209059233449,72.4738675958188,322,12.7329192546584,60.5166051660517,19.8757763975155,0,0.756,38.7600283333333,56.8121707317073,NA,2000
"195",180559554003,17.6844783715013,18.0661577608142,83.3333333333333,10.1933216168717,786,96.4769647696477,1.11731843575419,17.6,18.8920454545455,77.3743016759776,54.7486033519553,406,14.2857142857143,59.5454545454545,13.3004926108374,100,0.786,40.2434572357724,83.8655853658536,NA,2000
"196",180571101022,11.6387337057728,25.1396648044693,96.6101694915254,7.85907859078591,1074,98.019801980198,0.488997555012225,17.5,4.00372439478585,57.2127139364303,80.1955990220049,404,6.68316831683168,64.8556876061121,18.5643564356436,0,1.074,70.2006050406504,169.534731707317,4282,2000
"197",180571101024,8.26494724501759,21.5709261430246,93.957345971564,13.640730067243,1706,100,0.324675324675325,17.9,0.527549824150059,52.2727272727273,82.4675324675325,689,7.25689404934688,56.8281938325991,25.544267053701,5.40540540540541,1.706,71.9695977642276,174.193930894309,4282,2000
"198",180571102011,7.28100113765643,23.6632536973834,94.9685534591195,7.76892430278884,879,98.993288590604,1.68918918918919,30.1,5.93607305936073,46.2837837837838,81.7567567567568,325,7.38461538461539,53.7209302325581,15.0769230769231,0,0.879,69.6835842276423,126.249268292683,4282,2000
"199",180571102021,7.25760183591509,24.2685025817556,95.3216374269006,31.7719840919134,3486,100,0.501073729420186,18.1,4.79059093516925,57.2655690765927,87.1152469577666,1462,6.15595075239398,57.2085889570552,11.2859097127223,79.55615332885,3.486,88.0348171544715,177.801052845528,4282,2000
"200",180571103021,7.383100902379,29.1222313371616,95.8123953098827,14.2655367231638,1219,93.75,1.24069478908189,17.5,2.49791840133222,45.409429280397,81.1414392059553,433,6.9284064665127,87.8612716763006,4.84988452655889,17.5519630484988,1.219,82.2363686178862,202.900609756098,4282,2000
"201",180571103035,9.30962343096234,23.5878661087866,96.4664310954064,16.3498098859316,1912,97.0326409495549,0.594353640416048,31.3,5.53191489361702,49.3313521545319,89.3016344725112,700,3.42857142857143,55.2788844621514,9.14285714285714,28.9813486370158,1.912,89.909017601626,182.009361788618,4282,2000
"202",180571104012,4.22308188265635,31.9471308833011,99.1408934707904,25.974025974026,3102,93.9368061485909,3.86513157894737,29,6.96761530912659,52.6315789473684,69.7368421052632,1239,5.48829701372074,77.2699573430835,14.4471347861178,77.8816199376947,3.102,58.597696097561,229.954024390244,4282,2000
"203",180571105051,5.69122956041622,26.1839031641537,98.9010989010989,31.2644437107956,4709,97.8421701602959,1.69491525423729,32.3,0.681285927187567,47.0182046453233,93.3458882611425,1682,3.5077288941736,51.8729641693811,7.07491082045184,71.6707021791768,4.709,106.372523373984,207.559808943089,4282,2000
"204",180571105092,13.2292522596549,24.1577649958915,97.9899497487437,21.9330855018587,1217,100,2.06766917293233,30.1,20.2136400986031,70.6766917293233,47.1804511278196,572,9.96503496503496,62.2222222222222,7.34265734265734,100,1.217,56.7370223577236,165.326422764228,4282,2000
"205",180571105171,9.01611244429208,24.7514569763456,97.4293059125964,30.9360126916975,2917,94.4741532976827,1.34048257372654,14.8,4.04525197120329,58.4450402144772,91.4209115281501,1176,4.67687074829932,56.9285714285714,35.2040816326531,53.6626916524702,2.917,96.8662540650406,214.924349593496,4282,2000
"206",180571105172,9.01611244429208,24.7514569763456,97.4293059125964,30.9360126916975,2917,94.4741532976827,1.34048257372654,14.8,4.04525197120329,58.4450402144772,91.4209115281501,1176,4.67687074829932,56.9285714285714,35.2040816326531,53.6626916524702,2.917,96.8662540650406,214.924349593496,4282,2000
"207",180571106001,11.8067369853692,27.0500170125893,95.1677852348993,17.3549655850541,2939,98.9547038327526,0.949913644214162,24.4,3.51974970668752,67.2711571675302,60.9671848013817,1257,9.86475735879077,56.693489392831,1.27287191726333,100,2.939,63.2734279268293,150.89793495935,4282,2000
"208",180571107001,10.2846054333765,21.0219922380336,93.8372093023256,14.6853146853147,1546,97.4203338391502,2.68562401263823,25.8,12.9458388375165,63.9810426540284,57.6619273301738,738,9.89159891598916,70.3947368421053,7.18157181571816,100,1.546,53.2110606504065,136.770040650407,4282,2000
"209",180571107002,11.8272841051314,31.4142678347935,94.2992874109264,15.6374501992032,1598,95.4041204437401,4.2654028436019,23.8,9.0738423028786,63.349131121643,69.9842022116904,694,9.51008645533141,70.01287001287,7.49279538904899,100,1.598,56.1102849186992,127.752235772358,4282,2000
"210",180594105001,8.93125940792775,28.2990466633216,91.1845730027548,12.6146788990826,1993,97.6531942633638,1.53846153846154,27.6,3.03967027305513,57.8205128205128,71.6666666666667,845,7.92899408284024,66.4130434782609,11.2426035502959,100,1.993,58.9914735772358,137.220930894309,699,2000
"211",180594106002,7.33870967741935,22.5806451612903,96.7930029154519,11.5438108484006,1240,100,0.746268656716418,22.9,5.50918196994992,61.0074626865672,60.0746268656716,571,8.75656742556918,60.7198748043818,9.10683012259194,100,1.24,60.6056606504065,126.850455284553,699,2000
"212",180594106003,17.8286322511974,13.8903672166046,99.3761140819964,22.6971260132646,1879,99.2307692307692,0.263504611330698,32.9,3.15508021390374,64.4268774703557,79.3148880105402,832,6.25,64.1438032166509,3.36538461538462,100,1.879,77.0270833333333,196.287552845528,699,2000
"213",180594108012,13.3988764044944,13.3707865168539,97.4049217002237,20.7359141433499,3560,100,0.931899641577061,22.5,1.08976197304273,60.573476702509,76.7741935483871,1366,2.48901903367496,52.8873917228104,1.3909224011713,72.778166550035,3.56,86.2568066260163,216.277020325203,699,2000
"214",180594110002,13.2645541635962,15.6963890935888,94.5454545454545,29.6703296703297,1357,100,0.386100386100386,0,0,53.0888030888031,78.1853281853282,563,11.190053285968,57.396449704142,14.9200710479574,59.8967297762478,1.357,92.0567581300813,178.101646341463,699,2000
"215",180594110003,8.72004079551249,24.6302906680265,96.3293650793651,13.7269372693727,1961,98.7854251012146,0,22,5.5186509964231,54.2234332425068,86.9209809264305,780,3.97435897435897,53.6748329621381,4.74358974358974,67.0588235294118,1.961,73.2696646341463,189.073308943089,699,2000
"216",180632101092,9.19364691508858,29.8106291997556,99.0678404971517,19.8917456021651,3274,98.5330073349633,0.749375520399667,27.6,5.16764072593048,51.1240632805995,90.3413821815154,1312,4.26829268292683,67.4057649667406,17.3780487804878,93.3969769291965,3.274,76.7580521544715,170.887402439024,1901,2000
"217",180632105024,8.76089060987415,17.5701839303001,98.6807387862797,12.0780195048762,2066,98.1767180925666,1.30813953488372,15.4,5.6640625,53.1976744186046,69.4767441860465,771,8.94941634241245,61.0909090909091,4.53955901426719,39.8943196829591,2.066,68.270794796748,198.692300813008,1901,2000
"218",180632106071,8.43653250773994,23.1578947368421,97.4553329723877,19.229807451863,6460,96.2114537444934,1.9538188277087,24.6,6.70829330771694,53.4191829484902,76.9094138543517,2463,7.3487616727568,63.0529054640069,16.6869671132765,80.6411837237978,6.46,74.6929748373984,199.143191056911,1901,2000
"219",180632106072,8.43653250773994,23.1578947368421,97.4553329723877,19.229807451863,6460,96.2114537444934,1.9538188277087,24.6,6.70829330771694,53.4191829484902,76.9094138543517,2463,7.3487616727568,63.0529054640069,16.6869671132765,80.6411837237978,6.46,74.6929748373984,199.143191056911,1901,2000
"220",180632106143,11.353711790393,12.7510917030568,96.9742813918306,10.5670103092784,1145,100,0.97323600973236,0,4.97816593886463,52.7980535279805,92.2141119221411,413,4.11622276029056,60.347551342812,29.0556900726392,74.5327102803738,1.145,75.1483739837398,170.737105691057,1901,2000
"221",180632106171,3.9957264957265,28.0769230769231,96.4220518437386,22.316986496091,4680,95.2171522814733,2.47388675096207,23,7.16899892357374,57.064321055525,76.9653655854865,2261,19.5488721804511,63.2387706855792,31.6231755860239,86.1123396727112,4.68,71.6043766666667,143.232800813008,1901,2000
"222",180632108021,17.6395939086294,25.761421319797,97.3621103117506,8.05604203152364,788,100,1.12994350282486,27.4,2.41116751269036,67.2316384180791,75.4237288135593,386,6.21761658031088,72.1784776902887,34.1968911917098,100,0.788,55.7345430487805,131.058764227642,1901,2000
"223",180632109002,10.3064066852368,25.0696378830084,97.6190476190476,17.6954732510288,718,100,1.36518771331058,23.9,4.31754874651811,61.4334470989761,61.4334470989761,318,7.23270440251572,57.3529411764706,2.51572327044025,100,0.718,65.7548272357724,149.996154471545,1901,2000
"224",180659755002,12.9543336439888,21.4352283317801,92.5572519083969,3.16205533596838,1073,100,0.697674418604651,14.5,3.40586565752129,60.9302325581395,88.1395348837209,452,4.64601769911504,65.1006711409396,17.2566371681416,8.42572062084257,1.073,65.3640556910569,122.491849593496,209,2000
"225",180659755004,16.9064748201439,20.1438848920863,96.7687074829932,17.8841309823678,1112,98.6813186813187,0.87527352297593,12.5,2.87769784172662,60.6126914660831,94.5295404814004,471,3.39702760084926,66.7296786389414,31.6348195329087,27.6955602536998,1.112,65.44221,133.764105691057,209,2000
"226",180659758002,16.8250950570342,22.7186311787072,91.7372881355932,6.66666666666667,1052,98.8262910798122,0.238095238095238,22.2,4.29141716566866,63.5714285714286,78.8095238095238,445,3.37078651685393,69.4789081885856,31.685393258427,82.5287356321839,1.052,54.0136452845529,110.919,209,2000
"227",180659759003,10.4693140794224,20.6678700361011,96.6129032258065,14.866581956798,1108,98.2532751091703,0.894854586129754,23.6,1.53429602888087,63.3109619686801,90.3803131991051,485,4.12371134020619,80.6228373702422,15.0515463917526,57.8158458244111,1.108,78.7344543902439,145.48725203252,209,2000
"228",180659761001,14.7427583225249,22.9139645482058,94.0661478599222,3.28299409061064,2313,97.2617743702081,3.27153762268266,25,12.7510917030568,57.9062159214831,71.6466739367503,997,8.72617853560682,67.7072120559742,12.8385155466399,100,2.313,43.5514886585366,86.8715203252032,209,2000
"229",180659768004,17.5496688741722,20.5298013245033,99.3975903614458,7.67543859649123,604,100,1.13636363636364,15.7,2.48344370860927,60.6060606060606,78.4090909090909,276,4.34782608695652,71.5625,5.43478260869565,0,0.604,62.9367632113821,138.573601626016,209,2000
"230",180670003001,17.6508344030809,17.2657252888318,95.3083109919571,3.02171860245515,1558,98.3783783783784,2.54691689008043,29,9.62772785622593,71.9839142091153,86.3270777479893,804,7.08955223880597,89.2053973013493,38.5572139303483,100,1.558,45.6676668699187,70.7897682926829,408,2000
"231",180670004001,7.61758691206544,22.80163599182,89.8815931108719,3.4923339011925,1956,94.2046855733662,5.13447432762836,33.4,23.09670781893,63.8141809290954,68.7041564792176,931,12.781954887218,81.4249363867685,42.5349087003222,100,1.956,44.5299204878049,44.7884308943089,408,2000
"232",180670004003,11.9155354449472,22.3227752639517,89.6797153024911,1.31291028446389,663,94.1176470588235,6.76691729323308,30.7,21.7194570135747,62.781954887218,60.1503759398496,286,7.34265734265734,78.7755102040816,4.54545454545455,100,0.663,42.7413891869919,88.675081300813,408,2000
"233",180670007003,11.8874773139746,23.5934664246824,96.6777408637874,18.2754182754183,1102,92.9936305732484,5.1975051975052,42.3,15.5251141552511,65.6964656964657,84.6153846153846,523,10.5162523900574,83.1858407079646,16.8260038240918,100,1.102,68.2768066666667,133.01262195122,408,2000
"234",180670013001,17.9166666666667,17.5,91.3157894736842,7.49063670411985,720,92.8571428571429,5.17799352750809,25.4,0.694444444444444,68.6084142394822,78.3171521035599,321,4.04984423676012,94.478527607362,30.5295950155763,75.4658385093168,0.72,61.9974085365854,98.4443699186992,408,2000
"235",180670101002,16.331096196868,20.4325130499627,94.8892674616695,7.9667063020214,1341,98.4313725490196,1.19047619047619,19.2,14.4313725490196,60.7142857142857,71.2301587301587,528,3.03030303030303,77.007299270073,13.4469696969697,100,1.341,59.9308282520325,105.959207317073,408,2000
"236",180670102011,8.28358208955224,27.1641791044776,98.5804416403786,10.0987925356751,1340,94.6768060836502,2.86259541984733,40.6,6.34328358208955,58.0152671755725,89.3129770992366,546,5.86080586080586,83.4724540901503,28.5714285714286,0,1.34,77.6823771544715,158.262475609756,408,2000
"237",180670102021,15.0313152400835,17.3973556019485,98.6789960369881,20.7528957528958,1437,96.1977186311787,2.96846011131725,11,4.1607898448519,56.7717996289425,92.0222634508349,549,5.28233151183971,80.4438280166436,15.4826958105647,64.4366197183099,1.437,90.334357398374,168.78324796748,408,2000
"238",180670103001,12.5570776255708,18.8356164383562,95.4441913439636,9.50819672131147,876,97.3684210526316,0.872093023255814,18.2,2.3972602739726,59.3023255813954,88.6627906976744,342,4.97076023391813,89.3034825870647,21.9298245614035,4.15512465373961,0.876,76.5791990243902,143.833987804878,408,2000
"239",180670105002,13.5499207606973,21.4738510301109,97.588424437299,9.95145631067961,1262,99.3865030674847,0.612244897959184,21.8,4.83359746434231,53.8775510204082,83.8775510204082,521,4.99040307101727,76.8581081081081,7.48560460652591,0,1.262,65.9892901626016,127.902532520325,408,2000
"240",180670106001,7.00056915196357,19.4080819578828,99.3717277486911,35.8108108108108,1757,89.8550724637681,1.76211453744493,24.9,6.14684120660216,62.2613803230543,82.9662261380323,785,12.6114649681529,88.2416396979504,16.5605095541401,68.7179487179487,1.757,114.335245081301,250.093788617886,408,2000
"241",180699613001,10.5414470531864,21.2745567800671,97.2315436241611,18.9010989010989,2087,98.6215538847118,0.87719298245614,18.2,4.14657666345227,58.0200501253133,82.5814536340852,837,4.6594982078853,70.0087183958152,10.2747909199522,4.3010752688172,2.087,72.3303099593496,148.042296747967,153,2000
"242",180699616002,14.3065693430657,22.043795620438,98.4126984126984,7.07547169811321,685,100,0,23.4,2.82317979197623,65.016501650165,79.5379537953795,322,3.41614906832298,89.010989010989,11.1801242236025,62.7388535031847,0.685,48.7878273577236,82.9638048780488,153,2000
"243",180699617001,11.5203761755486,22.0219435736677,98.8636363636364,17.2455089820359,1276,98.5537190082645,0.823045267489712,22.5,1.48902821316614,56.5843621399177,86.4197530864197,536,9.88805970149254,67.6119402985075,25.7462686567164,0,1.276,67.849963902439,151.198528455285,153,2000
"244",180699618004,13.894523326572,21.6024340770791,91.2251655629139,1.23647604327666,986,100,0.755667506297229,23,13.5802469135802,60.7052896725441,82.8715365239295,436,7.11009174311927,82.156862745098,27.9816513761468,57.2429906542056,0.986,58.2399898373984,108.063361788618,153,2000
"245",180699619002,22.2586999343401,19.5009848982272,95.9537572254335,4.74346563407551,1523,98.7249544626594,0.536672629695885,20.4,4.4663133989402,61.5384615384615,77.1019677996422,584,7.02054794520548,75.1211631663974,5.30821917808219,100,1.523,68.344440203252,113.624341463415,153,2000
"246",180699619003,7.70901194353963,21.4983713355049,97.7031802120141,9.2436974789916,921,96.8838526912181,0.864553314121037,17.5,7.27470141150923,56.1959654178674,96.2536023054755,373,8.04289544235925,71.4285714285714,47.9892761394102,41.3793103448276,0.921,61.5870984146341,97.6928861788618,153,2000
"247",180699620002,7.7639751552795,22.2826086956522,94.5868945868946,5.30973451327434,1288,99.3406593406593,0.879120879120879,21.5,6.15264797507788,52.0879120879121,74.0659340659341,505,10.8910891089109,70.1726844583987,20.5940594059406,0,1.288,61.7629456097561,141.579536585366,153,2000
"248",180719679011,13.1167637143733,26.0496475635918,94.3195266272189,5.82386363636364,3263,87.9765395894428,8.72434017595308,20.7,10.3670315518352,63.1964809384164,61.950146627566,1455,6.25429553264605,78.6962365591398,48.5910652920962,100,3.263,44.3706059349594,33.8167682926829,203,2000
"249",180719679012,7.34341252699784,25.4859611231102,95.9731543624161,2.93706293706294,1389,86.910197869102,8.9527027027027,26.2,26.8645908761767,66.0472972972973,27.3648648648649,696,7.32758620689655,78.2051282051282,11.4942528735632,100,1.389,31.2617235772358,82.6632113821138,203,2000
"250",180719679021,21.3073538654934,24.3243243243243,93.006993006993,5.32110091743119,1591,91.5335463258786,6.30769230769231,18.1,6.94883133291219,60.7692307692308,64.9230769230769,684,6.87134502923977,84.5220030349014,21.7836257309942,100,1.591,52.7646793089431,109.566329268293,203,2000
"251",180719680001,9.28792569659443,25.2631578947368,97.323600973236,8.24275362318841,1615,98.3579638752053,0,17.9,2.35878336436996,56.5853658536585,90.0813008130081,638,4.54545454545455,69.1906005221932,19.1222570532915,0,1.615,75.2701143495935,147.441109756098,203,2000
"252",180719681004,18.8929001203369,17.9703168872844,97.1037811745776,10.4919976289271,2493,98.8612836438923,0.308959835221421,22.8,12.5210792580101,59.7322348094748,77.0339855818743,1031,5.43161978661494,79.1018998272884,24.0543161978662,58.033106134372,2.493,54.4825711382114,132.712028455285,203,2000
"253",180719682003,12.6760563380282,23.0473751600512,94.5,4.14201183431953,781,98.3870967741936,0.647249190938511,36.9,10.5670103092784,63.4304207119741,83.495145631068,333,6.30630630630631,45.0980392156863,35.7357357357357,0,0.781,43.5364589837398,71.5412520325203,203,2000
"254",180731004001,5.55174777244688,22.4811514736121,97.1849865951743,3.27102803738318,1459,100,2.18253968253968,NA,5.89444825222755,45.8333333333333,95.8333333333333,513,2.33918128654971,44.0233236151604,38.2066276803119,94.9612403100775,1.459,61.444316504065,125.197191056911,270,2000
"255",180731008004,11.9071644803229,20.8879919273461,94.6058091286307,10.1328903654485,991,100,1.17994100294985,22.5,6.54307524536532,51.3274336283186,75.5162241887906,362,6.62983425414365,50,6.35359116022099,0,0.991,60.0195033333333,134.816182926829,270,2000
"256",180731009021,8.42105263157895,19.8947368421053,94.9290060851927,15.6462585034014,950,97.1509971509972,0.588235294117647,18.2,10.2645502645503,56.1764705882353,71.7647058823529,384,7.8125,54.0723981900452,15.8854166666667,67.5675675675676,0.95,65.2859013821138,189.373902439024,270,2000
"257",180731011001,23.3388704318937,19.4352159468439,96.0079840319361,17.8832116788321,1204,95.3307392996109,1.6,26.5,11.4617940199336,64,63.2,581,7.57314974182444,81.1688311688312,9.12220309810671,77.7573529411765,1.204,49.5167665853659,140.226865853659,270,2000
"258",180759627002,14,25.375,93.3161953727506,5.52380952380952,800,98.1538461538462,0.925925925925926,18.7,8.34386852085967,62.962962962963,68.2098765432099,363,10.1928374655647,60.3030303030303,19.5592286501377,0,0.8,46.1230660162602,61.1707764227642,65,2000
"259",180759628003,11.2719751809721,20.0620475698035,95.5414012738854,11.5248226950355,967,97.9768786127168,0.28735632183908,25.9,9.58333333333333,57.183908045977,86.7816091954023,401,11.7206982543641,82.2966507177033,28.1795511221945,31.1392405063291,0.967,60.2795167073171,130.908467479675,65,2000
"260",180759630001,19.3353474320242,25.7804632426989,94.8430493273543,3.84615384615385,993,97.5903614457831,1.91846522781775,18.3,9.32117527862209,65.7074340527578,72.4220623501199,431,7.19257540603248,83.2535885167464,0,100,0.993,46.9677337398374,90.1780487804878,65,2000
"261",180759631002,30.8565531475748,12.8998968008256,100,11.2162162162162,969,97.6359338061466,1.70316301703163,17.1,3.80739081746921,71.0462287104623,83.2116788321168,433,4.6189376443418,70.3703703703704,16.8591224018476,74.9419953596288,0.969,48.4707012195122,112.271670731707,65,2000
"262",180759632001,12.6547455295736,22.283356258597,92.2651933701657,7.49464668094218,727,98.6159169550173,0,15.8,13.9275766016713,59.3856655290102,73.3788395904437,312,7.05128205128205,61.3707165109034,12.5,0,0.727,47.5463762195122,65.2287886178862,65,2000
"263",180779660003,9.85342019543974,23.6970684039088,94.0789473684211,7.01330108827086,1228,95.1271186440678,1.04384133611691,NA,11.0749185667752,58.2463465553236,86.2212943632568,704,30.3977272727273,72.9678638941399,28.8352272727273,0,1.228,55.3963753658537,129.255203252033,169,2000
"264",180779661001,6.36042402826855,22.6855123674912,92.7916120576671,10.1534828807556,1415,96.6037735849057,2.27272727272727,10.7,6.96517412935323,56.4393939393939,85.6060606060606,556,6.29496402877698,80.2612481857765,36.3309352517986,54.8845470692718,1.415,53.3869078455285,85.9697398373984,169,2000
"265",180779661004,9.30946291560102,23.7851662404092,94.4903581267218,18.3805668016194,1955,98.3493810178817,1.48448043184885,25.2,11.6459627329193,50.472334682861,87.9892037786775,818,8.06845965770171,68.4738955823293,21.8826405867971,22.6765799256506,1.955,71.4856422357723,148.49318699187,169,2000
"266",180779663002,12.9341317365269,22.0359281437126,95.7104557640751,8.15109343936382,835,98.6885245901639,2.33333333333333,20.6,12.78928136419,52.6666666666667,71.3333333333333,335,8.95522388059701,71.551724137931,37.3134328358209,100,0.835,48.4286181300813,100.247930894309,169,2000
"267",180779663003,7.28571428571429,10.8095238095238,79.1199309749784,39.1129032258064,2100,96.9072164948454,2.68041237113402,16.9,6.01436265709156,66.5979381443299,63.5051546391753,566,14.3109540636042,87.0307167235495,7.77385159010601,53.886925795053,2.1,75.8186974796748,132.41143495935,169,2000
"268",180779664004,12.9255626081939,23.6583958453549,92.3828125,29.3061224489796,1733,96.5986394557823,2.71739130434783,18.4,16.1569532602424,63.4510869565217,73.0978260869565,795,7.42138364779874,88.3977900552486,14.0880503144654,100,1.733,64.6276016260163,161.869597560976,169,2000
"269",180799602001,10.5694564279551,25.3235547886109,73.5435229609322,4.31472081218274,2318,97.3201692524683,1.09439124487004,13.7,13.4699215344377,51.4363885088919,82.2161422708618,802,11.8453865336658,52.6903553299492,17.5810473815461,0.36319612590799,2.318,62.1371845121951,111.52018699187,208,2000
"270",180799602002,13.5777325186694,20.8418194161575,95.2817824377457,8.77712031558185,1473,98.6230636833047,1.23022847100176,14.8,3.87596899224806,58.5237258347979,79.7891036906854,613,6.6884176182708,61.9318181818182,8.97226753670473,66.8852459016394,1.473,56.6738977235772,128.20312601626,208,2000
"271",180799602003,5.8472553699284,26.8496420047733,96.9325153374233,5.69498069498069,1676,95.6738768718802,1.69204737732657,18.1,7.8031212484994,51.7766497461929,82.9103214890017,721,15.1178918169209,63.8772663877266,39.6671289875173,0,1.676,54.8718397154472,119.185321138211,208,2000
"272",180799603013,9.44981100377992,23.1835363292734,98.5925925925926,7.08661417322835,2381,97.6054732041049,0.692041522491349,23.4,4.11591768164637,55.4786620530565,88.3506343713956,919,5.00544069640914,66.3573085846868,25.4624591947769,0,2.381,61.7945079268293,141.429239837398,208,2000
"273",180799603024,9.5749342681858,24.6494303242769,90.7844990548204,4.23728813559322,4564,97.5683890577508,1.51975683890578,28.9,11.5172869412024,52.2796352583587,83.7082066869301,2273,27.6286845578531,51.0615133369624,65.6401231852178,85.9216893972723,4.564,56.809164796748,66.1305691056911,208,2000
"274",180799604001,21.7855409995148,19.9417758369723,91.9514884233738,3.73760488176964,2061,99.2628992628993,1.61290322580645,23.4,19.644723092999,65.136476426799,61.5384615384615,861,5.45876887340302,83.9285714285714,28.4552845528455,80.7737397420867,2.061,42.5174470325203,94.6869512195122,208,2000
"275",180799605002,10.7438016528926,27.4793388429752,93.1034482758621,12.8664495114007,968,98.4455958549223,1.83246073298429,19.2,3.87434554973822,58.1151832460733,69.6335078534031,399,5.26315789473684,71.6049382716049,7.5187969924812,100,0.968,62.239386300813,102.051491869919,208,2000
"276",180816104031,10.5717185385656,27.6556156968877,97.0822281167109,16.5193370165746,5912,96.1319218241042,1.8579686209744,23.8,12.7692046803459,60.4459124690339,69.4880264244426,2705,8.50277264325323,58.8885053503624,27.3197781885397,98.5671191553544,5.912,55.6293353252033,151.950012195122,1480,2000
"277",180816104033,10.5717185385656,27.6556156968877,97.0822281167109,16.5193370165746,5912,96.1319218241042,1.8579686209744,23.8,12.7692046803459,60.4459124690339,69.4880264244426,2705,8.50277264325323,58.8885053503624,27.3197781885397,98.5671191553544,5.912,55.6293353252033,151.950012195122,1480,2000
"278",180816106032,10.361216730038,23.7642585551331,98.2625482625483,13.3704735376045,1052,97.6923076923077,2.23325062034739,22.7,3.70722433460076,54.590570719603,91.8114143920596,477,15.7232704402516,69.8189134808853,75.6813417190776,100,1.052,58.6157317073171,19.9894674796748,1480,2000
"279",180816106082,13.5815991237678,24.8630887185104,97.1563981042654,9.05923344947735,913,100,1.78041543026706,12.5,4.31893687707641,54.0059347181009,90.2077151335312,391,14.0664961636829,53.3163265306122,22.5063938618926,65.5612244897959,0.913,63.6672054065041,168.482654471545,1480,2000
"280",180816107062,8.29493087557604,29.147465437788,98.2570806100218,9.21985815602837,868,98.8857938718663,0,23.6,1.62224797219003,57.4585635359116,79.0055248618785,365,1.64383561643836,60,4.38356164383562,100,0.868,71.8328277235772,146.839922764228,1480,2000
"281",180816108015,12.0898480510901,26.4258973794318,95.910780669145,15.1162790697674,4541,96.7587034813926,2.07064555420219,25,6.22862725940401,59.0133982947625,62.78928136419,1852,10.6371490280778,69.7996918335901,17.548596112311,89.831430125068,4.541,64.7057559349594,153.302682926829,1480,2000
"282",180816108021,6.5979381443299,30.020618556701,96.4391691394659,9.75283901135605,2425,97.0488081725312,1.63755458515284,18.7,6.87086092715232,51.4192139737991,92.7947598253275,934,5.88865096359743,61.0932475884244,23.1263383297645,89.0834191555098,2.425,76.8407153658537,144.735768292683,1480,2000
"283",180816111002,9.93103448275862,24.4827586206897,95.0134770889488,19.1512513601741,1450,97.153024911032,1.24113475177305,16.6,11.7036011080332,57.6241134751773,69.8581560283688,562,13.5231316725979,79.7653958944282,9.9644128113879,84.0625,1.45,61.4337957317073,197.640223577236,1480,2000
"284",180816113001,8.19366852886406,24.6741154562384,96.6228893058161,4.26136363636364,1074,100,0.491400491400491,21.6,9.18560606060606,57.2481572481572,81.3267813267813,427,5.15222482435597,80.5785123966942,36.5339578454333,100,1.074,54.9529999593496,108.213658536585,1480,2000
"285",180816113002,10.0467289719626,26.4018691588785,91.4225941422594,0,856,98.0821917808219,0.789473684210526,21.8,7.47663551401869,64.4736842105263,42.3684210526316,399,8.27067669172932,89.2523364485981,3.00751879699248,100,0.856,46.0283790650407,123.543926829268,1480,2000
"286",180839552022,15.7334826427772,17.1332586786114,96.1456102783726,32.258064516129,1786,96.8579234972678,0.826446280991736,27.1,10.7502799552072,61.5702479338843,80.0275482093664,797,9.15934755332497,84.4925883694413,8.1555834378921,50.5632040050063,1.786,73.6935014634146,190.576276422764,64,2000
"287",180839552023,11.4685314685315,16.6433566433566,97.3747016706444,33.271719038817,715,100,0.958466453674121,15.9,7.27272727272727,65.1757188498403,72.5239616613419,330,5.75757575757576,87.2817955112219,11.8181818181818,19.2771084337349,0.715,67.7237146341463,145.637548780488,64,2000
"288",180839557001,14.2099681866384,25.0265111346766,92.5925925925926,30.6603773584906,943,100,2.08333333333333,20.9,9.5440084835631,67.3611111111111,56.4814814814815,482,10.7883817427386,78.3505154639175,21.7842323651452,100,0.943,53.6769805691057,129.4055,64,2000
"289",180839559002,9.37056318031235,21.7699952673923,95.9205020920502,9.47204968944099,2113,97.5757575757576,2.90556900726392,23.7,24.9875807252856,62.1065375302664,55.2058111380145,913,9.74808324205915,89.419795221843,21.3581599123768,66.120218579235,2.113,37.1473442276423,112.12137398374,64,2000
"290",180859609001,10.0682593856655,27.2184300341297,97.1518987341772,9.03225806451613,1172,100,3.96039603960396,17.6,5.84192439862543,48.2673267326733,79.950495049505,440,10.6818181818182,60.4377104377104,27.0454545454545,0,1.172,78.2790552439024,138.573601626016,433,2000
"291",180859611003,16.9668246445498,18.0094786729858,94.4337811900192,10.8843537414966,1055,95.8024691358025,6.11246943765281,20,2.93838862559242,56.479217603912,78.9731051344743,443,8.12641083521445,81.5384615384615,11.2866817155756,0,1.055,66.6085127642276,134.816182926829,433,2000
"292",180859612001,3.11082307193778,25.5346727154893,97.4193548387097,4.48548812664908,1543,97.0873786407767,1.93704600484262,19,7.64744005184705,36.8038740920097,86.9249394673123,436,5.73394495412844,70.2359346642468,19.0366972477064,0,1.543,71.2917594308943,159.765443089431,433,2000
"293",180859612002,9.83193277310924,24.2016806722689,98.2394366197183,7.35930735930736,1190,99.0123456790123,2.96296296296296,19.3,5.48060708263069,47.9012345679012,83.7037037037037,427,5.15222482435597,73.2931726907631,21.7798594847775,0,1.19,55.8307329674797,113.173451219512,433,2000
"294",180859612004,5.91848129536572,23.5622557230597,94.4269190325973,10.71761416589,1791,90.521327014218,6.86900958466454,14.4,5.28683914510686,49.8402555910543,84.6645367412141,669,5.82959641255605,81.892523364486,41.8535127055306,57.593984962406,1.791,69.7331821544715,99.646743902439,433,2000
"295",180859613004,14.5263157894737,20.4912280701754,95.7950065703022,19.47261663286,1425,96.6371681415929,2.4866785079929,17.1,6.7090395480226,61.8117229129662,83.4813499111901,794,29.0931989924433,84.7533632286996,8.43828715365239,0,1.425,73.8964020731707,160.817520325203,433,2000
"296",180859614001,12.0634920634921,18.6243386243386,95.3125,16.793893129771,945,100,1.03092783505155,16.5,2.75132275132275,61.8556701030928,72.680412371134,692,43.7861271676301,71.2765957446808,10.2601156069364,76.8451519536903,0.945,71.5247193902439,160.817520325203,433,2000
"297",180859614002,15.3104925053533,21.5203426124197,98.3298538622129,14.1215106732348,934,99.1573033707865,1.91780821917808,26.5,4.71092077087794,61.6438356164384,72.0547945205479,483,25.6728778467909,80.6451612903226,25.879917184265,19.0184049079755,0.934,60.8837096341463,152.701495934959,433,2000
"298",180859614003,11.3122171945701,22.8506787330317,100,15.5763239875389,442,100,0,18.9,3.61990950226244,66.4804469273743,86.0335195530726,360,49.1666666666667,69.1729323308271,11.6666666666667,81.4606741573034,0.442,70.3478958536585,129.856390243902,433,2000
"299",180859615001,13.2352941176471,20.5882352941176,96.0912052117264,11.0849056603774,612,97.3180076628352,1.08695652173913,23.4,5.0251256281407,69.5652173913043,80.7971014492754,382,29.8429319371728,47.7777777777778,20.9424083769633,23.3333333333333,0.612,55.5075949593496,110.017219512195,433,2000
"300",180859615002,15.006468305304,20.0517464424321,94.6601941747573,17.9261862917399,773,100,0.662251655629139,41.9,1.68175937904269,60.9271523178808,88.4105960264901,456,35.3070175438597,71.5384615384615,20.1754385964912,37.1490280777538,0.773,92.4670682520325,195.686365853659,433,2000
"301",180859615003,8.75781948168007,21.71581769437,97.331240188383,10.2040816326531,1119,95.5654101995565,0.928074245939675,12.5,5.36193029490617,59.3967517401392,85.614849187935,620,28.0645161290323,73.2851985559567,16.1290322580645,69.7520661157025,1.119,61.0580538617886,148.192593495935,433,2000
"302",180859616001,25.4970760233918,18.5964912280702,93.6170212765958,11.4730878186969,855,97.2527472527473,2.3121387283237,21.9,9.70760233918129,78.3236994219653,86.4161849710983,610,39.8360655737705,63.2701421800948,29.5081967213115,80.8149405772496,0.855,59.0455804065041,122.191256097561,433,2000
"303",180859617001,13.8149556400507,16.9835234474018,94.5238095238095,23.8421955403087,789,97.3684210526316,1.46627565982405,25,2.17669654289373,68.3284457478006,86.217008797654,455,23.7362637362637,78.5326086956522,7.69230769230769,0,0.789,78.4368668292683,177.049569105691,433,2000
"304",180859617003,9.24484161580937,22.9901191514095,95.1028138528139,16.0229098274779,1497.5,93.6770986613071,7.24056454314193,19.6,8.99075591546431,53.1870977086935,89.991037560768,579.5,12.5390495853828,86.3416034749319,31.9747788595834,58.0330253426482,1.4975,65.9239110772358,158.563069105691,433,2000
"305",180859618002,12.3580494321977,17.3012692050768,96.0714285714286,6.76767676767677,1497,96.1479198767334,4.07523510971787,13,2.89172831203766,64.4200626959248,88.2445141065831,687,4.65793304221252,91.3272010512484,42.2125181950509,28.3582089552239,1.497,62.1612319918699,95.4384349593496,433,2000
"306",180859620003,21.0106382978723,23.1914893617021,95.2040816326531,18.3098591549296,1880,92.65605875153,6.74846625766871,23.9,6.10771793448084,67.8527607361963,50.4294478527607,889,7.8740157480315,85.1351351351351,5.96175478065242,100,1.88,55.1604094715447,136.168853658537,433,2000
"307",180859621011,9.61451247165533,19.047619047619,96.8174204355109,19.319022945966,2205,94.199535962877,5.35506402793946,30.1,6.89342403628118,56.1117578579744,67.8696158323632,898,3.89755011135857,86.052871467639,9.9109131403118,88.8143176733781,2.205,68.7216850406504,175.246008130081,433,2000
"308",180859621023,11.2931334959916,22.6559776925758,100,31.1985898942421,2869,93.9393939393939,6.96629213483146,19,3.91783948269304,49.5505617977528,78.4269662921348,952,6.72268907563025,84.4729344729345,10.2941176470588,100,2.869,75.5601870731707,152.100308943089,433,2000
"309",180859622001,9.51724137931034,25.1724137931034,97.1350613915416,13.2712456344587,1450,94.2056074766355,3.46820809248555,19,8.70165745856354,53.1791907514451,83.4296724470135,629,13.3545310015898,67.0588235294118,36.8839427662957,0,1.45,57.7094423170732,103.253865853659,433,2000
"310",180859622002,7.29253981559095,23.3025984911987,99.009900990099,11.5436241610738,1193,96.2311557788945,2.51256281407035,18.8,8.29840737636211,44.2211055276382,85.1758793969849,412,5.33980582524272,94.2073170731707,21.6019417475728,37.6190476190476,1.193,71.1219241056911,133.313215447154,433,2000
"311",180859622003,6.9620253164557,20.5244122965642,93.2584269662921,6.94006309148265,1106,94.6236559139785,5,22.5,19.0777576853526,47.3684210526316,85.2631578947368,389,4.11311053984576,85.8316221765914,33.6760925449871,46.969696969697,1.106,58.9914735772358,149.09437398374,433,2000
"312",180859623003,7.69741207697412,21.5660252156603,96.1741424802111,24.2807825086306,1507,98.3772819472617,2.27272727272727,19.6,5.03059143439837,49.7933884297521,82.4380165289256,513,3.89863547758285,83.2865168539326,13.4502923976608,53.968253968254,1.507,78.4368668292683,179.604613821138,433,2000
"313",180859624001,9.087348217783,20.6032119075597,97.7911646586345,8.12307692307692,2553,97.1861471861472,4.21621621621622,17.9,5.19685039370079,55.4594594594595,86.9189189189189,1014,8.38264299802761,86.2844702467344,29.4871794871795,0,2.553,66.9797457317073,120.838585365854,433,2000
"314",180859624002,12.4299065420561,20.3738317757009,96.958174904943,9.03010033444816,1070,95.4773869346734,3.77833753148615,18,6.56660412757974,53.904282115869,75.3148614609572,424,7.31132075471698,80.4081632653061,12.0283018867925,0,1.07,56.8317093089431,100.548524390244,433,2000
"315",180859625002,15.0900900900901,22.1471471471471,97.8142076502732,5.79010856453559,1332,97.9166666666667,1.22199592668024,22.3,4.65465465465465,52.1384928716904,86.5580448065173,586,17.4061433447099,69.3009118541033,6.8259385665529,0,1.332,60.5139796341463,138.874195121951,433,2000
"316",180859626003,7.41138560687433,25.7787325456498,98.8847583643123,7.73480662983425,931,100,0.609756097560976,14.4,4.83351235230935,48.780487804878,86.890243902439,330,3.63636363636364,71.9334719334719,11.8181818181818,0,0.931,64.9101595121951,150.597341463415,433,2000
"317",180859627001,11.4824335904027,19.1945158526135,95.2012383900929,2.03303684879288,1167,98.8814317673378,1.52173913043478,10.9,8.14053127677806,56.7391304347826,88.4782608695652,635,31.496062992126,74.2105263157895,28.6614173228346,0,1.167,60.3877303658537,112.271670731707,433,2000
"318",180859627003,12.2539682539683,21.0793650793651,96.6707768187423,4.73790322580645,1575,96.8965517241379,1.74520069808028,18.9,7.87301587301587,57.9406631762653,83.5951134380454,661,12.1028744326778,72.8218465539662,13.1618759455371,0,1.575,55.1363619918699,103.404162601626,433,2000
"319",180879701004,9.10106085985483,14.2378559463987,96.4391691394659,18.5866408518877,1791,91.6512059369202,8.96057347670251,14.8,10.0502512562814,50.7168458781362,76.1648745519713,565,4.60176991150442,74.7562296858072,11.858407079646,0,1.791,66.8069044715447,146.68962601626,217,2000
"320",180879702001,15.8067158067158,21.2121212121212,95.2380952380952,13.4708737864078,1221,97.3493975903614,3.58851674641148,17.5,8.70712401055409,51.4354066985646,87.0813397129187,425,4.23529411764706,82.9136690647482,14.3529411764706,37.3853211009174,1.221,61.5284826829268,159.314552845528,217,2000
"321",180879702002,14.0745953553835,20.9711470795215,96.7976710334789,6.89655172413793,1421,92.8082191780822,3.95869191049914,23.1,6.5017667844523,66.9535283993115,61.790017211704,637,7.06436420722135,81.0509554140127,16.1695447409733,100,1.421,43.2824574796748,113.474044715447,217,2000
"322",180879702004,19.5429472025217,14.2631993695823,100,10.8527131782946,1269,96.1832061068702,5.23690773067332,22.5,6.47911338448423,54.3640897755611,76.3092269326683,410,4.63414634146341,88.2121807465619,12.4390243902439,21.4285714285714,1.269,65.7548272357724,165.476719512195,217,2000
"323",180879703012,8.21661998132586,22.1288515406162,98.6486486486486,7.61904761904762,1071,94.6327683615819,1.98863636363636,18,3.54808590102708,49.4318181818182,79.2613636363636,467,24.1970021413276,76.8916155419223,34.9036402569593,0,1.071,70.1389833739837,136.168853658537,217,2000
"324",180879704023,8.68377935554342,20.1529219006008,98.7898789878988,5.28942115768463,1831,97.4193548387097,1.29032258064516,19.3,8.94130554031816,51.9354838709677,69.6774193548387,660,6.06060606060606,81.6350710900474,10.9090909090909,0,1.831,60.3531621138211,137.521524390244,217,2000
"325",180879706002,16.403785488959,20.1104100946372,97.2375690607735,13.7214137214137,1268,100,0.19047619047619,30,1.34069400630915,66.6666666666667,89.3333333333333,746,29.088471849866,60.9682299546142,6.4343163538874,0,1.268,74.6794481300813,170.436512195122,217,2000
"326",180879707002,17.5438596491228,13.5566188197767,95.3748006379585,10.467706013363,1254,97.5425330812854,0,19.4,2.56204963971177,67.7606177606178,88.2239382239382,818,35.2078239608802,50.7908611599297,8.19070904645477,0,1.254,67.6335365853659,197.640223577236,217,2000
"327",180890102033,6.62177328843996,28.2828282828283,82.051282051282,10.7876712328767,891,6.25,94.5355191256831,26.7,34.1628959276018,61.2021857923497,28.6885245901639,445,12.8089887640449,67.5675675675676,12.3595505617978,100,0.891,35.984047398374,59.8181056910569,1928,2000
"328",180890102071,11.1060948081264,22.2121896162528,88.2671480144404,9.70588235294118,2215,34.0020060180542,70.4123711340206,21.9,15.8013544018059,66.5979381443299,34.8453608247423,1095,10.5022831050228,67.4418604651163,7.67123287671233,100,2.215,44.7884308943089,90.9295325203252,1928,2000
"329",180890123004,8.21806346623271,13.5882831570382,82.0568927789934,5.54675118858954,1229,3.67647058823529,92.1518987341772,36.3,37.4288039056143,51.8987341772152,50.126582278481,498,18.4738955823293,68.8046647230321,0,100,1.229,34.01516,59.5175121951219,1928,2000
"330",180890203004,7.65625,22.03125,81.2925170068027,6.68604651162791,640,79.4258373205742,26.1261261261261,33.1,16.3522012578616,50,64.8648648648649,220,5,70.2928870292887,0,100,0.64,51.5202222357724,93.1839837398374,1928,2000
"331",180890203005,21.1524434719183,19.6207148067104,93.5483870967742,4.53172205438066,1371,92.9310344827586,16.0899653979239,16.9,8.82567469000729,66.7820069204152,80.1038062283737,619,6.30048465266559,71.3780918727915,25.2019386106624,100,1.371,47.7327441869919,102.201788617886,1928,2000
"332",180890411003,13.6529503501279,24.2110654693345,87.8849303849304,2.76872964169381,445.5,84.2873708623234,9.02260041375541,25.5,14.3096927938663,55.5915531441509,68.5272649205668,205.5,12.4715002279981,56.3565891472868,21.6750265997872,100,0.4455,51.0685805081301,52.6790101626016,1928,2000
"333",180890412001,5.60519902518278,23.9642567018684,96.2790697674419,4.95726495726496,1231,83.864118895966,14.6551724137931,35.8,36.961819658814,58.1896551724138,65.948275862069,526,11.2167300380228,72.568578553616,62.9277566539924,100,1.231,31.8899639837398,NA,1928,2000
"334",180890412002,11.6343490304709,22.1606648199446,84.6645367412141,3.94557823129252,1083,95.6262425447316,7.29166666666667,17.5,15.6048014773777,65.2083333333333,80.625,551,8.8929219600726,80.6640625,64.2468239564428,100,1.083,43.9783314227642,16.3823455284553,1928,2000
"335",180890412003,15.1732377538829,23.1780167264038,92.7710843373494,3.2064128256513,837,81.3380281690141,31.5286624203822,21.8,15.1774785801714,56.0509554140127,62.7388535031847,317,8.83280757097792,62.6334519572954,18.9274447949527,100,0.837,47.2262441463415,51.702081300813,1928,2000
"336",180890414001,9.07172995780591,25.7383966244726,90.632318501171,13.2686084142395,948,81.7109144542773,25.0720461095101,20.7,1.05485232067511,55.6195965417867,76.657060518732,371,6.19946091644205,69.3121693121693,11.3207547169811,100,0.948,56.4649852439024,116.179386178862,1928,2000
"337",180890416001,9.2552026286966,29.0251916757941,90.0552486187845,3.03555941023417,1826,88.676844783715,13.953488372093,24.6,17.1412924424973,62.015503875969,86.5633074935401,822,3.7712895377129,67.5710594315245,57.1776155717762,100,1.826,48.8464430894309,35.7706260162602,1928,2000
"338",180890417001,8.19312362838332,21.8727139722019,87.0030581039755,8.99653979238754,1367,90.3660886319846,13.7254901960784,14.6,16.020482809071,57.0588235294118,90.7843137254902,558,6.63082437275986,69.7715289982425,40.6810035842294,100,1.367,54.8417803658537,72.4430325203252,1928,2000
"339",180890417005,12.2484689413823,18.6351706036745,88.2352941176471,5.53935860058309,1143,80.6930693069307,32.4937027707809,28.9,20.3849518810149,50.6297229219144,77.5818639798489,441,7.93650793650794,60.8142493638677,14.9659863945578,100,1.143,46.2628419918699,89.4265650406504,1928,2000
"340",180890419002,30.3846153846154,14.6923076923077,96.583850931677,10.0102145045965,1300,98.8549618320611,4.35606060606061,23.3,10.4651162790698,61.5530303030303,78.9772727272727,562,4.98220640569395,66.8810289389068,2.66903914590747,100,1.3,69.7121406097561,143.533394308943,1928,2000
"341",180890421005,12.043956043956,29.6263736263736,93.6560934891486,15.2530292230934,2275,81.6986855409504,16.583912611718,25,8.71681415929203,67.3286991062562,34.0615690168818,1100,7.72727272727273,73.0696798493409,3.90909090909091,100,2.275,55.270126097561,134.515589430894,1928,2000
"342",180890429011,11.6531165311653,22.89972899729,91.439205955335,7.36196319018405,1476,100,2.24525043177893,23.5,11.1111111111111,58.7219343696028,71.5025906735751,689,15.0943396226415,63.1184407796102,7.40203193033382,100,1.476,61.2699722764228,137.822117886179,1928,2000
"343",180890430032,15.7808667211774,24.6116107931316,92.8333333333333,10.0508905852417,1223,97.9704797047971,1.99637023593466,21.3,15.699100572363,68.2395644283122,73.6842105263158,571,4.72854640980736,68.8524590163934,25.0437828371278,100,1.223,60.7454366260163,123.844520325203,1928,2000
"344",180890431011,6.65691294806145,19.4220921726408,96.0363872644574,10.9532267613973,2734,98.2456140350877,2.40083507306889,30,5.69852941176471,50.5219206680584,79.5407098121086,1014,4.43786982248521,50.5915100904663,1.18343195266272,62.8115653040877,2.734,74.8868576422764,166.829390243902,1928,2000
"345",180890434012,14.9450549450549,16.5567765567766,95.8445040214477,8.50409836065574,1365,99.4174757281553,1.55038759689922,13.8,4.15430267062315,54.8449612403101,84.6899224806202,565,7.61061946902655,51.9174041297935,5.84070796460177,0,1.365,75.1483739837398,195.235475609756,1928,2000
"346",180890434041,14.5659928656361,17.8359096313912,96.8867924528302,13.2091447925487,1682,100,0.93603744149766,24.8,5.35077288941736,58.1903276131045,90.795631825273,674,3.70919881305638,57.7868852459016,34.86646884273,0,1.682,76.3567598373984,200.796455284553,1928,2000
"347",180910413001,11.0018438844499,25.1382913337431,90.179806362379,5.8455114822547,1627,60.8974358974359,35.6550580431177,26.2,18.8205771643664,53.7313432835821,62.3548922056385,665,7.06766917293233,89.7314375987362,12.1804511278195,74.1538461538462,1.627,43.1682319512195,105.508317073171,440,2000
"348",180910413002,14.6090534979424,15.7407407407407,94.9698189134809,6.81481481481481,972,94.9029126213592,8.85167464114832,32.8,12.7572016460905,63.8755980861244,94.0191387559809,443,6.09480812641084,80.794701986755,39.5033860045147,91.9101123595506,0.972,62.2814693902439,79.8075731707317,440,2000
"349",180910414003,11.3910574875798,22.9240596167495,92.168237853517,6.97815533980583,2818,63.7471439451637,34.358186010761,21.7,20.1280227596017,69.7156033820138,35.3574173712529,1430,8.04195804195804,72.1774193548387,20.6993006993007,89.7598870056497,2.818,43.6657141869919,77.402825203252,440,2000
"350",180910415003,10.4996837444655,17.3308032890576,97.2850678733032,11.1737089201878,1581,97.8151260504202,1.99004975124378,14.8,3.2133676092545,59.2039800995025,91.5422885572139,627,5.103668261563,65.9144893111639,8.93141945773525,0,1.581,91.8057625609756,235.815597560976,440,2000
"351",180910416001,17.7492447129909,17.5226586102719,95.016077170418,2.24971878515186,1324,96.25,3.15789473684211,NA,4.60725075528701,54.3157894736842,89.0526315789474,519,7.51445086705202,78.9946140035907,25.0481695568401,2.14007782101167,1.324,70.2637296747967,147.29081300813,440,2000
"352",180910416002,14.2857142857143,15.9716060337178,98.2159624413146,9.16561314791403,2254,94.1501103752759,3.66552119129439,28.3,5.50133096716948,57.7319587628866,85.3379152348224,963,4.88058151609553,78.4353059177533,19.0031152647975,10,2.254,57.927372601626,148.944077235772,440,2000
"353",180910417003,8.77659574468085,19.5035460992908,92.3197492163009,16.1335187760779,1128,98.0392156862745,1.74129353233831,35.3,17.2351885098743,56.7164179104478,79.3532338308458,450,9.33333333333333,81.4606741573034,31.1111111111111,0,1.128,61.2293921544715,154.354760162602,440,2000
"354",180910418001,8.65265760197775,23.7330037082818,95.2732644017725,9.54128440366972,2427,100,1.04931794333683,18.4,5.54860241969128,59.1815320041973,89.1920251836306,1284,22.4299065420561,70.3859060402685,3.50467289719626,50.6043513295729,2.427,69.8879878048781,124.145113821138,440,2000
"355",180910418004,15.9350571256765,19.4828622970535,96.5034965034965,9.09090909090909,1663,97.9452054794521,5.96026490066225,27.7,5.50847457627119,51.4900662251656,91.3907284768212,662,13.1419939577039,73.3840304182509,30.3625377643505,45.8755426917511,1.663,65.8404963821138,141.278943089431,440,2000
"356",180910419001,3.65659777424483,28.5373608903021,97.5206611570248,9.20502092050209,1258,100,1.37931034482759,21.2,4.65863453815261,47.3563218390805,92.183908045977,421,3.80047505938242,52.2727272727273,20.4275534441805,0,1.258,83.6807203658537,167.881467479675,440,2000
"357",180910421005,19.247546346783,21.3740458015267,95.1066499372647,4.27493713327745,1834,97.7303070761015,3.37381916329285,18.7,19.8473282442748,61.6734143049933,72.1997300944669,810,5.67901234567901,78.7175989085948,6.17283950617284,91.7407878017789,1.834,56.9489407723577,129.255203252033,440,2000
"358",180910425001,19.0355329949239,18.1472081218274,89.4088669950739,7.37240075614367,788,100,5.18731988472623,24.3,22.0360824742268,63.6887608069164,67.1469740634006,406,12.3152709359606,80.1652892561983,23.6453201970443,100,0.788,44.6035658943089,87.7733008130081,440,2000
"359",180910426014,12.1128488193806,21.9871205151794,97.0331588132635,9.65986394557823,3261,98.6185725249424,1.31375579598145,22.7,8.57319715258434,61.2055641421947,87.8670788253478,1422,8.43881856540084,68.5494223363286,35.3727144866385,42.9278642149929,3.261,69.2176643089431,135.567666666667,440,2000
"360",180910426021,7.94223826714801,21.6606498194946,93.6619718309859,19.5767195767196,277,95.9349593495935,4.13223140495868,NA,3.3457249070632,63.6363636363636,48.7603305785124,149,10.738255033557,82.4,40.2684563758389,47.4452554744526,0.277,55.205498495935,59.8181056910569,440,2000
"361",180910427002,7.44416873449131,19.6029776674938,95.6239870340357,14.3437077131258,1209,97.7722772277228,3.51758793969849,43.3,12.2719734660033,47.2361809045226,85.1758793969849,404,8.66336633663366,67.5774134790528,15.8415841584158,0,1.209,64.032426504065,156.308617886179,440,2000
"362",180939508003,21.7751479289941,18.4023668639053,91.1688311688312,7.5,1690,96.7605633802817,1.44927536231884,21.7,8.10810810810811,70.5797101449275,59.2753623188406,746,4.82573726541555,70.9770114942529,15.0134048257373,100,1.69,43.2103150406504,96.9414024390244,41,2000
"363",180939512021,9.1869918699187,22.3983739837398,93.445243804956,6.88989053444945,2460,99.1735537190083,0.412371134020619,17.7,6.08660130718954,58.0412371134021,89.5876288659794,1063,9.689557855127,75.692582663092,32.7375352775165,27.1202236719478,2.46,60.1186991869919,115.277605691057,41,2000
"364",180939513003,10.02331002331,24.3589743589744,84.1823056300268,6.0377358490566,858,97.9411764705882,0.3003003003003,36,25.1748251748252,60.3603603603604,79.5795795795796,406,17.2413793103448,56.9078947368421,36.2068965517241,100,0.858,32.1469714227642,54.8583130081301,41,2000
"365",180939513004,27.5409836065574,16.3114754098361,91.0973084886128,5.94170403587444,1220,96.875,0.946969696969697,23,13.4545454545455,73.8636363636364,60.7954545454545,583,6.34648370497427,78.1176470588235,5.31732418524871,100,1.22,42.3881918292683,78.3046056910569,41,2000
"366",180950005002,22.4164133738602,23.1762917933131,95.1585976627713,4.21263791374122,1316,92.6470588235294,4.29252782193959,46.8,18.2655410590944,72.6550079491256,79.9682034976153,760,20.1315789473684,68.6594202898551,50.1315789473684,100,1.316,37.6854065853659,41.0310121951219,356,2000
"367",180950010001,17.1743697478992,20.7983193277311,89.8177920685959,4.53547915142648,1904,94.7058823529412,3.98126463700234,22.8,16.3770405476567,69.5550351288056,68.6182669789227,945,10.3703703703704,70.4379562043796,41.1640211640212,100,1.904,40.9468460162602,58.6157317073171,356,2000
"368",180950014003,15.7035175879397,25.5025125628141,90.1719901719902,9.88805970149254,796,94.1644562334218,1.8716577540107,24.9,13.8888888888889,68.1818181818182,66.5775401069519,397,6.29722921914358,66.0112359550562,6.80100755667506,100,0.796,45.8405081300813,97.3922926829268,356,2000
"369",180950018011,11.8840579710145,25.6521739130435,94.6380697050938,7.61523046092184,690,93.75,4.3046357615894,45,6.52173913043478,64.5695364238411,85.4304635761589,306,4.57516339869281,66.8555240793201,5.22875816993464,83.8607594936709,0.69,62.3325702845528,119.035024390244,356,2000
"370",180950018012,20.6818181818182,19.7727272727273,97.2296693476318,14.7005444646098,2200,93.4299516908213,7.48560460652591,21.5,8.13636363636364,73.6084452975048,73.0326295585413,1111,5.31053105310531,67.4418604651163,36.1836183618362,100,2.2,52.4625828455285,91.8313130081301,356,2000
"371",180950019013,32.9742669060443,15.6792339916218,92.4889543446244,13.203125,1671,85.4465270121279,7.7991452991453,25.3,3.88988629563136,78.3119658119658,67.0940170940171,978,7.15746421267894,74.3816254416961,7.87321063394683,100,1.671,48.0904504471545,110.017219512195,356,2000
"372",180950104003,18.796992481203,20.7303974221267,100,5.97222222222222,931,97.2850678733032,0.225225225225225,27.5,15.7894736842105,69.8198198198198,82.6576576576577,484,8.05785123966942,57.2815533980583,21.900826446281,52.3809523809524,0.931,46.7332708130081,125.046894308943,356,2000
"373",180950105002,9.71428571428571,19,94.7945205479452,4.4392523364486,700,98.8970588235294,1.4336917562724,NA,3.012912482066,55.1971326164875,83.8709677419355,358,18.7150837988827,46.6463414634146,11.4525139664804,19.9421965317919,0.7,65.312954796748,99.947337398374,356,2000
"374",180950105004,21.9119226638024,6.87432867883996,94.6322067594433,6.95266272189349,931,100,1.05540897097625,18.3,7.11825487944891,62.532981530343,73.3509234828496,394,6.85279187817259,79.0067720090293,12.1827411167513,23.1527093596059,0.931,64.1316223577236,195.235475609756,356,2000
"375",180950106001,17.2138420585626,15.8828748890861,94.0387481371088,2.52808988764045,1127,95.3488372093023,0.911161731207289,25.5,6.2111801242236,55.8086560364465,68.7927107061503,463,8.63930885529158,79.8701298701299,2.37580993520518,100,1.127,47.9596922764228,117.982947154472,356,2000
"376",180950106004,1.61476355247982,22.2606689734717,96.0377358490566,0,867,97.682119205298,1.94174757281553,11.8,10.5017502917153,51.4563106796116,78.6407766990291,314,5.73248407643312,65.8682634730539,38.2165605095541,100,0.867,57.4569437804878,93.9354674796748,356,2000
"377",180950108002,15.9683794466403,20,98.496835443038,12.1473805411629,2530,97.1098265895954,2.30547550432277,25,3.04347826086957,60.7108549471662,83.6695485110471,1076,3.53159851301115,69.9159663865546,13.3828996282528,57.5532900834106,2.53,69.3905055691057,135.417369918699,356,2000
"378",180950109002,11.9617224880383,23.9234449760766,96.6494845360825,7.01402805611222,836,99.3788819875776,0.626959247648903,27.5,12.9496402877698,59.5611285266458,89.3416927899686,334,3.89221556886228,64.9171270718232,37.7245508982036,0,0.836,54.7951883739837,91.5307195121951,356,2000
"379",180950111002,11.4754098360656,18.2256509161041,98.0314960629921,7.78145695364238,1037,98.8372093023256,0.467289719626168,20.5,8.33333333333333,62.1495327102804,72.6635514018692,452,4.86725663716814,72.1074380165289,3.53982300884956,0,1.037,58.2399898373984,122.040959349593,356,2000
"380",180950113001,13.1081854607899,21.2364052661706,94.9608062709966,13.1782945736434,1747,100,0.662251655629139,21.8,3.79528464634848,63.046357615894,80.1324503311258,757,6.34081902245707,70.5097087378641,23.2496697490092,100,1.747,56.8512478861789,94.6869512195122,356,2000
"381",180950115011,10.9046454767726,19.8044009779951,94.9563530552861,18.1197877179682,2045,97.5816203143894,1.12781954887218,42,7.60176557135851,57.1428571428571,79.6992481203008,882,4.87528344671202,75.6152125279642,2.15419501133787,38.0499405469679,2.045,74.0962967479675,162.019894308943,356,2000
"382",180950115022,12.20953131154,14.5332808192202,97.6377952755905,20.3003337041157,2539,100,0.553097345132743,28.3,1.31795716639209,49.6681415929204,88.1637168141593,899,3.00333704115684,61.5894039735099,8.00889877641824,75.9398496240601,2.539,81.774957601626,195.836662601626,356,2000
"383",180950118004,13.447782546495,25.1788268955651,92.1542553191489,22.3669923995657,1398,93.1451612903226,0.393700787401575,12.5,1.45137880986938,50.3937007874016,88.7795275590551,512,2.5390625,58.14696485623,19.921875,0,1.398,80.9287869105691,200.044971544715,356,2000
"384",180973302112,6.36306924516532,22.9153670201705,88.0228974020255,16.3131507905901,4809,50.2854177477945,48.0020757654385,24.8,18.3784919134636,58.4327970939284,52.3092890503373,2400,19.7083333333333,66.8369954011242,15.3333333333333,90.4583333333333,4.809,51.7186139430894,128.353422764228,5216,2000
"385",180973302123,3.68279569892473,28.8978494623656,96.4937560038425,22.9874776386404,3720,91.5215745647237,6.50224215246637,13.8,4.77990818255468,47.4588938714499,94.6188340807175,1387,4.61427541456381,57.7617328519856,11.463590483057,100,3.72,83.6206016666667,161.719300813008,5216,2000
"386",180973307012,10.2288392610973,27.6537082988696,93.8544739429695,5.02431118314425,3627,89.8989898989899,6.78866587957497,22.7,12.8756548111387,68.7721369539551,69.775678866588,1865,10.7774798927614,71.0359408033827,55.5495978552279,100,3.627,46.1395986585366,21.3421382113821,5216,2000
"387",180973307021,10.2288392610973,27.6537082988696,93.8544739429695,5.02431118314425,3627,89.8989898989899,6.78866587957497,22.7,12.8756548111387,68.7721369539551,69.775678866588,1865,10.7774798927614,71.0359408033827,55.5495978552279,100,3.627,46.1395986585366,21.3421382113821,5216,2000
"388",180973307022,19.0946930280957,18.4703433922997,93.6898395721925,6.06741573033708,1922,97.5188781014024,1.52838427947598,12.5,7.59625390218522,72.5982532751092,97.2707423580786,1007,6.05759682224429,73.7028301886792,91.0625620655412,100,1.922,48.5413406910569,24.0474796747967,5216,2000
"389",180973307023,19.0946930280957,18.4703433922997,93.6898395721925,6.06741573033708,1922,97.5188781014024,1.52838427947598,12.5,7.59625390218522,72.5982532751092,97.2707423580786,1007,6.05759682224429,73.7028301886792,91.0625620655412,100,1.922,48.5413406910569,24.0474796747967,5216,2000
"390",180973401131,14.889244119662,27.9515871203471,95.9115561118064,16.934942991281,4379,93.6517181129878,5.12521840419336,42.8,11.119257086999,61.0366919044846,84.1584158415842,1825,5.91780821917808,69.3628558517849,49.7534246575342,100,4.379,63.7348389430894,77.703418699187,5216,2000
"391",180973401132,14.889244119662,27.9515871203471,95.9115561118064,16.934942991281,4379,93.6517181129878,5.12521840419336,42.8,11.119257086999,61.0366919044846,84.1584158415842,1825,5.91780821917808,69.3628558517849,49.7534246575342,100,4.379,63.7348389430894,77.703418699187,5216,2000
"392",180973408002,10.8219178082192,26.8493150684932,100,16.2112932604736,730,100,0.28169014084507,25.9,3.28767123287671,71.2676056338028,71.5492957746479,361,12.4653739612188,82.5242718446602,22.7146814404432,100,0.73,51.0573082520325,130.60787398374,5216,2000
"393",180973417012,11.1359820928931,19.9776161163962,94.7637292464879,8.04597701149425,1787,86.0215053763441,14.0783744557329,17.9,21.2469733656174,62.1190130624093,63.5703918722787,763,13.2372214941022,78.4366576819407,27.2608125819135,100,1.787,47.7252293495935,68.0844268292683,5216,2000
"394",180973417021,9.77027024872575,26.7979248673149,96.1990689243192,7.22495894909688,1244.5,72.229502688172,30.4158106044898,21.8,12.4753385346605,60.9296364013345,40.0644167153602,554,11.1113643702395,72.6274197500613,13.6304062909567,100,1.2445,46.8099221544715,72.8187743902439,5216,2000
"395",180973417022,14.3721633888048,25.7186081694402,100,5,1322,97.7815699658703,1.54905335628227,26.9,13.0862329803328,65.92082616179,64.8881239242685,619,6.62358642972536,81.92,23.1017770597738,100,1.322,52.4791154878049,107.91306504065,5216,2000
"396",180973419032,6.07631389488841,31.3750899928006,94.9896575499885,16.1274509803922,6945,72.4857685009488,26.3440860215054,22.6,15.8151210868281,68.2479443390259,18.5325743200506,3517,10.0938299687233,80.6245389722154,1.56383281205573,100,6.945,46.340996300813,161.118113821138,5216,2000
"397",180973422001,11.4649681528662,26.1146496815287,98.7577639751553,0,942,97.7386934673367,2.08333333333333,18.5,7.67567567567568,58.0729166666667,71.09375,419,6.44391408114558,72.0657276995305,12.8878281622912,100,0.942,47.8619993902439,104.456239837398,5216,2000
"398",180973423004,13.5226179018287,21.6073147256978,93.0776426566885,3.71163454675232,2078,100,1.49253731343284,35.3,10.0577478344562,65.556831228473,88.1745120551091,892,5.94170403587444,71.0945802337938,37.8923766816144,100,2.078,51.3518898780488,78.9057926829268,5216,2000
"399",180973424001,17.1507607192254,21.4384508990318,90.8814589665653,0,723,97.5232198142415,0.615384615384615,19.5,4.52616690240453,69.2307692307692,71.6923076923077,340,5.88235294117647,67.9577464788732,30.8823529411765,100,0.723,47.9070884146341,77.703418699187,5216,2000
"400",180973425001,11.1359820928931,19.9776161163962,94.7637292464879,8.04597701149425,1787,86.0215053763441,14.0783744557329,17.9,21.2469733656174,62.1190130624093,63.5703918722787,763,13.2372214941022,78.4366576819407,27.2608125819135,100,1.787,47.7252293495935,68.0844268292683,5216,2000
"401",180973606013,18.3992640294388,24.1030358785649,96.4765100671141,8.89487870619946,1087,96.9762419006479,2.88888888888889,18.4,0,65.7777777777778,84.4444444444444,495,6.46464646464646,68.0890538033395,3.83838383838384,100,1.087,76.2876233333333,122.191256097561,5216,2000
"402",180973613002,17.8541492036882,27.745180217938,93.0232558139535,4.95391705069124,1193,89.453125,1.78217821782178,19,4.87394957983193,63.3663366336634,87.5247524752475,564,7.6241134751773,82.7645051194539,66.4893617021277,100,1.193,55.8066854878049,21.7930284552846,5216,2000
"403",180973614011,7.8740157480315,27.3840769903762,93.2283464566929,6.43776824034335,1143,100,5.62613430127042,24.2,8.16143497757847,73.3212341197822,52.0871143375681,654,9.32721712538226,68.5557586837294,33.9449541284404,100,1.143,40.120213902439,NA,5216,2000
"404",180973614023,6.2037037037037,29.4444444444444,96.4487489911219,14.6186440677966,2160,96.4285714285714,4.37710437710438,NA,2.74546300604933,58.1369248035915,93.8271604938272,918,7.18954248366013,75.6287944492628,20.479302832244,100,2.16,74.7726321138211,164.725235772358,5216,2000
"405",180973702032,14.0902872777018,28.3173734610123,92.4932975871314,7.37704918032787,731,97.1014492753623,0.687285223367698,10.9,3.04789550072569,57.7319587628866,93.4707903780069,302,9.93377483443709,83.4782608695652,83.112582781457,100,0.731,58.2399898373984,31.7126138211382,5216,2000
"406",180973702043,17.1984047856431,25.2741774675972,95.0455005055612,3.83141762452107,2006,97.8898007033998,2.64672036823936,33,7.3998986315256,66.283084004603,58.8032220943613,928,6.89655172413793,75.9521218715996,19.073275862069,100,2.006,42.957816504065,131.20906097561,5216,2000
"407",180973805012,18.4824902723735,21.8547341115435,94.4038929440389,16.0189573459716,1542,96.137339055794,2.73381294964029,30.2,12.7140974967062,67.4820143884892,77.1223021582734,749,6.67556742323097,66.7134831460674,47.3965287049399,100,1.542,48.6781107317073,106.560394308943,5216,2000
"408",180973805023,9.09090909090909,24.5684695051784,95.8171206225681,14.3289606458123,1738,96.7254408060453,4.54545454545455,24.1,13.4682080924855,70.1474201474201,47.2972972972973,844,6.16113744075829,75.7828810020877,16.824644549763,100,1.738,51.6299388617886,128.954609756098,5216,2000
"409",180973808003,19.5219123505976,15.9362549800797,96.2566844919786,10.1532567049808,753,97.7777777777778,0.638977635782748,15.3,1.85922974767596,70.926517571885,83.7060702875399,315,3.49206349206349,83.4890965732087,24.1269841269841,100,0.753,55.8081884552846,120.387695121951,5216,2000
"410",180973901031,9.32597327135387,24.8692620569436,95.7171314741036,23.2231779085559,3442,96.9363707776905,1.82829888712242,18.4,5.47625983105156,55.1669316375199,96.422893481717,1334,5.17241379310345,67.4074074074074,23.3883058470765,94.498869630746,3.442,81.040006504065,155.106243902439,5216,2000
"411",180973908022,3.54384370740572,29.1231258518855,94.1382327209099,1.28,2201,98.3770287141074,1.91082802547771,17.9,8.85078776645042,49.2993630573248,92.6114649681529,880,8.97727272727273,69.208770257388,91.0227272727273,100,2.201,56.2906410162602,28.5563821138211,5216,2000
"412",180990201011,9.23951670220327,21.8905472636816,96.2099125364432,9.63414634146342,1407,89.6174863387978,10.3130755064457,22,3.48258706467662,56.7219152854512,70.7182320441989,611,8.18330605564648,72.4842767295598,3.10965630114566,100,1.407,59.3837480894309,121.439772357724,286,2000
"413",180990201021,3.7176724137931,13.9547413793103,96.3657678780774,13.4567901234568,1856,100,1.57303370786517,14.7,2.85560344827586,31.9101123595506,88.314606741573,452,2.21238938053097,80.8163265306122,0,9.01098901098901,1.856,88.0182845121951,240.92568699187,286,2000
"414",180990202011,9.5475300954753,20.1743462017435,95.4875100725222,8.94590846047157,2409,100,1.73010380622837,19.4,4.72210614291684,51.9031141868512,83.1603229527105,903,4.76190476190476,70.3125,22.4806201550388,0,2.409,68.9170708130081,121.740365853659,286,2000
"415",180990202022,10.1618705035971,17.8956834532374,98.0165289256198,8.83977900552486,1112,100,1.55844155844156,23.9,4.31654676258993,51.9480519480519,90.9090909090909,386,4.66321243523316,61.9964973730298,10.880829015544,0,1.112,70.2637296747967,143.533394308943,286,2000
"416",180990203023,16.5891472868217,21.8604651162791,95.2978056426332,25.7437070938215,1290,98.3606557377049,1.81159420289855,22.7,9.49764521193093,68.1159420289855,74.6376811594203,733,25.37517053206,71.7813051146384,3.68349249658936,0,1.29,53.9460117479675,116.930869918699,286,2000
"417",180990204003,23.3199821984869,18.4245660881175,95.7213930348259,10.3767349636484,2247,96.4457252641691,6,26.3,10.9595270577535,71.7142857142857,61.1428571428571,1104,5.70652173913043,81.1891891891892,19.0217391304348,94.3396226415094,2.247,40.9994498780488,108.363955284553,286,2000
"418",180990205001,10.2311643835616,19.8202054794521,89.1286307053942,9.97605746209098,2336,90.990990990991,22.9854689564069,19.2,21.0132158590308,53.3685601056803,47.0277410832232,875,8.91428571428571,71.4570858283433,34.8571428571429,88.1437125748503,2.336,57.5005298373984,92.733093495935,286,2000
"419",180990207011,10.4899497487437,22.2361809045226,94.2571785268414,22.2986247544204,1592,97.678916827853,1.54440154440154,20.5,6.15577889447236,49.034749034749,85.7142857142857,541,4.80591497227357,64.4683714670256,11.275415896488,0.551470588235294,1.592,75.304682601626,175.847195121951,286,2000
"420",180990208002,10.2486355366889,21.2856276531231,94.6511627906977,12.1608040201005,1649,97.2536348949919,1.2924071082391,19.6,11.21267519805,54.1195476575121,73.0210016155089,674,8.16023738872404,74.2462311557789,10.3857566765579,0,1.649,53.731087398374,105.057426829268,286,2000
"421",181019502001,8.90287769784173,20.3237410071942,94.9096880131363,13.4370579915134,1112,100,0.448430493273543,25.5,10.9502262443439,59.4170403587444,86.7713004484305,459,4.79302832244009,60.2517985611511,15.4684095860566,56.8376068376068,1.112,68.4481449593496,119.636211382114,7,2000
"422",181019502002,14.2018779342723,19.6009389671362,88.9887640449438,8.09443507588533,852,95.6298200514139,0,17,18.1924882629108,69.8701298701299,73.7662337662338,432,9.9537037037037,60,31.25,100,0.852,42.458831300813,85.0679593495935,7,2000
"423",181039521002,20.8126036484245,18.4908789386401,95.0233281493002,6.83371298405467,1206,96.1748633879781,1.42095914742451,20.9,8.73544093178037,69.0941385435169,82.9484902309059,606,7.59075907590759,80.1818181818182,40.4290429042904,59.1133004926108,1.206,45.5278908943089,78.6051991869919,115,2000
"424",181039522002,19.8300283286119,22.0018885741265,98.8584474885845,4.15512465373961,1059,90.3370786516854,4.63576158940397,19.1,12.7255460588794,63.1346578366446,79.2494481236203,542,11.4391143911439,86.5707434052758,20.8487084870849,100,1.059,42.2709603658537,70.188581300813,115,2000
"425",181039523003,14.071661237785,24.2345276872964,93.6726272352132,5.08646998982706,1535,93.2343234323432,6.44628099173554,21.3,6.91244239631336,62.3140495867769,76.6942148760331,692,9.2485549132948,87.2239747634069,21.242774566474,100,1.535,43.512411504065,85.9697398373984,115,2000
"426",181039524001,22.9508196721311,19.5355191256831,100,5.84070796460177,732,93.9873417721519,3.16091954022989,17.4,6.28415300546448,58.9080459770115,83.9080459770115,346,8.38150289017341,79.155672823219,15.028901734104,100,0.732,49.5077487804878,68.8359105691057,115,2000
"427",181039525002,9.83182406209573,25.2263906856404,89.9014778325123,6.97211155378486,773,96.056338028169,1.9774011299435,18.5,12.1604139715395,72.316384180791,72.8813559322034,394,7.36040609137056,78.9041095890411,36.0406091370558,78.5900783289817,0.773,54.4825711382114,91.5307195121951,115,2000
"428",181039526003,15.7225433526012,21.9653179190751,97.0893970893971,8.50393700787401,865,98.6413043478261,1.31578947368421,16.7,5.10440835266821,63.1578947368421,86.0526315789474,392,7.6530612244898,53.4675615212528,9.94897959183673,0,0.865,60.5365241463415,98.8952601626016,115,2000
"429",181039526004,15.076071922545,21.3001383125864,97.7198697068404,16.7728237791932,723,98.6159169550173,2.16606498194946,22.9,14.3055555555556,61.7328519855596,77.9783393501805,337,14.2433234421365,71.3793103448276,10.6824925816024,0,0.723,52.8924315447154,92.131906504065,115,2000
"430",181039527002,11.4498141263941,21.635687732342,94.0740740740741,14.4219308700834,1345,92.6640926640927,2.12355212355212,22,7.40740740740741,56.3706563706564,75.2895752895753,562,7.82918149466192,75.1602564102564,31.4946619217082,72.0640569395018,1.345,61.7464129674797,95.7390284552846,115,2000
"431",181039527005,12.7374301675978,29.608938547486,98.3286908077994,9.21305182341651,895,100,2.60115606936416,17.5,0,56.6473988439306,91.0404624277457,378,9.78835978835979,84.4117647058823,48.1481481481481,32.6370757180157,0.895,57.2149660162602,98.5946666666667,115,2000
"432",181039528002,4.49574726609964,40.7047387606318,100,3.20121951219512,1646,95,2.22222222222222,NA,5.81896551724138,52.2222222222222,72.2222222222222,195,10.2564102564103,67.6767676767677,17.9487179487179,42.5,1.646,76.2966411382114,133.914402439024,115,2000
"433",181039528003,6.9620253164557,21.8354430379747,96.3087248322148,6.52173913043478,632,100,2.06611570247934,21.3,18.5430463576159,59.504132231405,78.9256198347107,269,8.92193308550186,68.3794466403162,48.6988847583643,0,0.632,46.7588212601626,125.197191056911,115,2000
"434",181050004012,32.7008928571429,19.4196428571429,95.6989247311828,17.7215189873418,896,95.5307262569832,5.78034682080925,30,20.2919708029197,80.0578034682081,41.0404624277457,429,15.8508158508159,81.4606741573034,33.5664335664336,100,0.896,25.6751934552846,91.6810162601626,620,2000
"435",181050004023,4.80824270177447,26.5598168288495,97.5661375661376,34.2042755344418,1747,86.3756613756614,7.94078061911171,33.7,20.0349446709377,61.1036339165545,31.4939434724092,804,6.09452736318408,87.5,3.10945273631841,100,1.747,39.9067925203252,119.035024390244,620,2000
"436",181050005011,3.94957983193277,33.1932773109244,91.4580265095729,10.962962962963,1190,90.3092783505155,8.13008130081301,26.1,25.2115059221658,61.3821138211382,46.5447154471545,523,7.45697896749522,79.7979797979798,38.623326959847,100,1.19,48.8990469512195,36.0712195121951,620,2000
"437",181050005023,8.60986547085202,30.3139013452915,93.7956204379562,8.45839017735334,1115,100,2.36559139784946,19.5,6.1865189289012,59.5698924731183,87.741935483871,485,5.77319587628866,86.4372469635628,53.4020618556701,100,1.115,55.1093085772358,72.1424390243902,620,2000
"438",181050006013,4.88052872394509,22.7249618708693,85.4423292273236,12.6135216952573,1967,87.8248974008208,9.54415954415954,32.4,47.9918657854601,62.2507122507122,33.3333333333333,774,5.81395348837209,90.1617250673854,7.62273901808785,100,1.967,22.243918699187,84.1661788617886,620,2000
"439",181050006021,4.74168435951875,21.0191082802548,88.9957907396272,27.818853974122,2826,87.0809484873263,8.42020850040096,48.5,49.4338287331918,59.9839615076183,28.3881315156375,1295,5.79150579150579,90.2158273381295,20.7722007722008,100,2.826,29.9195736178862,25.5504471544715,620,2000
"440",181050006022,9.5959595959596,43.9393939393939,100,10.8974358974359,396,90.3846153846154,6.10328638497653,21,3.53535353535354,74.1784037558685,41.7840375586854,241,13.2780082987552,89.2592592592593,24.896265560166,100,0.396,50.5267607317073,113.92493495935,620,2000
"441",181050011011,7.70577933450088,27.3204903677758,96.978021978022,17.5824175824176,1142,92.9236499068901,3.7593984962406,32,25.2418645558487,72.9323308270677,50,602,9.63455149501661,93.6079545454545,31.3953488372093,100,1.142,33.7265902439024,89.7271585365854,620,2000
"442",181050011012,6.85413005272408,21.9683655536028,94.8228882833787,36.8312757201646,1138,88.7665198237885,6.25,38.9,48.3408071748879,61.8303571428571,20.3125,475,5.68421052631579,88.8888888888889,1.68421052631579,100,1.138,25.9322008943089,121.890662601626,620,2000
"443",181050011022,12.4790619765494,27.2194304857621,95.2815829528158,36.0313315926893,1194,94.488188976378,2.84629981024668,19.4,6.11390284757119,62.4288425047438,86.3377609108159,541,7.7634011090573,84.9662162162162,8.13308687615527,100,1.194,69.5122459349593,144.435174796748,620,2000
"444",181050011031,8.76068376068376,27.2079772079772,98.3072916666667,15.4802259887006,1404,93.1323283082077,2.17755443886097,25.7,7.18432510885341,61.4740368509213,75.5443886097152,630,6.34920634920635,76.6712141882674,35.5555555555556,100,1.404,49.2071552845528,113.624341463415,620,2000
"445",181050011032,6.640625,29.1015625,96.0176991150443,15.6695156695157,512,97.7064220183486,1.79372197309417,23.6,3.16205533596838,60.9865470852018,76.2331838565022,228,5.70175438596491,92.2330097087379,20.1754385964912,42.7966101694915,0.512,65.128089796748,136.920337398374,620,2000
"446",181050013012,11.8598382749326,28.167115902965,93.1166347992352,20.0371057513915,742,100,3.35917312661499,32.8,9.97304582210243,73.3850129198966,83.7209302325581,378,7.14285714285714,81.7982456140351,64.021164021164,100,0.742,46.895591300813,32.4640975609756,620,2000
"447",181050013031,14.4704931285368,24.2522231204527,95.9026888604353,30.8120133481646,1237,97.3282442748092,2.11132437619962,25.9,4.83606557377049,62.763915547025,69.6737044145873,549,2.9143897996357,75.7009345794392,3.27868852459016,67.7839851024209,1.237,76.473991300813,173.141853658537,620,2000
"448",181050014041,14.2098273572377,19.6547144754316,95.7964601769911,31.610337972167,753,100,0.327868852459016,17.7,2.65604249667995,62.2950819672131,87.5409836065574,570,39.8245614035088,42.4083769633508,28.4210526315789,0,0.753,75.984023902439,162.170191056911,620,2000
"449",181050015012,10.2026049204052,23.082489146165,96.9444444444444,22.9122055674518,1382,96.3178294573643,0.583657587548638,15.8,4.0520984081042,55.8365758754864,86.3813229571984,544,4.96323529411765,80.8176100628931,10.1102941176471,13.1238447319778,1.382,76.2530550813008,159.765443089431,620,2000
"450",181079567002,16.7140825035562,24.1820768136558,95.4337899543379,14.3333333333333,1406,100,0.19047619047619,19,4.93562231759657,58.8571428571429,85.1428571428571,562,6.93950177935943,69.2567567567568,7.11743772241993,0,1.406,62.2799664227642,125.347487804878,116,2000
"451",181079569001,16.3869693978282,23.0009871668312,92.8436911487759,8.86262924667651,1013,99.0338164251208,0.485436893203884,18,7.73809523809524,60.1941747572816,78.6407766990291,453,8.60927152317881,76.1194029850746,5.29801324503311,0,1.013,59.8842362601626,114.375825203252,116,2000
"452",181079570001,7.92316926770708,25.9303721488595,94.0133037694013,14.1560798548094,833,94.0993788819876,5.71428571428571,22.2,8.71862615587847,63.4920634920635,65.3968253968254,329,8.51063829787234,77.3067331670823,6.38297872340426,100,0.833,59.7865433739837,144.735768292683,116,2000
"453",181079572003,17.0637119113573,22.5484764542936,92.8170594837262,6.96517412935323,1805,98.4231274638633,2.07253886010363,21.5,16.9054441260745,66.4507772020725,73.4455958549223,838,7.51789976133652,91.219512195122,25.0596658711217,100,1.805,44.3014694308943,88.675081300813,116,2000
"454",181095101023,7.17317487266553,15.6196943972835,100,15.6702328508496,2356,96.5558194774347,0.482509047044632,22.7,4.64027245636441,48.6127864897467,90.4704463208685,883,3.85050962627407,51.7945109078114,9.51302378255946,27.694090382387,2.356,85.832969796748,213.872272357724,583,2000
"455",181095102021,4.68445022771633,26.7404033832141,98.155737704918,21.6599190283401,1537,100,0.816326530612245,22.9,0,46.9387755102041,93.265306122449,602,7.80730897009967,62.144420131291,33.7209302325581,93.854748603352,1.537,102.419718902439,178.702833333333,583,2000
"456",181095102024,3.83838383838384,28.5521885521886,95.2667167543201,6.81959082455053,2970,97.2946859903382,0.465549348230912,26.4,11.5241635687732,49.4413407821229,79.608938547486,1219,17.8835110746514,48.9033306255077,52.1739130434783,72.6780185758514,2.97,58.8306560569106,46.1411016260163,583,2000
"457",181095103002,28.1808622502629,23.1335436382755,94.9771689497717,12.3367198838897,951,100,0,23.4,2.77777777777778,68.2795698924731,60.752688172043,400,7.5,58.0808080808081,4.25,100,0.951,60.7274010162602,152.701495934959,583,2000
"458",181095104021,6.38297872340426,20.1880257298367,97.053726169844,9.54968944099379,2021,100,0.813008130081301,23.9,5.14596734289955,53.2520325203252,92.4119241192412,763,5.76671035386632,46.5663217309501,22.5425950196592,80.690537084399,2.021,84.5885127235772,199.894674796748,583,2000
"459",181095106013,7.61904761904762,17.6190476190476,96.3525835866261,13.5071090047393,1470,97.2103004291845,0.62111801242236,0,2.6009582477755,48.6542443064182,92.1325051759834,472,2.54237288135593,40.8723747980614,16.9491525423729,0,1.47,77.0856990650407,207.559808943089,583,2000
"460",181095107042,7.43801652892562,20.3397612488522,98.0769230769231,12.3921568627451,2178,96.9620253164557,0.50125313283208,21.6,12,50.5012531328321,71.9298245614035,837,5.25686977299881,47.8215767634855,19.7132616487455,38.7173396674584,2.178,66.1936937398374,139.325085365854,583,2000
"461",181095108003,15.4945054945055,20.3296703296703,94.3980929678188,5.06445672191529,1820,99.1304347826087,1.27118644067797,18.3,16.8731563421829,60.0282485875706,52.2598870056497,712,2.80898876404494,71.7250324254215,21.2078651685393,100,1.82,41.5029439837398,99.1958536585366,583,2000
"462",181095109002,24.3188010899183,22.6158038147139,92.9042904290429,8.65087538619979,1468,97.03125,0.596125186289121,21.9,19.5410806809771,70.0447093889717,41.5797317436662,686,8.16326530612245,58.4086799276673,6.99708454810496,100,1.468,30.8273659756098,107.612471544715,583,2000
"463",181095110011,6.57095527332965,16.2893429044727,96.6292134831461,11.2227805695142,1811,100,0.146198830409357,14.8,3.86526780784097,57.6023391812866,92.5438596491228,723,4.70262793914246,44.0333024976873,15.6293222683264,0,1.811,90.0127223577236,235.064113821138,583,2000
"464",181111004001,11.4207650273224,20.7650273224044,93.970893970894,5.90582601755786,1830,97.5609756097561,1.23022847100176,NA,2.69495412844037,46.0456942003515,92.4428822495606,591,3.38409475465313,34.3181818181818,3.04568527918782,20.3735144312394,1.83,80.4884174390244,168.933544715447,98,2000
"465",181111004002,8.07453416149068,20.6832298136646,95.7983193277311,2.51509054325956,1610,97.887323943662,1.44144144144144,35.6,9.56521739130435,47.9279279279279,90.4504504504504,600,5.33333333333333,37.4841168996188,23.3333333333333,0,1.61,63.5635006504065,140.226865853659,98,2000
"466",181139717004,6.60313138189244,25.4594962559564,98.1109799291617,9.18367346938776,1469,98.4761904761905,1.14068441064639,27.8,6.33083730428863,50.1901140684411,93.7262357414449,618,11.6504854368932,80.3363518758085,46.6019417475728,49.1638795986622,1.469,70.6259448373984,87.4727073170732,244,2000
"467",181139719002,15.7959434542102,24.6465888137677,95.4721862871928,7.02106318956871,1627,99.2559523809524,1.96078431372549,18.3,10.9443402126329,61.236802413273,70.1357466063348,701,4.56490727532097,78.6435786435786,29.1012838801712,100,1.627,46.0283790650407,91.2301260162602,244,2000
"468",181139720001,10.4310344827586,20.8620689655172,96.5463108320251,9.41644562334218,1160,98.1087470449173,0.934579439252336,26.3,5.77586206896552,55.3738317757009,83.6448598130841,528,19.5075757575758,66.7796610169491,21.780303030303,0,1.16,70.6394715447154,134.064699186992,244,2000
"469",181139720003,12.0481927710843,21.0295728368018,99.163179916318,11.5323854660348,913,98.5590778097983,0,20,1.97585071350165,55.8479532163743,92.6900584795322,400,13.75,74.8400852878465,15.5,0,0.913,67.6335365853659,126.39956504065,244,2000
"470",181139721001,7.23684210526316,15.9210526315789,96.3157894736842,4.80349344978166,760,100,0.977198697068404,17.5,2.23684210526316,53.7459283387622,93.8110749185668,409,30.3178484107579,66.0714285714286,7.8239608801956,0,0.76,72.3934345934959,163.673158536585,244,2000
"471",181139721003,12.6799177518849,19.4653872515422,99.0679094540613,4.17690417690418,1459,88.1818181818182,14.6853146853147,19.9,6.73758865248227,49.4172494172494,72.4941724941725,445,2.92134831460674,84.5403899721449,8.98876404494382,31.2217194570136,1.459,73.3944109349594,140.978349593496,244,2000
"472",181139722002,4.47906523855891,28.1402142161636,96.5714285714286,6.02836879432624,1027,64.2857142857143,28.4403669724771,17.6,20.3339882121807,44.6483180428135,73.0886850152905,340,3.82352941176471,79.8387096774194,25.2941176470588,100,1.027,58.9629171951219,112.12137398374,244,2000
"473",181139722003,10.3025936599424,13.4005763688761,95.2592592592593,13.6034732272069,1388,92.6530612244898,18.4322033898305,28.3,15.4298310066128,54.4491525423729,65.4661016949153,498,2.40963855421687,72.8896103896104,5.62248995983936,100,1.388,46.5724532926829,112.421967479675,244,2000
"474",181139722004,6.95384615384615,24.3692307692308,91.7888563049853,3.43511450381679,1625,72.6618705035971,36.768149882904,19.2,20.3007518796992,33.4894613583138,66.7447306791569,482,12.448132780083,78.1512605042017,20.746887966805,100,1.625,53.5432164634146,94.5366544715447,244,2000
"475",181139723001,9.60874568469505,23.1875719217491,96.4135021097046,8.0078125,1738,99.0306946688207,2.24358974358974,14.4,2.2478386167147,51.7628205128205,88.4615384615385,650,5.84615384615385,64.0845070422535,7.69230769230769,0,1.738,60.8701829268293,119.035024390244,244,2000
"476",181139723002,6.98280354351225,21.7821782178218,94.6506550218341,5.96285434995112,1919,93.517017828201,19.0938511326861,23.4,13.7265135699374,43.5275080906149,78.1553398058252,659,6.82852807283763,68.8888888888889,37.7845220030349,3.77073906485671,1.919,61.684791300813,95.2881382113821,244,2000
"477",181139723003,11.2959112959113,21.5523215523216,97.8149100257069,8.76132930513595,1443,98.9071038251366,1.10497237569061,13.3,1.3268156424581,59.1160220994475,86.5561694290976,649,13.8674884437596,54.532967032967,12.326656394453,0,1.443,71.2196169918699,135.717963414634,244,2000
"478",181139724003,9.09090909090909,23.0462519936204,99.3288590604027,10.1863354037267,1254,100,0.5859375,22,2.87081339712919,59.9609375,69.3359375,550,7.81818181818182,78.8888888888889,11.8181818181818,0,1.254,62.7744427235772,126.850455284553,244,2000
"479",181139724004,10.5407255304586,30.321697467488,95.1768488745981,9.84682713347921,1461,98.1210855949896,0.417536534446764,19.8,5.31665363565285,52.6096033402923,80.1670146137787,496,5.24193548387097,82.6235093696763,28.6290322580645,0,1.461,56.4469496341463,102.352085365854,244,2000
"480",181139725001,11.4645858343337,24.9699879951981,96.875,10.7212475633528,1666,95.5089820359281,0.898203592814371,20.4,5.87878787878788,59.4311377245509,63.0239520958084,697,4.16068866571019,74.7030878859858,15.9253945480631,0,1.666,62.3731504065041,134.214995934959,244,2000
"481",181159658001,6.08058608058608,26.8131868131868,95.2258064516129,11.5515288788222,1365,97.7319587628866,1.23203285420945,35.1,8.4981684981685,53.1827515400411,88.5010266940452,531,8.66290018832392,55.5858310626703,26.5536723163842,0,1.365,76.968467601626,201.54793902439,23,2000
"482",181179513001,18.093503339405,18.2149362477231,98.3783783783784,8.61423220973783,1647,98.5228951255539,0.739644970414201,20,11.7970660146699,62.2781065088757,75.2958579881657,710,5.07042253521127,79.6586059743954,16.7605633802817,0,1.647,46.9121239430894,103.404162601626,5,2000
"483",181179513003,14.853195164076,17.3575129533679,94.8176583493282,8.82740447957839,1158,98.3644859813084,0.233644859813084,23.8,12.7604166666667,58.6448598130841,82.9439252336449,451,4.65631929046563,63.3262260127932,27.4944567627494,0,1.158,41.7644603252033,95.1378414634146,5,2000
"484",181179515001,14.2439024390244,18.3414634146341,95.5249569707401,15.4362416107383,1025,100,1.78970917225951,19.4,13.6585365853659,63.9821029082774,73.6017897091723,479,8.55949895615866,77.5628626692456,23.3820459290188,63.7295081967213,1.025,54.2135399593496,102.201788617886,5,2000
"485",181179517001,25.437693099897,16.0659114315139,91.0290237467018,6.2402496099844,971,97.5741239892183,0.51413881748072,31.9,20.2846975088968,61.6966580976864,71.9794344473008,414,11.8357487922705,79.6407185628743,33.0917874396135,100,0.971,30.5448080894309,69.7376910569106,5,2000
"486",181179517002,17.4285714285714,19.5714285714286,93.8953488372093,5.13347022587269,700,100,1.03448275862069,16,4,66.8965517241379,68.6206896551724,319,8.77742946708464,78.6163522012579,15.3605015673981,100,0.7,41.2729899593496,70.0382845528455,5,2000
"487",181199558002,16.249153689912,18.957345971564,98.7688098495212,8.52791878172589,1477,100,0.929368029739777,17.3,7.29013254786451,61.3382899628253,78.4386617100372,587,9.54003407155026,58.6552217453505,26.5758091993186,0,1.477,63.7979635772358,119.936804878049,5,2000
"488",181210302001,13.4872417982989,16.767922235723,96.6942148760331,5.95009596928983,823,98.4076433121019,1.61290322580645,18.3,16.219512195122,60.3225806451613,77.4193548387097,338,8.28402366863905,68.2492581602374,28.1065088757396,0,0.823,52.7331169918699,80.7093536585366,43,2000
"489",181210303001,23.8540692235734,19.176800748363,91.0480349344978,10.2998696219035,1069,98.8721804511278,0.572519083969466,21.7,23.3962264150943,72.7099236641221,53.2442748091603,580,7.41379310344828,67.4479166666667,13.1034482758621,87.3015873015873,1.069,31.9380589430894,100.698821138211,43,2000
"490",181210303003,32.1711568938193,10.6180665610143,97.752808988764,22.4175824175824,631,100,0,39,12.9370629370629,62.8352490421456,81.2260536398467,248,6.85483870967742,70.5179282868526,2.41935483870968,100,0.631,61.0580538617886,119.936804878049,43,2000
"491",181210304013,14.9659863945578,16.0349854227405,95.5116696588869,11.3577023498695,1029,100,0.25,19.1,4.17881438289602,68,91.25,716,42.3184357541899,40.6679764243615,26.2569832402235,0,1.029,67.6335365853659,151.799715447154,43,2000
"492",181239523003,12.7272727272727,23.4848484848485,94.6991404011461,8.91203703703704,1320,99.4140625,0.395256916996047,20,8.87035633055345,57.9051383399209,86.3636363636364,555,9.18918918918919,60.5345911949686,25.4054054054054,0,1.32,55.6563887398374,104.456239837398,56,2000
"493",181239524002,21.9424460431655,15.4676258992806,96.9939879759519,4.95726495726496,834,100,1.01010101010101,19.1,7.1863580998782,68.4343434343434,76.2626262626263,470,12.3404255319149,62.046908315565,24.468085106383,70.2643171806167,0.834,55.8743190243902,101.300008130081,56,2000
"494",181239524003,36.3440860215054,14.1935483870968,93.4246575342466,1.76991150442478,930,100,0.389105058365759,21.7,11.1827956989247,78.7937743190661,52.5291828793774,550,10,69.208211143695,2.36363636363636,100,0.93,25.1867290243902,93.0336869918699,56,2000
"495",181259540001,16.7621776504298,21.7765042979943,100,10.0616016427105,698,98.6754966887417,0,14.5,3.66032210834553,65.615141955836,86.4353312302839,335,9.85074626865672,62.7659574468085,12.5373134328358,66.8571428571429,0.698,55.3768367886179,91.2301260162602,73,2000
"496",181259541002,14.7747747747748,19.4594594594595,94.2307692307692,4.99153976311337,1665,100,0.628930817610063,22.5,6.93928128872367,58.8050314465409,87.8930817610063,695,8.20143884892086,45.5307262569832,23.1654676258993,0.432900432900433,1.665,54.8237447560976,80.5590569105691,73,2000
"497",181270501041,6.4380459398253,21.2229052086703,96.9596827495043,18.534961154273,3091,97.841726618705,2.95964125560538,24,9.20144594150509,48.2511210762332,92.6457399103139,1185,5.48523206751055,59.4575303354747,46.3291139240506,67.2033898305085,3.091,80.1968417479675,166.829390243902,1107,2000
"498",181270501043,13.2109270040305,16.4800716524854,96.5266558966074,26.9533615990309,2233,99.2170022371365,2.1953896816685,16.3,2.23914017017465,60.9220636663008,93.0845225027442,945,4.86772486772487,65.9517426273459,19.2592592592593,14.2110762800418,2.233,78.0551130894309,201.848532520325,1107,2000
"499",181270501053,6.4380459398253,21.2229052086703,96.9596827495043,18.534961154273,3091,97.841726618705,2.95964125560538,24,9.20144594150509,48.2511210762332,92.6457399103139,1185,5.48523206751055,59.4575303354747,46.3291139240506,67.2033898305085,3.091,80.1968417479675,166.829390243902,1107,2000
"500",181270503011,12.4578091439092,22.4608775698067,93.891797556719,17.4652933273623,3259,94.4362017804154,3.67647058823529,26.4,6.55483069276173,63.1617647058823,81.0294117647059,1467,7.90729379686435,62.1586475942783,30.0613496932515,83.6043360433604,3.259,74.0346750813008,153.903869918699,1107,2000
"501",181270503021,12.4578091439092,22.4608775698067,93.891797556719,17.4652933273623,3259,94.4362017804154,3.67647058823529,26.4,6.55483069276173,63.1617647058823,81.0294117647059,1467,7.90729379686435,62.1586475942783,30.0613496932515,83.6043360433604,3.259,74.0346750813008,153.903869918699,1107,2000
"502",181270504071,7.6513132851161,24.514655500571,91.6159567275186,11.8445404071561,2627,87.7333333333333,10.2040816326531,18,10.3871215024914,62.2892635314996,55.0133096716948,1255,10.6772908366534,66.9932177844763,40.8764940239044,93.8144329896907,2.627,67.4772279674797,150.447044715447,1107,2000
"503",181270504072,7.6513132851161,24.514655500571,91.6159567275186,11.8445404071561,2627,87.7333333333333,10.2040816326531,18,10.3871215024914,62.2892635314996,55.0133096716948,1255,10.6772908366534,66.9932177844763,40.8764940239044,93.8144329896907,2.627,67.4772279674797,150.447044715447,1107,2000
"504",181270505071,10.7201759208356,20.853949056258,94.8628814213982,9.38750384733764,5457,94.302143230528,11.6279069767442,28.9,11.1904302527494,51.7441860465116,64.0591966173362,2042,6.51322233104799,61.7003367003367,26.8364348677767,99.5555555555556,5.457,67.4561864227642,170.887402439024,1107,2000
"505",181270506022,9.77011494252874,14.8706896551724,97.1023427866831,28.5714285714286,2784,96.3063063063063,2.24416517055655,25.7,3.73563218390805,59.3357271095153,70.556552962298,1229,9.6826688364524,68.7213114754098,2.68510984540277,100,2.784,85.0544326422764,213.421382113821,1107,2000
"506",181270506063,1.84994861253854,11.0996916752312,91.186839012926,20.899854862119,2919,95.0998185117967,8.80733944954128,23.3,14.4602851323829,80.1834862385321,21.8348623853211,589,6.45161290322581,89.5833333333333,0,100,2.919,39.7444720325203,153.002089430894,1107,2000
"507",181270508021,15.9168370824813,26.3803680981595,97.439446366782,26.344980587909,2934,93.7323943661972,5.40925266903915,24.6,9.39863161685272,73.5943060498221,34.5195729537367,1555,9.0032154340836,58.8929889298893,3.21543408360129,100,2.934,53.9956096747967,140.076569105691,1107,2000
"508",181270510092,9.84269662921348,21.3033707865169,98.4423676012461,16.0220994475138,2225,96.8636911942099,2.05811138014528,26.3,8.23475887170155,53.6319612590799,91.0411622276029,866,4.27251732101617,69.4011484823626,36.1431870669746,22.1320973348783,2.225,86.891058902439,187.720638211382,1107,2000
"509",181270510093,9.84269662921348,21.3033707865169,98.4423676012461,16.0220994475138,2225,96.8636911942099,2.05811138014528,26.3,8.23475887170155,53.6319612590799,91.0411622276029,866,4.27251732101617,69.4011484823626,36.1431870669746,22.1320973348783,2.225,86.891058902439,187.720638211382,1107,2000
"510",181270511012,10.546218487395,23.8235294117647,93.8618925831202,7.52840909090909,2380,94.9732620320856,3.23624595469256,29.7,4.83193277310924,57.0658036677454,62.4595469255663,964,3.21576763485477,52.0446096654275,8.81742738589212,100,2.38,59.9623905691057,149.996154471545,1107,2000
"511",181290401002,12.4383020730503,20.9279368213228,95.0442477876106,8.9051094890511,1013,100,0.269541778975741,23.6,6.6271018793274,52.5606469002695,81.6711590296496,388,5.92783505154639,51.0121457489879,8.76288659793815,0,1.013,58.2399898373984,96.6408089430894,97,2000
"512",181290403002,9.01348474095103,22.7111426543648,96.3197969543147,11.3661202185792,1409,98.5915492957747,0.804828973843058,15.4,6.3875088715401,49.2957746478873,87.1227364185111,515,3.49514563106796,63.7142857142857,7.37864077669903,0,1.409,87.6726019918699,158.112178861789,97,2000
"513",181290405001,7.49440715883669,23.1543624161074,90,18.2905982905983,894,98.1424148606811,1.23839009287926,24.6,8.27740492170022,50.7739938080495,91.3312693498452,341,8.21114369501466,89.769820971867,30.2052785923754,23.0769230769231,0.894,71.0783380487805,141.880130081301,97,2000
"514",181290405003,10.8273748723187,19.9182839632278,97.2602739726027,19.5103289977047,1958,97.4754558204769,0.843881856540084,30.4,3.9426523297491,52.6019690576653,88.1856540084388,790,8.10126582278481,68.9691817215728,13.7974683544304,23.8709677419355,1.958,85.9637279674797,154.354760162602,97,2000
"515",181290406003,14.8815165876777,18.8625592417062,94.8875255623722,3.90977443609023,1055,94.199535962877,4.1002277904328,25.5,17.1563981042654,64.4646924829157,65.1480637813212,513,15.9844054580897,64.1646489104116,9.16179337231969,100,1.055,36.1433619512195,83.5649918699187,97,2000
"516",181319589001,11.7821782178218,23.0693069306931,99.4047619047619,7.10900473933649,1010,90.9814323607427,4.30379746835443,32.7,6.80680680680681,57.7215189873418,83.2911392405063,533,29.2682926829268,53.765690376569,30.5816135084428,0,1.01,50.7251524390244,93.7851707317073,73,2000
"517",181339561002,14.6768893756846,18.0722891566265,96.6981132075472,4.7843137254902,1826,98.7306064880113,0.712250712250712,14.2,10.9529025191676,62.6780626780627,87.7492877492877,1075,33.5813953488372,53.5099337748344,38.3255813953488,0,1.826,50.9460886585366,123.093036585366,40,2000
"518",181339562001,8.65847140566542,14.484233030465,96.6257668711656,25.8121158911326,1871,98.3122362869198,1.06060606060606,22,7.80331373597007,60,81.8181818181818,741,3.9136302294197,82.7428571428571,8.23211875843455,36.2844702467344,1.871,76.4394230487805,147.591406504065,40,2000
"519",181339562004,11.0572259941804,30.552861299709,100,20.1309328968903,1031,94.1666666666667,2.15384615384615,13.9,2.82828282828283,51.6923076923077,75.6923076923077,377,4.50928381962865,81.8181818181818,10.079575596817,73.6842105263158,1.031,63.5755243902439,125.497784552846,40,2000
"520",181339563014,16.9154228855721,16.9864960909737,96.8978102189781,13.8134592680047,1407,96.943231441048,1.27659574468085,16.5,5.16949152542373,60,75.3191489361702,478,3.55648535564854,83.5249042145594,23.6401673640167,70.0205338809035,1.407,68.2602740243902,131.058764227642,40,2000
"521",181339565003,8.03234501347709,22.6954177897574,94.6372239747634,5.93886462882096,1855,98.5915492957747,0.701262272089762,27.2,9.43089430894309,58.90603085554,82.6086956521739,742,5.12129380053908,55.4660529344074,38.8140161725067,0,1.855,58.8667272764228,110.768703252033,40,2000
"522",181359515001,13.0707251566697,24.4404655326768,94.9748743718593,5.93667546174142,1117,99.5444191343963,0.226757369614512,21.1,7.56075607560756,59.6371882086168,76.8707482993197,491,9.36863543788187,65.0375939849624,21.7922606924644,0,1.117,50.3674461788618,68.3850203252033,60,2000
"523",181359516001,25.626423690205,18.3371298405467,89.1509433962264,3.18181818181818,878,100,2.12264150943396,25.7,21.4123006833713,71.2264150943396,58.0188679245283,457,10.0656455142232,86.7605633802817,0,97.0212765957447,0.878,45.0890243902439,96.0396219512195,60,2000
"524",181359516003,17.0498084291188,26.6283524904215,88.0597014925373,6.58082975679542,1044,98.5042735042735,3.9647577092511,25.2,21.551724137931,66.5198237885462,53.3039647577093,542,14.0221402214022,69.4013303769401,15.1291512915129,99.0566037735849,1.044,29.1199949186992,48.3955528455284,60,2000
"525",181359517002,21.4891611687088,22.6201696512724,88.4905660377358,9.74632843791722,1061,100,1.71306209850107,23.8,8.54616895874263,69.3790149892934,56.745182012848,497,6.03621730382294,79.9554565701559,1.20724346076459,89.5372233400402,1.061,50.1885930487805,100.247930894309,60,2000
"526",181359518003,15.7750342935528,18.7928669410151,89.8550724637681,7.9664570230608,729,100,0.643086816720257,23.7,20.9700427960057,65.5948553054662,70.096463022508,336,6.84523809523809,78.3333333333333,11.0119047619048,84.7305389221557,0.729,39.8436678861789,74.8477804878049,60,2000
"527",181359519001,11.9565217391304,21.9565217391304,93.9784946236559,7.95262267343486,920,98.876404494382,0,18.7,5.34351145038168,58.4269662921348,78.9325842696629,377,5.30503978779841,54.7619047619048,7.16180371352785,0,0.92,57.798117398374,89.2762682926829,60,2000
"528",181359519003,16.5503489531406,19.5413758723829,93.4354485776805,12.1739130434783,1003,99.3006993006993,0,19.4,13.3599202392822,65.034965034965,79.4871794871795,471,8.9171974522293,71.4285714285714,14.4373673036093,75.3715498938429,1.003,47.2683272357724,97.5425894308943,60,2000
"529",181359519005,10.8269394714407,18.1585677749361,98.4509466437177,12.1887287024902,1173,97.8723404255319,0.479616306954436,46.3,7.03259005145798,51.7985611510791,84.8920863309353,447,5.14541387024609,64.3911439114391,7.60626398210291,0,1.173,74.8072003658537,142.030426829268,60,2000
"530",181379684021,14.0875133404482,23.5859124866596,96.7479674796748,6.70194003527337,937,97.2826086956522,2.98913043478261,18.6,8.69098712446352,59.7826086956522,65.2173913043478,399,7.76942355889724,64.3652561247216,18.2957393483709,0,0.937,55.1093085772358,133.01262195122,210,2000
"531",181379686003,14.3205858421481,24.0032546786005,95.8471760797342,5.03778337531486,1229,99.5824634655532,0,20.3,8.92710892710893,59.2901878914405,76.8267223382046,507,5.52268244575937,58.6080586080586,15.3846153846154,0,1.229,51.5397608130081,121.740365853659,210,2000
"532",181379686004,21.6515609264854,19.436052366566,95.4022988505747,6.70731707317073,993,99.4845360824742,1.03092783505155,22.2,9.48275862068965,62.1134020618557,58.7628865979381,433,10.3926096997691,60.7594936708861,8.54503464203233,0,0.993,45.911147601626,109.265735772358,210,2000
"533",181379688002,16.0647571606476,18.6799501867995,93.9393939393939,11.5749525616698,803,99.1228070175439,0.584795321637427,25.2,8.95140664961637,69.0058479532164,71.0526315789474,374,6.14973262032086,49.1477272727273,20.855614973262,0,0.803,44.4382394715447,104.907130081301,210,2000
"534",181379689002,10.9182935647144,23.1381055676067,92.8870292887029,4.17633410672854,1383,97.9253112033195,0.625,22.5,9.20289855072464,48.75,80,518,7.14285714285714,51.1217948717949,25.2895752895753,0,1.383,60.7890226829268,111.971077235772,210,2000
"535",181399742002,10.6635071090047,19.3127962085308,97.3843058350101,16.5714285714286,844,100,0.641025641025641,13,2.38379022646007,54.1666666666667,86.8589743589744,328,5.18292682926829,58.1699346405229,10.9756097560976,0,0.844,80.0796102845528,206.958621951219,77,2000
"536",181399743003,11.096256684492,24.3983957219251,94.0711462450593,2.95670538542767,1496,97.723292469352,0.504201680672269,20.4,14.0256237356709,57.4789915966387,58.4873949579832,632,8.38607594936709,57.396449704142,5.37974683544304,100,1.496,44.2699071138211,93.9354674796748,77,2000
"537",181399744003,15.2990264255911,27.6773296244784,84.7761194029851,14.7991543340381,719,97.1631205673759,1.13207547169811,19,6.71532846715328,60.377358490566,69.811320754717,297,5.05050505050505,65.3696498054475,18.8552188552189,76.0714285714286,0.719,52.9164790243902,161.719300813008,77,2000
"538",181399745003,8.93470790378007,25.4295532646048,97.6939203354298,4.63576158940397,873,100,0,23.1,6.95754716981132,53.5502958579882,79.2899408284024,352,6.81818181818182,49.6598639455782,29.2613636363636,30.1104972375691,0.873,63.4327424796748,110.919,77,2000
"539",181410034002,8.96130346232179,20.3665987780041,98.406374501992,4.41176470588235,491,92.2680412371134,12.2065727699531,42.5,9.36863543788187,65.7276995305164,84.037558685446,215,8.37209302325581,88.135593220339,0,100,0.491,72.7331052439024,116.029089430894,1665,2000
"540",181410106004,14.8362235067437,22.8323699421965,91.1806543385491,9.11492734478203,1038,88.8123924268503,6.28272251308901,25.4,12.2448979591837,80.4537521815009,36.8237347294939,655,8.09160305343512,87.4015748031496,26.7175572519084,100,1.038,40.7785136585366,108.363955284553,1665,2000
"541",181410107001,9.27734375,22.8515625,96.6735966735967,7.40223463687151,1024,95.3995157384988,0.233644859813084,18.3,15.2259332023576,60.0467289719626,83.8785046728972,455,8.13186813186813,86.4745011086474,53.8461538461538,100,1.024,36.4589851219512,52.002674796748,1665,2000
"542",181410108002,15.3046062407132,19.1679049034175,97.4576271186441,7.40740740740741,673,99.2831541218638,1.44404332129964,23.2,8.7667161961367,59.927797833935,60.6498194945848,302,6.29139072847682,69.9115044247788,12.9139072847682,100,0.673,48.8464430894309,109.11543902439,1665,2000
"543",181410111003,16.5745856353591,24.6408839779006,90.745501285347,10,905,95.1030927835051,4.28954423592493,30.9,3.98633257403189,64.6112600536193,96.514745308311,388,9.02061855670103,77.3809523809524,62.3711340206186,88.7254901960784,0.905,53.4876066666667,46.2913983739837,1665,2000
"544",181410111004,11.968085106383,19.1489361702128,88.2211538461538,8.74751491053678,752,95.3216374269006,3.2069970845481,16.5,6.91994572591588,68.5131195335277,85.131195335277,388,10.8247422680412,76.7313019390582,48.4536082474227,100,0.752,50.3073274796748,68.5353170731707,1665,2000
"545",181410113093,18.7121212121212,21.1363636363636,95.7708049113233,19.3932827735645,1320,89.12,7.09677419354839,27.6,14.469696969697,74.1935483870968,70.1612903225807,672,6.54761904761905,85.4814814814815,33.6309523809524,100,1.32,54.5862758943089,97.6928861788618,1665,2000
"546",181410115012,20.5191594561187,31.2731767614339,96.9072164948454,27.1951219512195,2427,73.8187451587916,22.1205186880244,23.8,13.5913591359136,83.6003051106026,5.56826849733028,1411,8.57547838412473,84.2753623188406,5.24450744153083,100,2.427,42.3070315853659,58.0145447154472,1665,2000
"547",181410117012,5.54938956714761,28.2463928967814,95.7377049180328,4.2512077294686,1802,97.5720789074355,1.65413533834586,13.4,10.140056022409,50.9774436090226,87.0676691729323,767,13.4289439374185,78.4671532846715,91.5254237288136,100,1.802,48.0408525203252,19.8391707317073,1665,2000
"548",181410119003,13.1599081866871,20.1989288446825,92.4315619967794,19.9079401611047,1307,98.6381322957199,1.95694716242661,15.7,9.41086457536343,60.4696673189824,95.1076320939335,545,5.68807339449541,73.9750445632799,38.7155963302752,69.9261992619926,1.307,56.2275163821138,110.768703252033,1665,2000
"549",181439669001,8.32830416415208,20.3379601689801,96.2453066332916,7.8781512605042,1657,97.8333333333333,0.490998363338789,23,14.8148148148148,48.6088379705401,83.633387888707,676,12.7218934911243,72.4420190995907,30.3254437869822,43.3285509325681,1.657,53.5191689837398,155.406837398374,205,2000
"550",181439669002,10.1241018941868,24.6244284781189,99.2081447963801,12.1212121212121,1531,96.5694682675815,0.527240773286467,21.6,3.02233902759527,53.9543057996485,85.2372583479789,749,21.0947930574099,56.1260210035006,24.0320427236315,31.7744154057772,1.531,64.2984517479675,151.950012195122,205,2000
"551",181439670001,10.0642398286938,26.8736616702355,89.7674418604651,5.13274336283186,934,96.029776674938,0.97799511002445,26.4,30.1191765980498,65.5256723716381,59.6577017114914,422,8.53080568720379,78.4574468085106,27.7251184834123,100,0.934,33.6604596747967,83.7152886178862,205,2000
"552",181439670002,12.9156999226605,22.6604795050271,96.5568862275449,8.48267622461171,1293,99.1007194244604,0.545454545454545,24,14.6076146076146,66,62,621,7.56843800322061,61.8296529968454,10.9500805152979,100,1.293,42.2033268292683,101.450304878049,205,2000
"553",181439670003,24.1220495106505,16.1773172135866,97.0406905055487,12.2792937399679,1737,98.7983978638184,0.668449197860963,24.8,12.2118380062305,68.716577540107,61.8983957219251,824,9.5873786407767,72.7864583333333,5.46116504854369,100,1.737,52.6805131300813,135.717963414634,205,2000
"554",181439670004,11.8804091266719,21.7938630999213,92.0852359208524,9.26365795724466,1271,98.8571428571429,0.190114068441065,30.4,13.8230647709321,60.6463878326996,69.3916349809886,606,12.8712871287129,65.546218487395,26.5676567656766,100,1.271,46.4988078861789,109.566329268293,205,2000
"555",181439671005,5.33480500367918,21.0448859455482,97.6,10.2781136638452,2718,98.9462592202318,0.206825232678387,23.6,7.6158940397351,50.6721820062048,89.2450879007239,1019,6.86947988223749,53.3390410958904,24.2394504416094,0,2.718,65.7548272357724,133.764105691057,205,2000
"556",181457101002,16.7696381288614,18.0935569285084,95.3757225433526,6.08308605341246,1133,98.8235294117647,0.469483568075117,21.5,5.52486187845304,55.868544600939,74.4131455399061,449,4.00890868596882,61.875,16.9265033407572,0,1.133,54.7335667073171,116.329682926829,161,2000
"557",181457102004,8.22924320352682,14.2542248346804,97.428139183056,14.1176470588235,1361,100,0.596421471172962,29.4,19.6268656716418,50.0994035785288,88.6679920477137,518,7.91505791505791,48.5049833887043,9.65250965250965,0,1.361,66.9782427642276,185.015296747967,161,2000
"558",181457104002,4.54320987654321,29.2345679012346,99.365367180417,12.2633744855967,2025,88.7191539365452,3.55504587155963,20.7,8.37878036688151,59.9770642201835,40.0229357798165,991,12.108980827447,69.0721649484536,17.9616548940464,79.4354838709677,2.025,59.8556798780488,106.109504065041,161,2000
"559",181457105003,21.3729653220099,16.9143665958953,95.9564541213064,7.95454545454545,1413,98.4496124031008,1.42630744849445,21.1,12.5813449023861,74.0095087163233,54.5166402535658,703,8.81934566145092,82.013201320132,11.8065433854908,78.3549783549784,1.413,37.8657626829268,133.914402439024,161,2000
"560",181457107004,14.6048109965636,23.1958762886598,93.1596091205212,2.0253164556962,582,100,0,19.6,3.26460481099656,72.4907063197026,86.6171003717472,279,2.8673835125448,76.4492753623188,28.3154121863799,100,0.582,55.1874628861789,114.676418699187,161,2000
"561",181457108003,13.5078534031414,23.6649214659686,90.7017543859649,13.134328358209,955,97.6470588235294,0,25.3,8.3245521601686,52.6610644257703,88.7955182072829,360,4.16666666666667,73.6943907156673,15.2777777777778,22.8494623655914,0.955,71.6599864634146,152.100308943089,161,2000
"562",181457109001,7.92207792207792,19.4155844155844,95.8432304038005,11.8236472945892,1540,100,0.718132854578097,NA,7.68729641693811,52.6032315978456,88.689407540395,542,5.71955719557196,60.3896103896104,11.4391143911439,0,1.54,76.714466097561,221.838,161,2000
"563",181457109002,9.73451327433628,21.0914454277286,98.6263736263736,4.38799076212471,678,99.1452991452991,0,20.9,4.59940652818991,47.2103004291845,82.4034334763949,239,2.09205020920502,76.123595505618,26.7782426778243,0,0.678,61.0580538617886,121.590069105691,161,2000
"564",181479527021,10.0926879505664,21.6271884654995,97.0940170940171,11.5107913669065,971,100,1.26984126984127,19.7,2.68317853457172,47.9365079365079,82.8571428571429,334,4.49101796407186,54.6641791044776,11.9760479041916,0,0.971,80.7845020325203,140.527459349593,147,2000
"565",181479527022,18.3867141162515,15.0652431791222,98.4126984126984,9.88805970149254,843,97.9452054794521,3.33333333333333,18.5,3.85109114249037,57.3333333333333,77.6666666666667,308,5.51948051948052,60.6205250596659,18.5064935064935,0,0.843,60.8701829268293,105.658613821138,147,2000
"566",181479527023,15.5631986242476,19.7764402407567,93.522906793049,7.23192019950125,1163,94.8164146868251,6.36942675159236,19.9,4.11558669001751,59.6602972399151,70.9129511677282,500,6.6,70.8333333333333,13.6,0,1.163,62.7804545934959,110.768703252033,147,2000
"567",181479531001,22.7670753064799,21.3660245183888,94.4664031620553,4.79616306954436,571,98.8505747126437,2.17391304347826,22.5,21.1908931698774,67.7536231884058,56.8840579710145,291,10.9965635738832,69.8744769874477,32.9896907216495,0,0.571,39.4528963414634,63.8761178861789,147,2000
"568",181499537001,7.6017130620985,22.8051391862955,94.0503432494279,3.26086956521739,934,95.4415954415954,0.56657223796034,28.3,16.3265306122449,56.3739376770538,79.0368271954674,387,8.2687338501292,78.2945736434109,15.7622739018088,0,0.934,52.7286080894309,93.7851707317073,111,2000
"569",181499541003,9.82658959537572,17.3410404624277,91.9354838709677,4.63980463980464,1384,100,1.29589632829374,36.4,18.5185185185185,49.4600431965443,84.4492440604752,489,4.49897750511247,73.8,21.4723926380368,7.01030927835052,1.384,52.6038617886179,118.433837398374,111,2000
"570",181519708001,14.9484536082474,15.0773195876289,98.8095238095238,13.3574007220217,776,100,0.327868852459016,30,4.73061760840999,62.9508196721312,88.8524590163935,794,59.5717884130982,73.1155778894472,5.03778337531486,0,0.776,67.974710203252,213.872272357724,275,2000
"571",181519708003,12.095531587057,20.4160246533128,94.9928469241774,15.2477763659466,1298,99,0.6,19.1,6.73374613003096,55,77.4,526,4.94296577946768,83.5637480798771,21.1026615969582,0,1.298,58.1407939837398,119.636211382114,275,2000
"572",181519709003,7.90378006872852,21.0767468499427,100,19.5876288659794,873,100,1.78041543026706,14.4,3.09155766944114,65.5786350148368,90.5044510385757,523,34.0344168260038,68.0327868852459,17.5908221797323,0,0.873,75.2656054471545,200.34556504065,275,2000
"573",181519710002,8.06675938803894,26.9819193324061,98.7405541561713,26.3104838709677,1438,100,0.912408759124088,14,4.71167369901547,58.029197080292,89.5985401459854,838,33.2935560859189,68.7924016282225,12.5298329355609,22.3700120918984,1.438,83.2899488211382,250.544678861789,275,2000
"574",181519710003,13.9890042761148,21.0751374465486,96.9094922737307,9.09935004642526,1637,98.4375,0.921658986175115,15.7,3.57803824799506,60.36866359447,85.8678955453149,1093,40.9881061299177,68.8235294117647,35.4071363220494,0,1.637,69.9826747560976,131.509654471545,275,2000
"575",181519711001,20.2072538860104,14.5077720207254,98.7684729064039,20.2127659574468,772,96.5944272445821,0,27.5,4.01554404145078,71.7791411042945,91.4110429447853,770,56.6233766233766,75.5725190839695,44.8051948051948,39.501312335958,0.772,63.7047795934959,214.774052845528,275,2000
"576",181519711002,11.4401076716016,19.1117092866756,98.9082969432314,31.163708086785,743,100,1.28617363344051,17.1,2.55720053835801,61.0932475884244,87.1382636655948,586,46.7576791808874,81.712962962963,25.7679180887372,63.4188034188034,0.743,90.4125117073171,242.428654471545,275,2000
"577",181519711003,8.01526717557252,20.2290076335878,97.2324723247232,11.6138763197587,1048,98.8399071925754,0.928074245939675,23,3.7109375,68.4454756380511,83.0626450116009,619,31.0177705977383,80.6883365200765,21.9709208400646,84.1091492776886,1.048,71.2121021544716,189.824792682927,275,2000
"578",181519712001,10.0834492350487,17.9415855354659,96.7130214917826,9.20177383592018,1438,98.4031936127745,0.9765625,17.9,1.87760778859527,49.0234375,85.3515625,529,5.10396975425331,81.9425444596443,17.0132325141777,0.556586270871985,1.438,75.7751114227642,154.054166666667,275,2000
"579",181519713003,11.9815668202765,23.5023041474654,96.9289827255278,13.9097744360902,868,96.100278551532,5.70652173913043,20.6,12.2663551401869,64.945652173913,61.4130434782609,405,11.358024691358,82.3886639676113,30.3703703703704,100,0.868,51.9605917073171,79.9578699186992,275,2000
"580",181519714001,17.1153846153846,13.6538461538462,98.5668789808917,32.6639892904953,1040,98.792270531401,0.970873786407767,39.3,7.30769230769231,58.0097087378641,88.3495145631068,436,4.58715596330275,88.4808013355593,16.0550458715596,67.5925925925926,1.04,67.2577947154471,177.199865853659,275,2000
"581",181519714002,12.4864277958741,24.3213897937025,97.1671388101983,14.954954954955,921,100,2.07715133531157,15.8,1.58924205378973,64.0949554896143,58.7537091988131,364,6.31868131868132,83.3836858006042,1.64835164835165,100,0.921,64.5810096341463,126.098971544715,275,2000
"582",181519714004,7.26698262243286,16.1137440758294,72.4939855653569,21.0386151797603,1899,93.5010482180294,5.08130081300813,27.1,12.2709163346614,59.5528455284553,63.4146341463415,566,15.3710247349823,91.025641025641,20.1413427561837,44.559585492228,1.899,61.9463076422764,124.445707317073,275,2000
"583",181519715001,11.9145439605588,17.6663927691044,96.793893129771,7.68229166666667,1217,95.3252032520325,3.08008213552361,18.9,9.03861955628595,61.6016427104723,85.6262833675565,677,27.4741506646972,82.8947368421053,54.9483013293944,0,1.217,51.7877504471545,65.3790853658537,275,2000
"584",181519715002,5.22167487684729,24.1379310344828,93.9189189189189,6.26057529610829,1015,97.8378378378378,1.85676392572944,24.6,7.38522954091816,56.2334217506631,80.9018567639257,467,20.3426124197002,72.4074074074074,24.1970021413276,0,1.015,80.605648902439,167.58087398374,275,2000
"585",181519716001,16.8801808590806,13.4890730972118,99.2405063291139,11.5015974440895,1327,98.2725527831094,0.769230769230769,21.7,4.29540316503391,59.0384615384615,86.1538461538462,806,35.6079404466501,67.4698795180723,14.1439205955335,0,1.327,79.5325301219512,170.737105691057,275,2000
"586",181519716002,12.1495327102804,24.5327102803738,95.0298210735587,10.8766233766234,856,100,0.550964187327824,20.2,5.38011695906433,67.2176308539945,79.0633608815427,508,28.740157480315,78.6026200873362,10.8267716535433,0,0.856,62.5099204471545,131.960544715447,275,2000
"587",181519716004,7.2289156626506,27.3895582329317,91.5929203539823,6.00801068090788,1245,95.9641255605381,1.12107623318386,19.4,7.39236393176279,53.3632286995516,85.8744394618834,485,8.04123711340206,77.7403035413153,16.9072164948454,0,1.245,70.4516006097561,99.0455569105691,275,2000
"588",181530503012,22.4462365591398,25.4032258064516,92.9230769230769,2.68817204301075,744,97.8125,1.59744408945687,27.3,20.1612903225806,65.1757188498403,70.2875399361022,368,15.7608695652174,69.8245614035088,14.1304347826087,100,0.744,37.7304956097561,73.7957032520325,21,2000
"589",181530503022,13.6721546170365,12.0257695060845,96.3820549927641,11.0141766630316,1397,98.343685300207,0.99009900990099,21.2,11.2866817155756,58.6138613861386,83.3663366336634,545,11.5596330275229,71.1323763955343,15.2293577981651,52.9929577464789,1.397,52.7075665447154,112.271670731707,21,2000
"590",181559657001,8.52965069049553,24.6953696181966,93.3837429111531,5.53359683794466,1231,100,2.11267605633803,17.5,16.8585526315789,48.3568075117371,80.5164319248826,688,35.7558139534884,37.7049180327869,42.7325581395349,0,1.231,62.4678373577236,118.884727642276,122,2000
"591",181559659002,17.8847296494355,18.1818181818182,90.979381443299,8.54184641932701,1683,98.9520958083832,0.449101796407186,23.7,17.0625,66.4670658682635,70.6586826347305,843,20.7591933570581,54.9253731343284,18.2680901542112,0,1.683,46.641589796748,123.994817073171,122,2000
"592",181570001002,22.1635883905013,25.5936675461741,92.2437673130194,6.282722513089,758,95.2141057934509,8,22.6,15.6706507304117,70.75,60,431,6.03248259860789,86.4238410596027,23.8979118329466,100,0.758,41.1903267479675,88.3744878048781,1710,2000
"593",181570016022,3.44015080113101,24.8350612629595,97.0612244897959,25.5851493139629,2122,97.4254742547426,4.1005291005291,18.7,2.79488394126007,44.5767195767196,88.8888888888889,738,1.0840108401084,82.4081981212639,7.04607046070461,100,2.122,81.6968032926829,147.591406504065,1710,2000
"594",181570017021,9.79449059903804,29.3834717971141,94.3672275054865,23.3240223463687,2287,83.1491712707182,9.10698496905393,26.5,19.3826600090785,73.0327144120248,43.5013262599469,1168,8.30479452054795,87.0560378847672,26.7979452054795,97.557003257329,2.287,52.6549626829268,76.9519349593496,1710,2000
"595",181570018002,32.3665893271462,32.9466357308585,94.8559670781893,33.1278890600924,862,88.3211678832117,10.7843137254902,28.9,11.9489559164733,87.4509803921569,23.7254901960784,605,6.28099173553719,88.9370932754881,22.9752066115702,100,0.862,41.7644603252033,26.3019308943089,1710,2000
"596",181570101001,9.40279542566709,10.6734434561626,95.4907161803714,22.7533460803059,787,100,1,26.5,3.93900889453621,63.3333333333333,87.6666666666667,310,2.25806451612903,93.3139534883721,20,85.6677524429967,0.787,86.151598902439,195.235475609756,1710,2000
"597",181570102011,5.67781690140845,24.4718309859155,98.6486486486486,21.8208092485549,2272,94.2028985507246,2.26460071513707,14.8,2.30394328754985,52.3241954707986,91.6567342073897,910,9.01098901098901,84.7808105872622,49.8901098901099,57.871878393051,2.272,71.3909552845528,95.4384349593496,1710,2000
"598",181570102062,4.47368421052632,33.3684210526316,92.9203539823009,40.8163265306122,1900,90.0393184796854,4.79274611398964,28.1,11.1578947368421,58.8082901554404,67.8756476683938,836,8.73205741626794,87.0689655172414,21.88995215311,100,1.9,59.8737154878049,149.244670731707,1710,2000
"599",181570102092,1.82245737801293,24.3386243386243,97.8723404255319,37.7300613496933,1701,95.4758190327613,6.52866242038217,27.4,6.4344746162928,51.7515923566879,72.2929936305732,722,10.803324099723,85.7976653696498,33.6565096952909,100,1.701,62.4032097560976,169.835325203252,1710,2000
"600",181570106002,9.42408376963351,13.9267015706806,94.7080291970803,15.1465798045603,955,100,3.14285714285714,17.8,2.93193717277487,53.7142857142857,76,418,15.5502392344498,82.1428571428571,19.6172248803828,32.0481927710843,0.955,78.4368668292683,188.321825203252,1710,2000
"601",181570110001,9.6862210095498,20.0545702592087,93.558282208589,2.94117647058824,733,100,0.75187969924812,24.6,9.6862210095498,50.7518796992481,72.9323308270677,290,7.24137931034483,65.7627118644068,22.0689655172414,0,0.733,55.1093085772358,107.161581300813,1710,2000
"602",181590204011,20.1982651796778,15.2416356877323,97.6190476190476,9.7972972972973,807,97.3760932944606,0.589970501474926,22.3,0,64.6017699115044,82.0058997050148,359,3.89972144846797,68.682505399568,16.7130919220056,100,0.807,61.130196300813,106.410097560976,53,2000
"603",181590204021,10.5519480519481,26.6233766233766,100,15.9904534606205,1232,100,0.392927308447937,20.2,8.03571428571429,65.0294695481336,61.4931237721022,541,6.09981515711645,71.8887262079063,17.5600739371534,67.5276752767528,1.232,82.2453864227642,146.990219512195,53,2000
"604",181590204022,17.2791243158718,20.3283815480844,98.1395348837209,15.4313487241798,1279,96.484375,0.961538461538462,14.3,9.12667191188041,64.6153846153846,86.3461538461539,551,6.53357531760436,83.69384359401,11.2522686025408,52.3381294964029,1.279,71.4390502439024,139.174788617886,53,2000
"605",181619607003,24.6472248353716,17.4976481655691,94.6153846153846,6.21621621621622,1063,99.0846681922197,0.671140939597315,23,11.6533864541833,64.6532438478747,61.9686800894855,471,5.73248407643312,85.4430379746835,8.9171974522293,0,1.063,38.2009244308943,97.8431829268293,39,2000
"606",181619607004,14.9671052631579,22.2861842105263,94.336569579288,12.3304562268804,1216,99.2217898832685,0.78740157480315,18.9,8.62646566164154,65.9448818897638,71.259842519685,558,6.09318996415771,65.4991243432574,6.63082437275986,0,1.216,55.4715237398374,120.237398373984,39,2000
"607",181619608001,9.88888888888889,23.1111111111111,97.6359338061466,5.38461538461539,900,98.4756097560976,0.302114803625378,20.2,14.2696629213483,54.6827794561934,66.7673716012085,363,10.7438016528926,75.3180661577608,26.1707988980716,0,0.9,50.5688438211382,102.051491869919,39,2000
"608",181619608002,11.9021134593993,16.9076751946607,95.2117863720074,12.3028391167192,899,100,0.303030303030303,10,1.4460511679644,53.3333333333333,79.6969696969697,390,13.0769230769231,75.6929637526652,20.7692307692308,0,0.899,55.9043783739837,121.890662601626,39,2000
"609",181630002031,8.12227074235808,20.0873362445415,100,27.4666666666667,1145,96.4912280701754,1.69133192389006,12.4,6.05794556628622,57.7167019027484,89.8520084566596,484,4.13223140495868,83.617747440273,38.6363636363636,100,1.145,83.6717025609756,177.049569105691,1040,2000
"610",181630002043,14.4368388301182,17.7971375233354,98.2965931863727,22.4436741767764,1607,96.7391304347826,3.63391655450875,23.5,3.09079201545396,71.6016150740242,87.21399730821,773,4.26908150064683,86.6462793068298,8.15006468305304,100,1.607,78.5540982926829,143.833987804878,1040,2000
"611",181630002052,18.3553597650514,23.201174743025,97.1830985915493,10.126582278481,681,96.3934426229508,3.21543408360129,16.2,15.327380952381,70.096463022508,75.5627009646302,337,7.71513353115727,84.9397590361446,11.5727002967359,100,0.681,54.6704420731707,86.2703333333333,1040,2000
"612",181630033003,34.0480274442539,19.1252144082333,90.7621247113164,3.12138728323699,1166,94.0548780487805,3.51681957186544,22.4,18.8255613126079,82.7217125382263,44.0366972477064,677,1.92023633677991,88.0208333333333,19.6454948301329,100,1.166,31.7126138211382,86.8715203252032,1040,2000
"613",181630036003,11.5761353517364,22.5289403383793,93.7153419593346,5.10948905109489,1123,100,2.28215767634855,27.9,13.0899376669635,62.8630705394191,82.7800829875519,488,3.89344262295082,83.469387755102,22.1311475409836,100,1.123,41.534506300813,65.5293821138211,1040,2000
"614",181630038056,3.38709677419355,25.1612903225806,94.1964285714286,8.61111111111111,620,90.1408450704225,8.48056537102473,24.7,13.8709677419355,65.017667844523,51.2367491166078,399,28.5714285714286,70.5555555555556,40.3508771929825,59.9496221662469,0.62,52.1860368292683,49.1470365853659,1040,2000
"615",181630102051,10.4387291981846,25.8320726172466,92.6578560939794,5.02481389578164,2644,97.261567516525,1.33333333333333,12.2,7.22390317700454,60.0952380952381,95.6190476190476,1167,8.31191088260497,79.504132231405,77.2922022279349,100,2.644,53.8919049186992,40.5801219512195,1040,2000
"616",181630108002,22.9934924078091,16.4859002169197,92.8571428571429,11.3705583756345,1383,97.2543352601156,2.39880059970015,25.3,15.1120751988431,73.3133433283358,42.4287856071964,788,12.1827411167513,82.2900763358779,2.79187817258883,100,1.383,26.865543699187,71.0903617886179,1040,2000
"617",181650202001,13.8167938931298,17.8625954198473,94.6875,11.0862262038074,1310,99.6039603960396,0.396039603960396,14.6,6.78768745067088,56.4356435643564,83.7623762376238,555,9.00900900900901,55.5555555555556,18.1981981981982,0,1.31,57.3863043089431,84.3164756097561,41,2000
"618",181650205005,25.3107344632768,23.5028248587571,95.045045045045,9.40594059405941,885,96.742671009772,0.628930817610063,20,5.078125,66.0377358490566,81.7610062893082,339,8.84955752212389,72.7047146401985,11.2094395280236,100,0.885,63.1712261382114,81.6111341463415,41,2000
"619",181670010002,12.0967741935484,18.0645161290323,97.6608187134503,1.06837606837607,620,97.4729241877256,0.3584229390681,27.5,6.45161290322581,64.5161290322581,89.247311827957,291,4.81099656357388,78.4431137724551,19.5876288659794,100,0.62,62.6241459756098,111.069296747967,312,2000
"620",181670011002,12.972972972973,22.8378378378378,96.2209302325581,8.8659793814433,740,95.9044368600683,3.81944444444444,23.4,6.50069156293223,62.1527777777778,61.8055555555556,329,10.9422492401216,79.1530944625407,1.51975683890578,100,0.74,39.7309453252033,63.1246341463415,312,2000
"621",181670101001,12.1879588839941,25.9911894273128,96.4912280701754,11.587982832618,681,97.6510067114094,1.69491525423729,21.3,12.0178041543027,66.4406779661017,70.5084745762712,319,6.26959247648903,74.7692307692308,25.3918495297806,100,0.681,44.6561697560976,91.0798292682927,312,2000
"622",181670102021,13.6617405582923,22.0032840722496,96.5806838632274,12.8693039559339,3045,97.9707792207792,3.45679012345679,21.5,8.75621890547264,58.5185185185185,76.2139917695473,1294,4.63678516228748,79.8872180451128,10.5100463678516,97.0980392156863,3.045,59.2139127642276,113.32374796748,312,2000
"623",181670102022,23.7333333333333,13.0666666666667,93.0817610062893,3.46020761245675,375,93.3734939759036,1.66666666666667,39.8,17.6,63.3333333333333,76.1111111111111,176,4.54545454545455,90.5109489051095,22.7272727272727,100,0.375,28.6044770731707,69.2868008130081,312,2000
"624",181670102023,5.98526703499079,27.5322283609576,92.9219600725953,20.4855842185129,1086,100,1.51898734177215,18.4,8.01104972375691,54.6835443037975,77.4683544303797,434,5.29953917050691,73.1707317073171,22.1198156682028,19.8564593301435,1.086,65.7548272357724,138.273008130081,312,2000
"625",181670104004,13.6617100371747,21.6542750929368,94.49378330373,22.3107569721116,1076,98.5436893203884,0.242130750605327,27.8,6.22676579925651,53.2687651331719,88.861985472155,456,9.21052631578947,75.9223300970874,21.2719298245614,33.6263736263736,1.076,77.2961145121951,138.122711382114,312,2000
"626",181670105001,9.50608091337801,20.8974518077273,88.9578597656933,4.06816709844559,627,99.468085106383,0.133333333333333,22.25,28.020452531295,55.1142857142857,68.5333333333334,303.5,16.6496709001576,85.8346555780489,29.8013040388121,70.1388888888889,0.627,37.6778917479675,55.6097967479675,312,2000
"627",181670106012,10.3766333589546,19.0622598001537,97.4504249291785,17.4863387978142,1301,97.0986460348163,1.36986301369863,22.3,4.76556495003843,61.6438356164384,82.5831702544031,535,3.55140186915888,79.372197309417,21.1214953271028,60,1.301,68.7216850406504,126.098971544715,312,2000
"628",181670106013,14.0930546190155,20.4315576534053,90.2743142144638,23.1610337972167,1483,98.4822934232715,1.51260504201681,15.1,6.60313138189244,57.6470588235294,75.4621848739496,651,9.67741935483871,70.6997084548105,25.0384024577573,64.2857142857143,1.483,56.5792107723577,121.439772357724,312,2000
"629",181670107041,19.4321206743567,15.9716060337178,100,29.5454545454545,1127,100,1.47420147420147,26.4,5.08149568552253,59.2137592137592,81.8181818181818,448,12.7232142857143,84.1584158415842,7.58928571428571,14.4396551724138,1.127,66.0960008536585,152.400902439024,312,2000
"630",181670107042,11.3924050632911,21.9792865362486,97.8947368421053,31.4424635332253,869,100,0.887573964497041,42,1.84119677790564,57.396449704142,91.4201183431953,360,5.27777777777778,83.4408602150538,11.9444444444444,0,0.869,71.1895576422764,197.339630081301,312,2000
"631",181670112011,8.93854748603352,24.2085661080074,94.5652173913043,7.6219512195122,537,100,1.35135135135135,33.3,19.9255121042831,53.1531531531532,76.5765765765766,235,9.78723404255319,63.2034632034632,39.5744680851064,0,0.537,38.8892835365854,82.9638048780488,312,2000
"632",181670112012,9.94724943481537,21.8538055764883,93.7226277372263,16.0822249093108,1327,100,1.16959064327485,14.2,3.19391634980989,54.1910331384016,91.6179337231969,535,6.72897196261682,80.2527646129542,28.2242990654206,2.73224043715847,1.327,67.230741300813,120.537991869919,312,2000
"633",181670112014,19.1199746755302,17.3789173789174,96.5294117647059,38.3715699505173,3159,88.1379310344828,4.60893854748603,27.2,10.4974160206718,71.5083798882682,47.8351955307263,1575,7.68253968253968,81.6149068322981,6.09523809523809,92.0798454603992,3.159,50.408026300813,167.881467479675,312,2000
"634",181691022001,25.0521920668058,9.02922755741127,82.2420634920635,33.3333333333333,1916,97.3105134474328,2.38095238095238,17.1,9.02090209020902,73.8095238095238,70,445,4.9438202247191,87.8748370273794,3.14606741573034,100,1.916,53.1569538211382,136.920337398374,88,2000
"635",181691022002,20.4453441295547,13.5627530364372,98.7152034261242,16.8032786885246,988,97.0355731225296,0.407331975560081,24.9,16.9028340080972,75.5600814663951,71.0794297352342,510,5.88235294117647,74.7747747747748,16.8627450980392,100,0.988,44.2623922764228,130.758170731707,88,2000
"636",181691022003,12.1145374449339,24.4493392070485,98.3505154639175,25.5474452554745,908,100,2.28571428571429,16.5,5.83700440528634,57.4285714285714,54.8571428571429,405,7.65432098765432,64.4144144144144,9.62962962962963,100,0.908,60.2524632926829,98.7449634146341,88,2000
"637",181691024003,8.75462392108508,25.0308261405672,95.5773955773956,14.1434262948207,811,90,0.352112676056338,16,1.953125,61.2676056338028,88.3802816901408,290,5.51724137931035,79.3103448275862,20.6896551724138,0,0.811,80.7845020325203,138.122711382114,88,2000
"638",181691026001,20,18.3168316831683,98.7593052109181,6.22286541244573,1010,92.8191489361702,1.63487738419619,33.5,15.4627539503386,65.1226158038147,78.2016348773842,425,9.41176470588235,77.4798927613941,23.0588235294118,100,1.01,53.0367164227642,63.2749308943089,88,2000
"639",181691029003,15.4502369668246,23.9810426540284,93.3586337760911,10.2011494252874,1055,100,0.506329113924051,35,12.0379146919431,60.7594936708861,86.8354430379747,412,3.39805825242718,68.6021505376344,19.6601941747573,4.88997555012225,1.055,54.7170340650407,147.140516260163,88,2000
"640",181691029004,10.1321585903084,17.9882525697504,96.7654986522911,7.58835758835759,1362,100,0.545454545454545,13.8,3.67107195301028,60.5454545454545,84,612,9.64052287581699,60.9826589595376,19.9346405228758,0,1.362,76.173397804878,157.060101626016,88,2000
"641",181730304001,8.71508379888268,26.0893854748603,89.6076352067869,4.32780847145488,1790,98.59375,0.626959247648903,17.3,16.6277712952159,55.6426332288401,78.5266457680251,724,10.6353591160221,65.4501216545012,50.9668508287293,83.2167832167832,1.79,46.8835675609756,67.6335365853659,439,2000
"642",181730305023,11.0334681868334,19.8602427363001,94.1896024464832,8.69815668202765,2719,99.3566176470588,0.666666666666667,20.9,6.95108495770504,60.0952380952381,80.8571428571429,1118,3.66726296958855,52.9461998292058,19.4096601073345,11.6406966086159,2.719,57.5501277642276,145.036361788618,439,2000
"643",181730306021,17.7505738332058,15.0726855394032,90.9361069836553,8.81272949816402,1307,98.2494529540481,0.884955752212389,17.8,6.67196187450357,53.7610619469027,82.0796460176991,481,9.35550935550935,66.1921708185053,12.2661122661123,69.8189134808853,1.307,55.5075949593496,113.32374796748,439,2000
"644",181730306023,14.261744966443,23.993288590604,94.3333333333333,10.4225352112676,596,100,0.444444444444444,23,20.9731543624161,58.2222222222222,60.8888888888889,259,6.56370656370656,41.015625,45.9459459459459,100,0.596,52.1349359349594,97.9934796747967,439,2000
"645",181730307034,2.02898550724638,20.4830917874396,95.2941176470588,20.3208556149733,1035,93.2614555256065,4.23280423280423,27.7,11.1111111111111,50.5291005291005,69.0476190476191,389,4.88431876606684,75.7914338919926,14.6529562982005,100,1.035,69.1710723170732,169.98562195122,439,2000
"646",181730307041,3.50584307178631,33.5559265442404,96.8527918781726,25.7479601087942,1797,97.0031545741325,1.8957345971564,26,1.45495243424734,46.2875197472354,85.6240126382307,651,2.45775729646697,74.230330672748,7.06605222734255,100,1.797,88.8208691463415,146.539329268293,439,2000
"647",181730308013,5.01367365542388,26.8003646308113,95.7661290322581,31.8379160636758,1097,96.978021978022,2.67379679144385,12.5,1.10192837465565,42.7807486631016,98.1283422459893,392,7.14285714285714,63.0434782608696,0,100,1.097,93.8242478861789,195.686365853659,439,2000
"648",181730308022,7.09534368070953,28.9911308203991,95.2975047984645,25.6950294860994,1804,100,2.3778071334214,18.5,8.64745011086474,67.3712021136063,66.9749009247028,822,5.23114355231144,81.1594202898551,16.1800486618005,100,1.804,61.5435123577236,147.892,439,2000
"649",181759673004,26.9430051813472,14.6804835924007,96.661101836394,13.2250580046404,1158,98.494623655914,0.209205020920502,23.5,9.3432007400555,66.1087866108787,82.8451882845188,491,5.29531568228106,76.241134751773,15.2749490835031,47.4206349206349,1.158,52.6429389430894,120.237398373984,35,2000
"650",181759674001,16.5137614678899,16.1060142711519,100,13.2939438700148,981,100,0.552486187845304,12.4,5.81516095534787,58.2872928176796,85.3591160220994,395,4.05063291139241,78.2122905027933,6.83544303797468,13.4920634920635,0.981,74.2090193089431,133.463512195122,35,2000
"651",181759675003,25.4639175257732,24.2268041237113,95.7110609480813,2.82485875706215,970,98.4513274336283,0.437636761487965,24.6,11.4432989690722,68.4901531728665,60.3938730853392,504,9.72222222222222,62.7403846153846,0,100,0.97,38.7900876829268,101.901195121951,35,2000
"652",181759675004,14.6449704142012,18.3431952662722,97.1794871794872,6.32054176072235,676,98.3388704318937,0.33112582781457,24.6,9.22619047619048,66.2251655629139,68.5430463576159,340,10,66.3934426229508,7.05882352941176,100,0.676,39.8556916260163,82.6632113821138,35,2000
"653",181759676004,10.3508771929825,20.3508771929825,95.1219512195122,10.2656137832017,2280,99.0919409761635,0.113122171945701,21.5,8.67600542250339,59.0497737556561,75.1131221719457,904,2.65486725663717,74.679802955665,28.7610619469027,75,2.28,56.3011617886179,117.381760162602,35,2000
"654",181759677012,10.4281009879254,23.9297475301866,93.007769145394,5.21813515825492,1822,97.6190476190476,0.698324022346369,24.2,16.1789066813915,56.5642458100559,69.9720670391062,764,6.67539267015707,52.3573200992556,24.869109947644,0,1.822,48.1114919918699,92.733093495935,35,2000
"655",181770004001,28.2552083333333,16.5364583333333,98.1121281464531,19.2109777015437,3840,95.5892487939352,3.17022742935906,26.8,7.75473399458972,67.1261199172984,73.1219848380427,1511,3.97088021178028,85.8369098712446,2.18398411647915,79.7485109199206,3.84,68.8719817886179,154.354760162602,146,2000
"656",181770005001,11.1350884764782,24.2986620630125,85.9416445623342,2.89367429340511,2317,84.877529286475,13.2706374085684,29.1,14.8036253776435,57.889237199582,61.337513061651,1034,9.67117988394584,90.7150480256137,2.99806576402321,100,2.317,41.0625745121951,71.5412520325203,146,2000
"657",181770006002,18.6717474142624,16.6031573217202,96.8152866242038,4,1837,96.2912087912088,3.3288948069241,22.8,15.9847244953628,67.6431424766977,79.2276964047936,771,5.18806744487678,86.2068965517241,42.5421530479896,76.8647281921618,1.837,45.592518495935,55.3092032520325,146,2000
"658",181770007003,14.1194724592708,14.1970519782777,96.2250712250712,16.6854565952649,2578,99.3089832181639,0.991080277502478,22.8,5.101246105919,58.0773042616452,83.4489593657086,1047,4.39350525310411,88.5472713297464,3.91595033428844,79.7156398104265,2.578,70.7296495934959,141.278943089431,146,2000
"659",181770009004,22.0439189189189,20.9037162162162,78.8848263254113,3.39715873996294,2368,84.4488188976378,11.1888111888112,23.8,19.0705830775975,67.9320679320679,60.6393606393606,1089,6.51974288337925,94.3679599499374,12.1212121212121,100,2.368,36.1538827235772,58.3151382113821,146,2000
"660",181770011022,26.4699547706224,15.9164333405126,98.5953783416402,22.6047045324154,4643,93.2296431838975,5.01367365542388,25.2,10.0150764591859,73.1996353691887,63.947128532361,2304,4.94791666666667,88.90462700661,1.60590277777778,98.2235701906413,4.643,62.119148902439,177.801052845528,146,2000
"661",181770101002,14.7718484145398,17.5560711523589,95.7210776545166,13.463751438435,1293,100,1.69133192389006,18.8,11.291569992266,60.0422832980973,83.0866807610994,508,2.16535433070866,88.8135593220339,30.511811023622,23.7603305785124,1.293,62.8195317479675,121.139178861789,146,2000
"662",181770102002,12.4789207419899,16.779089376054,97.339593114241,10.5642256902761,1186,100,0.672645739910314,32.5,4.46880269814503,55.8295964125561,91.4798206278027,470,6.17021276595745,79.4266441821248,8.29787234042553,0,1.186,72.6820043495935,162.921674796748,146,2000
"663",181770104001,18.6495176848875,26.9024651661308,97.7973568281938,15.2818991097923,933,100,0.28328611898017,11.8,1.96987253765933,61.1898016997167,90.9348441926346,365,2.73972602739726,60,19.7260273972603,0,0.933,63.339558495935,149.996154471545,146,2000
"664",181770104004,14.3522110162917,18.6190845616757,94.8484848484848,13.8920780711825,1289,100,0.389863547758285,24.4,2.56012412723041,60.6237816764133,86.5497076023392,512,4.1015625,64.3659711075441,7.6171875,0,1.289,76.1508532926829,133.914402439024,146,2000
"665",181770105001,14.5526057030482,19.3706981317601,99.2920353982301,11.69757489301,1017,98.1723237597911,1.53452685421995,16.9,5.52813425468904,56.7774936061381,86.4450127877238,401,4.48877805486284,82.9443447037702,14.713216957606,7.33496332518337,1.017,63.0224323577236,142.481317073171,146,2000
"666",181770105002,10.5949470252649,22.6568867155664,98.7012987012987,11.1543450064851,1227,100,0.232558139534884,12.9,4.03624382207578,53.2558139534884,84.4186046511628,463,5.39956803455724,80.4308797127469,19.0064794816415,0,1.227,57.5350980894309,145.787845528455,146,2000
"667",181770106005,17.175572519084,16.793893129771,94.3627450980392,9.43396226415094,786,99.0291262135922,0.662251655629139,20.2,7.67160161507402,62.9139072847682,78.8079470198676,325,5.53846153846154,72.3943661971831,4.30769230769231,62.8125,0.786,53.1299004065041,116.329682926829,146,2000
"668",181770107001,6.46515533165407,19.647355163728,97.6452119309262,14.9870801033592,1191,100,0.45662100456621,22.5,2.43492863140218,51.5981735159817,87.6712328767123,453,5.51876379690949,78.18853974122,9.05077262693157,0,1.191,71.5081867479675,179.003426829268,146,2000
"669",181790401001,22.6395939086294,17.7664974619289,98.4547461368653,9.96835443037975,985,100,1.40449438202247,27.5,5.2863436123348,56.4606741573034,93.5393258426966,365,4.65753424657534,71.571072319202,51.7808219178082,60.3217158176944,0.985,68.0092784552846,100.548524390244,123,2000
"670",181790401003,8.67743865948534,21.9628964691801,97.8310502283105,18.2555780933063,1671,99.3527508090615,0.488599348534202,17.3,3.11190903650509,52.9315960912052,81.1074918566775,633,2.3696682464455,69.9266503667482,1.57977883096367,100,1.671,75.0491781300813,141.579536585366,123,2000
"671",181790402002,14.7769516728625,17.8438661710037,97.5190839694656,12.9850746268657,1076,100,0,NA,4.02245088868101,53.0769230769231,90.5128205128205,401,3.49127182044888,56.7226890756302,5.7356608478803,0,1.076,71.5247193902439,121.139178861789,123,2000
"672",181790404002,22.0923076923077,17.4153846153846,98.4953703703704,10.9831709477414,1625,100,1.75718849840256,18.3,10.4138851802403,63.0990415335463,86.741214057508,655,4.58015267175572,76.8665850673195,55.1145038167939,96.3414634146341,1.625,58.5405833333333,49.4476300813008,123,2000
"673",181790404003,21.2003872216844,17.7153920619555,91.75,5.8282208588957,1033,97.4178403755868,4.79452054794521,23.5,32.0693391115926,73.972602739726,31.2785388127854,481,7.27650727650728,87.7142857142857,6.02910602910603,100,1.033,32.6685011382114,99.947337398374,123,2000
"674",181790406001,6.99507389162562,31.7241379310345,98.4234234234234,7.17703349282297,1015,96.4285714285714,2.17391304347826,17,4.32900432900433,59.7826086956522,75.2717391304348,412,7.76699029126214,74.9385749385749,10.1941747572816,100,1.015,57.1728829268293,98.7449634146341,123,2000
"675",181790406004,31.6690442225392,18.5449358059914,87.4587458745875,6.02636534839925,701,98.7096774193548,1.28617363344051,24.2,16.0766961651917,64.6302250803859,80.064308681672,310,10.6451612903226,92.7350427350427,7.09677419354839,80.5232558139535,0.701,42.3265701626016,88.0738943089431,123,2000
"676",181819581003,17.1180931744312,15.2762730227519,93.4042553191489,10.8766233766234,923,95.1871657754011,2.44565217391304,21.2,4.23913043478261,72.0108695652174,85.054347826087,1105,65.972850678733,72.5768321513002,44.4343891402715,42.3883318140383,0.923,56.2500608943089,107.612471544715,134,2000
"677",181819581004,17.1180931744312,15.2762730227519,93.4042553191489,10.8766233766234,923,95.1871657754011,2.44565217391304,21.2,4.23913043478261,72.0108695652174,85.054347826087,1105,65.972850678733,72.5768321513002,44.4343891402715,42.3883318140383,0.923,56.2500608943089,107.612471544715,134,2000
"678",181819582002,12.4522536287242,23.0710466004584,95.2066115702479,7.33496332518337,1309,95.2,7.28744939271255,19.8,13.584036838066,55.668016194332,68.8259109311741,529,5.4820415879017,67.8765880217786,19.0926275992439,0,1.309,52.0252193089431,88.3744878048781,134,2000
"679",181819584001,11.0939907550077,21.5716486902928,99.0353697749196,8.60759493670886,649,96.7611336032389,5.65217391304348,29.5,5.85516178736518,50.8695652173913,68.695652173913,263,10.2661596958175,81.9148936170213,26.615969581749,0,0.649,63.5349442682927,108.51425203252,134,2000
"680",181819585011,18.6176142697882,15.4960981047938,97.6318622174381,8.65963855421687,1794,98.8587731811698,4.09026798307475,20.8,6.93512304250559,62.4823695345557,81.8053596614951,1160,36.2068965517241,73.0769230769231,25.6896551724138,63.5075287865368,1.794,66.0509118292683,144.28487804878,134,2000
"681",181819585012,18.6176142697882,15.4960981047938,97.6318622174381,8.65963855421687,1794,98.8587731811698,4.09026798307475,20.8,6.93512304250559,62.4823695345557,81.8053596614951,1160,36.2068965517241,73.0769230769231,25.6896551724138,63.5075287865368,1.794,66.0509118292683,144.28487804878,134,2000
"682",181819586002,22.5149700598802,16.1676646706587,92.5301204819277,6.14334470989761,835,92.156862745098,4.62287104622871,28.2,8.8622754491018,75.9124087591241,48.661800486618,408,5.3921568627451,85.9375,7.1078431372549,100,0.835,45.8946149593496,115.427902439024,134,2000
"683",181830501001,7.76098901098901,23.489010989011,97.6829268292683,12.5,1456,100,0,19.3,6.68044077134986,49.3096646942801,88.7573964497041,533,4.31519699812383,69.3421052631579,28.5178236397749,0,1.456,64.5810096341463,109.265735772358,212,2000
"684",181830501002,14.9166666666667,19.6666666666667,98.8617886178862,10.8355091383812,1200,99.5789473684211,0.833333333333333,20.3,4.41666666666667,61.4583333333333,82.5,488,3.89344262295082,77.2329246935201,8.19672131147541,0,1.2,72.1138826422764,126.549861788618,212,2000
"685",181830501004,5.17711171662125,19.0735694822888,98.0952380952381,17.6056338028169,734,100,0.341296928327645,25,2.99727520435967,55.2901023890785,88.3959044368601,370,14.8648648648649,62.75,14.0540540540541,0,0.734,79.0936636178862,143.683691056911,212,2000
"686",181830503004,18.407960199005,19.0049751243781,97.2386587771203,9.58904109589041,1005,98.8789237668161,0.224215246636771,21.9,10.7178968655207,68.1614349775785,67.4887892376682,476,6.30252100840336,70.6720977596741,16.5966386554622,0,1.005,46.8745497560976,103.855052845528,212,2000
"687",181830504023,16.1100196463654,19.3713163064833,99.2576095025984,17.7309361438314,2545,100,0.702106318956871,19.4,3.44418052256532,59.5787362086259,76.629889669007,1081,6.93802035152636,69.4466095089634,20.3515263644773,59.3283582089552,2.545,67.5628971138211,172.540666666667,212,2000
"688",181830505002,9.89473684210526,20.5263157894737,94.7939262472885,8.50340136054422,950,100,2.10843373493976,25.2,10.6304079110012,65.9638554216867,62.3493975903614,373,4.02144772117962,76.4988009592326,5.63002680965147,100,0.95,48.7292116260163,115.728495934959,212,2000
"689",181830505003,21.0332103321033,17.2509225092251,100,14.3239625167336,1084,98.5422740524781,0.547945205479452,19.4,0.422386483632524,55.6164383561644,89.3150684931507,357,3.64145658263305,72.8,8.40336134453782,29.3650793650794,1.084,88.8358988211382,162.921674796748,212,2000
"690",181830506001,11.4503816793893,17.9934569247546,95.6756756756757,25.1736111111111,917,98.1072555205047,0.917431192660551,12.5,1.41766630316249,50.4587155963303,92.9663608562691,337,4.45103857566766,55.3191489361702,24.9258160237389,0,0.917,83.3681031300813,169.98562195122,212,2000
"691",180010301002,30.0463269358041,13.567174056916,100,23.7073170731707,1511,98.8749172733289,6.55195234943746,NA,0,48.1283422459893,96.078431372549,589,4.75382003395586,74.5513866231648,4.75382003395586,0,1.511,101.372,197.8,83,2020
"692",180010302002,22.4,17.1428571428571,100,4.14814814814815,875,78.9714285714286,30.9714285714286,35.8,13.6792452830189,78.7735849056604,61.5566037735849,495,14.3434343434343,84.4884488448845,0,98.7903225806452,0.875,32.426,92.2,83,2020
"693",180010302003,11.9245283018868,22.6415094339623,96.7078189300412,10.5968331303289,1325,99.622641509434,0.30188679245283,33.6,52.3255813953488,70.9302325581395,46.6777408637874,602,0,74.468085106383,15.1162790697674,100,1.325,22.569,66.9,83,2020
"694",180010302004,12.4501992031873,15.4382470119522,98.1891348088531,14.2410015649452,1004,100,0,27.2,13.8228941684665,58.3153347732181,70.4103671706264,485,4.5360824742268,81.1475409836066,7.01030927835052,71.3717693836978,1.004,31.369,112.7,83,2020
"695",180010303004,13.7884872824632,15.1271753681392,100,5.69744597249509,747,92.904953145917,3.34672021419009,NA,0,72.9166666666667,69.4444444444444,338,14.792899408284,78.1132075471698,0,100,0.747,53.75,86.3,83,2020
"696",180010306002,16.0493827160494,19.7530864197531,96.652719665272,8.78378378378378,405,100,0,NA,0,76.6304347826087,86.9565217391304,204,9.80392156862745,95.2380952380952,18.1372549019608,0,0.405,42.667,86.6,83,2020
"697",180010307004,12.7016129032258,10.4838709677419,93.6073059360731,21.2025316455696,496,97.3790322580645,18.75,26.3,23.1884057971014,45.6521739130435,57.9710144927536,163,15.3374233128834,80.5970149253731,0.613496932515337,0,0.496,39.643,70,83,2020
"698",180030007042,11.377245508982,21.1826347305389,96.9343065693431,30.1991150442478,1336,66.1676646706587,25.0748502994012,24.2,2.02578268876611,70.3499079189687,77.7163904235727,555,2.16216216216216,88.7278582930757,6.48648648648649,100,1.336,57.019,101.7,1694,2020
"699",180030008001,25.6373937677054,13.8810198300283,96.6101694915254,9.31780366056572,706,68.271954674221,19.971671388102,41.2,3.30188679245283,86.3207547169811,55.8962264150943,462,8.22510822510823,100,7.79220779220779,100,0.706,NA,68.2,1694,2020
"700",180030023002,10.3860294117647,26.0110294117647,100,2.16216216216216,1088,41.8198529411765,47.4264705882353,29.5,42.3684210526316,53.4210526315789,51.8421052631579,453,16.1147902869757,74.4897959183673,33.5540838852097,100,1.088,22.56,50.5,1694,2020
"701",180030033042,7.72357723577236,21.4092140921409,96.6351209253417,9.44017563117453,1476,73.7127371273713,14.9728997289973,29.4,32.9351535836177,76.4505119453925,22.8668941979522,664,11.7469879518072,77.0956316410862,19.8795180722892,100,1.476,29.762,54.4,1694,2020
"702",180030035002,25.1937984496124,15.374677002584,95.1776649746193,13.452188006483,774,85.4005167958656,7.88113695090439,20.9,8.67208672086721,78.5907859078591,90.2439024390244,454,18.7224669603524,88.7671232876712,0,100,0.774,49.297,99.5,1694,2020
"703",180030037002,21.3333333333333,19.6,89.0489913544668,11.3821138211382,750,93.0666666666667,18.6666666666667,22.2,9.53678474114441,73.5694822888283,82.8337874659401,395,7.08860759493671,85.1449275362319,0,100,0.75,46.186,79.4,1694,2020
"704",180030038003,10.9048723897912,20.030935808198,85.6692913385827,9.23276983094929,1293,49.8066511987626,30.3944315545244,28.1,43.6548223350254,62.0981387478849,36.7174280879865,667,11.3943028485757,42.2907488986784,4.19790104947526,100,1.293,22.396,77,1694,2020
"705",180030039012,25.0613045610593,21.3830308974988,92.5925925925926,14.1246684350133,2039,93.5752820009809,5.59097596861206,35.4,11.4716106604867,70.2201622247972,79.9536500579374,923,6.50054171180932,83.4815756035578,2.38353196099675,100,2.039,44.368,89.2,1694,2020
"706",180030039023,11.6835994194485,32.2931785195936,96.3013698630137,23.7470167064439,1378,46.44412191582,39.1146589259797,28.9,17.6046176046176,71.1399711399711,1.44300144300144,771,10.1167315175097,86.4864864864865,18.1582360570687,99.8872604284104,1.378,31.023,NA,1694,2020
"707",180030102022,12.9915730337079,18.2584269662921,98.019801980198,18.2513661202186,1424,98.1741573033708,1.68539325842697,22.2,10.5633802816901,61.6197183098592,83.6267605633803,578,1.73010380622837,71.6738197424893,14.5328719723183,0,1.424,52.206,115.4,1694,2020
"708",180030106012,15.3846153846154,20.04662004662,100,23.6987818383167,1287,88.7334887334887,3.4965034965035,23,10.4882459312839,65.0994575045208,90.7775768535262,604,8.44370860927152,75.5844155844156,0,78.072625698324,1.287,65.063,132.5,1694,2020
"709",180030106023,7.78412039439543,31.7592112091334,89.8582333696837,3.60435875943001,1927,86.7669953295278,8.14737934613389,34.4,23.9870340356564,53.484602917342,37.4392220421394,678,8.99705014749263,76.8939393939394,80.8259587020649,100,1.927,41.131,33.4,1694,2020
"710",180030106041,13.563829787234,17.8191489361702,100,7.17299578059072,1128,76.7730496453901,11.7021276595745,NA,38.121546961326,67.6795580110497,96.9613259668508,507,28.5996055226824,83.7455830388693,85.207100591716,100,1.128,38.25,NA,1694,2020
"711",180030106042,19.0505173463177,27.7541083384054,94.6700507614213,5.19098922624878,1643,74.6804625684723,21.1807668898357,26.1,9.25644916540212,70.7132018209408,77.2382397572079,719,8.34492350486787,86.0429447852761,80.3894297635605,100,1.643,34.456,19.5,1694,2020
"712",180030108113,12.1323529411765,23.3455882352941,79.3785310734463,16.0493827160494,544,98.8970588235294,4.04411764705882,NA,8.82352941176471,84.9264705882353,90.0735294117647,307,11.400651465798,61.8374558303887,0,100,0.544,44.688,93.4,1694,2020
"713",180030108131,5.88730025231287,24.3061396131203,96.3197969543147,17.8181818181818,1189,74.1799831791421,6.05550883095038,20.6,14.1043723554302,81.8053596614951,47.2496473906911,939,24.4941427050053,67.7290836653386,63.258785942492,100,1.189,49.181,NA,1694,2020
"714",180030108133,5.7738572574178,23.7369687249399,95.3741496598639,26.2699564586357,1247,86.607858861267,14.1940657578188,19.8,8.13953488372093,53.953488372093,85.8139534883721,433,0.69284064665127,88.0804953560371,19.3995381062356,100,1.247,59.167,116.2,1694,2020
"715",180030109004,11.0098176718093,24.6143057503506,98.1358189081225,15.4285714285714,1426,92.1458625525947,2.45441795231417,15.9,7.87878787878788,55.5555555555556,88.8888888888889,534,7.30337078651685,61.3670133729569,13.4831460674157,0,1.426,68.17,92.8,1694,2020
"716",180030112011,7.52032520325203,20.3252032520325,85.054347826087,4.52039691289967,1476,94.3766937669377,5.82655826558266,27,8.93536121673004,51.1406844106464,71.4828897338403,538,2.23048327137546,74.8355263157895,50.185873605948,100,1.476,42,56.6,1694,2020
"717",180030112012,4.87264673311185,24.4739756367663,83.4738617200675,3.47222222222222,903,86.1572535991141,11.0741971207087,NA,31.6666666666667,50,70,385,22.0779220779221,66.0606060606061,52.2077922077922,100,0.903,40.588,56.9,1694,2020
"718",180030112021,13.1689717378232,17.9795550210463,92.9016189290162,9.94525547445255,1663,94.0469031870114,4.50992182802165,42.8,16.3475699558174,61.119293078056,82.3269513991163,699,2.86123032904149,76.5321375186846,2.86123032904149,100,1.663,35.485,70.5,1694,2020
"719",180030112022,37.8176382660688,12.9297458893871,98.2,7.31707317073171,1338,96.9357249626308,8.07174887892377,25.4,5.18134715025907,72.7115716753022,89.4645941278066,647,10.5100463678516,73.6263736263736,12.9829984544049,83.5443037974684,1.338,54.97,92.2,1694,2020
"720",180030113041,10.5857445306987,14.9258997882851,93.5876623376623,23.9251040221914,2834,45.0952717007763,19.6894848270995,47.7,15.034965034965,42.4242424242424,89.6270396270396,879,2.38907849829352,82.8096118299445,19.4539249146758,100,2.834,55.192,87.3,1694,2020
"721",180030113042,10.0183262064753,15.9437996334759,85.1094890510949,12.2827346465817,1637,47.7092241905926,20.7697006719609,47.1,61.6262482168331,67.4750356633381,46.7902995720399,859,18.3934807916182,75.6432246998285,10.011641443539,95.2912019826518,1.637,12.331,102.6,1694,2020
"722",180030117012,8.3547557840617,15.9383033419023,100,12.7340823970037,778,98.586118251928,0,20.7,6.13026819923372,60.536398467433,81.992337164751,315,17.1428571428571,75.2777777777778,41.9047619047619,53.2710280373832,0.778,68.75,145.4,1694,2020
"723",180030118011,10.3683492496589,16.0982264665757,93.5064935064935,9.56175298804781,733,97.9536152796726,7.23055934515689,NA,9.2948717948718,64.4230769230769,95.5128205128205,326,4.29447852760736,75.8793969849246,50.3067484662577,61.2612612612613,0.733,65,59.7,1694,2020
"724",180030118014,12.6655629139073,20.7781456953642,95.6869009584665,25.5464480874317,1208,100,1.90397350993377,27,0,47.945205479452,90.8675799086758,438,0,61.8705035971223,31.0502283105023,1.20192307692308,1.208,57.016,127.3,1694,2020
"725",180030119002,16.9332079021637,16.0865475070555,90.8765652951699,7.29166666666667,1063,91.7215428033866,7.24365004703669,NA,7.48440748440748,75.2598752598753,63.2016632016632,504,4.56349206349206,43.8877755511022,14.8809523809524,0,1.063,45.861,86.6,1694,2020
"726",180039800021,78.9473684210526,0,NA,15.7894736842105,19,100,0,NA,57.8947368421053,100,63.1578947368421,31,38.7096774193548,NA,0,100,0.019,NA,65,1694,2020
"727",180050104001,9.77391304347826,21.8782608695652,90.2880658436214,13.8143176733781,2875,69.4608695652174,14.8173913043478,36.2,20.9157127991675,59.0010405827263,60.9781477627471,1000,3.9,72.2222222222222,55.7,100,2.875,31.864,NA,169,2020
"728",180050108002,14.99176276771,31.3838550247117,97.6505139500734,14.2227122381477,1214,94.5634266886326,2.38879736408567,22.4,0,56.0483870967742,86.6935483870968,496,0,79.47932618683,0,100,1.214,55.811,110.1,169,2020
"729",180050111011,22.1324717285945,37.156704361874,100,43.1603773584906,619,99.5153473344103,0.323101777059774,NA,10.7883817427386,72.6141078838174,68.0497925311203,241,0,87.7551020408163,6.22406639004149,21.5447154471545,0.619,71.64,156.9,169,2020
"730",180050111014,8.70664739884393,14.0534682080925,94.1640378548896,14.0564826700899,2768,74.0245664739884,42.5578034682081,NA,40.4872389791183,61.9489559164733,94.5475638051044,903,4.54042081949059,91.5615906886518,58.1395348837209,100,2.768,33.451,NA,169,2020
"731",180050111022,14.5226537216828,26.0922330097087,95.4887218045113,6.41330166270784,2472,78.6812297734628,25.8495145631068,14.4,18.4397163120567,55.3191489361702,71.3947990543735,846,0,90.884476534296,51.3002364066194,92.7184466019417,2.472,67.782,NA,169,2020
"732",180050112003,8.71824480369515,27.3672055427252,96.7148488830486,12.2002085505735,1732,94.3995381062356,1.84757505773672,16.5,9.78520286396181,57.0405727923628,79.9522673031026,458,8.51528384279476,70.0149925037481,10.9170305676856,0,1.732,55.817,104.9,169,2020
"733",180050113002,12.0545073375262,16.1425576519916,75.3479125248509,22.9534510433387,954,96.1215932914046,0,NA,17.3076923076923,55,74.6153846153846,260,0,64.3799472295514,25.3846153846154,0,0.954,68.594,194.4,169,2020
"734",180050114001,26.615969581749,11.1216730038023,100,25.7631257631258,1052,99.5247148288973,1.80608365019011,NA,1.5695067264574,67.0403587443946,93.0493273542601,495,9.8989898989899,70.4194260485651,0,0.754716981132076,1.052,76.964,170.1,169,2020
"735",180050114002,24.8128342245989,24.0641711229947,100,7.23860589812332,935,95.1871657754011,17.8609625668449,27.2,18.1818181818182,70.855614973262,52.4064171122995,420,10.952380952381,94.8514851485149,32.6190476190476,54.4247787610619,0.935,42.955,105.4,169,2020
"736",180050114003,11.5360501567398,15.3605015673981,91.3096695226438,11.4678899082569,1595,82.5705329153605,7.46081504702194,16.3,12.5663716814159,56.9911504424779,80,602,6.14617940199336,75.0375939849624,22.9235880398671,0,1.595,56.359,123.6,169,2020
"737",180050115002,35.9083191850594,14.7707979626486,99.1614255765199,12.5,1178,99.151103565365,12.6485568760611,21.1,1.82149362477231,79.9635701275046,71.4025500910747,649,15.4083204930663,76.2222222222222,1.07858243451464,0,1.178,39.414,182.3,169,2020
"738",180050115005,8.78537735849057,25.2948113207547,100,37.4619289340102,1696,98.1132075471698,1.12028301886792,NA,10.9777015437393,51.9725557461406,77.1869639794168,744,21.6397849462366,63.5245901639344,8.06451612903226,23.22206095791,1.696,58.385,128.1,169,2020
"739",180099751002,14.8167817312799,18.7466808284652,97.5845410628019,4.26608821402748,1883,91.1842804036113,1.43388210302708,23.6,11.8620689655172,60.6896551724138,76.551724137931,885,18.0790960451977,62.4434389140271,6.21468926553672,0,1.883,53.162,100.9,3,2020
"740",180099752002,23.9543726235741,10.8365019011407,100,1.3986013986014,526,90.4942965779468,17.1102661596958,31.8,23.6151603498542,89.2128279883382,59.1836734693878,396,13.3838383838384,77.2727272727273,7.07070707070707,100,0.526,25.801,43,3,2020
"741",180099753001,13.6273864384463,14.9440421329822,92.5742574257426,13.6454183266932,1519,97.3666886109282,7.30743910467413,31.7,36.7127496159754,63.9016897081413,62.5192012288787,740,12.027027027027,58.8235294117647,5,99.0895295902883,1.519,33.87,63.1,3,2020
"742",180118102002,22.9310344827586,13.7931034482759,98.9949748743718,25.48794489093,1160,98.7068965517241,1.03448275862069,15.4,8.3495145631068,75.1456310679612,89.9029126213592,608,15.2960526315789,52.7145359019264,11.6776315789474,0,1.16,75.417,148.6,692,2020
"743",180118104001,9.00750625521268,17.8482068390325,88.6993603411514,17.2946263125386,2398,79.5246038365304,19.3077564637198,NA,7.48230535894843,55.3083923154702,76.845298281092,989,0,49.4242692648361,41.7593528816987,100,2.398,54.618,97.8,692,2020
"744",180118104003,17.3410404624277,22.3506743737958,100,0,519,100,14.4508670520231,23.6,17.8260869565217,58.695652173913,66.9565217391304,230,0,94.5054945054945,46.9565217391304,100,0.519,28.258,NA,692,2020
"745",180118106011,11.8493909191584,19.047619047619,96.5942028985507,64.2609699769053,2709,95.4226651901071,6.45994832041344,NA,2.57558790593505,42.1052631578947,95.4087346024636,976,8.50409836065574,73.5050597976081,12.5,37.9852125693161,2.709,167.232,455.1,692,2020
"746",180118106054,57.0456092579986,5.51395507147719,100,48.489666136725,1469,99.931926480599,0,31.7,3.50877192982456,87.5843454790823,51.5519568151147,830,10.7228915662651,66.6666666666667,0,97.4484789008832,1.469,96.188,381.9,692,2020
"747",180159595001,45.397489539749,7.42677824267782,97.5903614457831,10.6796116504854,956,93.8284518828452,2.51046025104602,28.5,6.98254364089776,86.5336658354115,70.3241895261845,633,36.650868878357,82.7213822894169,4.58135860979463,85.7142857142857,0.956,55.268,202.3,46,2020
"748",180159595002,34.0974212034384,7.87965616045845,90.8814589665653,25.2688172043011,698,93.6962750716332,0.859598853868195,NA,0,84.5505617977528,95.5056179775281,758,53.0343007915567,18.5810810810811,6.20052770448549,57.9809004092769,0.698,63.542,162.9,46,2020
"749",180159596002,14.2663043478261,26.9021739130435,92.0118343195266,7.2289156626506,736,75.1358695652174,38.5869565217391,28.4,23.2931726907631,50.6024096385542,68.6746987951807,326,23.6196319018405,46.6237942122186,19.3251533742331,0,0.736,34.107,53.8,46,2020
"750",180159597001,27.2134203168686,14.5386766076421,98.2195845697329,11.7241379310345,1073,98.9748369058714,1.30475302889096,29.1,5.6,81.6,67,523,4.39770554493308,47.3354231974922,9.75143403441683,0,1.073,32.373,152.2,46,2020
"751",180159598001,12.9928315412186,16.3978494623656,95.1181102362205,8.10810810810811,1116,96.1469534050179,1.7921146953405,17.1,14.622641509434,57.0754716981132,73.5849056603774,424,0,41.2068965517241,16.7452830188679,0,1.116,57.955,145.5,46,2020
"752",180179509003,35.4972375690608,14.7329650092081,99.0196078431373,17.5014068655037,2172,96.6390423572744,2.20994475138122,33.4,7.92492179353493,77.2679874869656,83.5245046923879,1053,8.92687559354226,73.2642487046632,3.32383665716999,49.8973305954825,2.172,55.585,141.6,29,2020
"753",180179510002,13.8662316476346,16.8026101141925,98.3552631578947,15.5021834061135,613,88.4176182707994,9.46166394779772,NA,27.6859504132231,59.504132231405,92.5619834710744,256,5.46875,77.7397260273973,18.359375,30.1169590643275,0.613,57.222,101.9,29,2020
"754",180179511003,16.2111215834119,17.0593779453346,93.4102141680395,18.0738786279683,1061,80.4901036757776,20.6409048067861,NA,6.74603174603175,79.3650793650794,67.2619047619048,524,3.81679389312977,72.4074074074074,10.4961832061069,0,1.061,54.457,134.8,29,2020
"755",180179518003,27.3752012882448,10.1449275362319,100,12.8318584070796,621,97.2624798711755,13.365539452496,NA,13.7254901960784,70.5882352941177,94.5098039215686,323,21.0526315789474,87.459807073955,36.5325077399381,0,0.621,68.456,132.7,29,2020
"756",180179518004,14.6767617938264,15.9580663948748,97.4683544303797,7.44849445324881,1717,90.9143855562027,3.78567268491555,NA,9.22131147540984,57.9918032786885,86.4754098360656,568,14.0845070422535,88.7267904509284,11.6197183098592,30.0854700854701,1.717,59.605,73.9,29,2020
"757",180179519002,13.2530120481928,15.5120481927711,90.646492434663,12.5269978401728,1328,96.8373493975904,2.10843373493976,22.9,3.19327731092437,66.0504201680672,82.5210084033613,637,6.59340659340659,73.9268680445151,12.2448979591837,0,1.328,54.375,123.8,29,2020
"758",180190508012,12.3931623931624,20.8926875593542,98.1438515081206,11.0655737704918,2106,98.4805318138651,1.661918328585,34.1,11.1271676300578,56.0693641618497,72.1098265895954,785,11.8471337579618,35.7583230579531,9.29936305732484,0,2.106,55.461,137.2,1414,2020
"759",180190509023,5.24534686971235,10.321489001692,100,25.886524822695,591,95.6006768189509,8.29103214890017,44.1,12.7659574468085,28.7234042553192,76.063829787234,214,12.1495327102804,54.2635658914729,10.7476635514019,78.5326086956522,0.591,53.75,194.3,1414,2020
"760",180190509025,12.51629726206,19.1655801825293,78.7185354691076,15.304347826087,767,100,0,21,8.26771653543307,76.3779527559055,66.1417322834646,359,29.2479108635097,33.8983050847458,13.9275766016713,36.980306345733,0.767,54,NA,1414,2020
"761",180210401006,10.8614232209738,14.4194756554307,100,0,534,100,0,19.7,0,44.2477876106195,36.7256637168142,338,33.1360946745562,66.1442006269592,26.0355029585799,100,0.534,40.833,94.6,9,2020
"762",180210404003,24.8764415156507,12.2734761120264,92.1641791044776,20.8014142604596,2428,97.3640856672158,4.40691927512356,23,5.3125,62.7083333333333,94.0625,1039,7.60346487006737,62.2662266226623,11.5495668912416,9.29772502472799,2.428,58.672,107,9,2020
"763",180239502003,18.018018018018,26.6951161688004,97.8172999191593,11.1246200607903,2109,93.4091986723566,22.4276908487435,24.2,0,76.5294771968854,73.7486095661847,1050,14.3809523809524,68.3745583038869,4.19047619047619,49.6666666666667,2.109,59.495,151.1,48,2020
"764",180239502004,13.3184523809524,8.55654761904762,97.4842767295598,21.7928902627512,1344,72.1726190476191,40.9226190476191,14.8,4.40097799511002,47.921760391198,82.640586797066,409,0,83.206106870229,4.88997555012225,0,1.344,67.075,134.3,48,2020
"765",180239503001,22.3958333333333,13.5416666666667,92.5373134328358,17.4468085106383,960,97.2916666666667,1.66666666666667,23,5.88235294117647,73.4015345268542,60.613810741688,400,2.25,61.2359550561798,20.75,0,0.96,51.089,113.6,48,2020
"766",180239504002,28.5189718482252,12.3623011015912,100,17.7740863787375,817,98.0416156670747,11.8727050183599,NA,2.43055555555556,64.2361111111111,97.2222222222222,344,16.2790697674419,69.0322580645161,11.3372093023256,16.953316953317,0.817,46.146,132.7,48,2020
"767",180239505004,0.918273645546373,27.9155188246097,91.3362701908957,7.55905511811024,1089,82.1854912764004,21.3039485766759,24,16.6153846153846,60.3076923076923,54.4615384615385,393,17.3027989821883,65.4340836012862,1.78117048346056,100,1.089,57.321,80.8,48,2020
"768",180239508003,11.5065243179122,20.5219454329775,90.3614457831325,0,843,75.2075919335706,80.3084223013049,40.9,17.8743961352657,25.1207729468599,68.1159420289855,207,0,53.5,41.0628019323672,99.3103448275862,0.843,29.732,NA,48,2020
"769",180259519003,15.984555984556,26.1003861003861,96.2192816635161,10.7772020725389,1295,98.4555984555985,0,NA,26.953125,70.1171875,74.4140625,605,15.3719008264463,46.7583497053045,25.7851239669421,0,1.295,44.375,134.1,NA,2020
"770",180279544002,22.9452054794521,2.73972602739726,100,10.1321585903084,584,97.6027397260274,0,27,3.40136054421769,76.530612244898,80.6122448979592,327,10.0917431192661,48.5530546623794,24.4648318042813,15.3005464480874,0.584,54.107,123.1,34,2020
"771",180279546003,20.5607476635514,16.2616822429907,100,10.5882352941176,535,94.018691588785,2.05607476635514,NA,15.7407407407407,72.2222222222222,81.9444444444444,225,4,71.5625,3.55555555555556,0.564971751412429,0.535,80.208,231.5,34,2020
"772",180279548004,45.4205607476636,6.54205607476635,96.0573476702509,18.5185185185185,535,85.7943925233645,5.04672897196262,33,36.2537764350453,83.3836858006042,47.4320241691843,404,18.0693069306931,74.2971887550201,7.92079207920792,100,0.535,29.464,67.7,34,2020
"773",180279549001,18.9457601222307,12.9106187929717,100,11.9496855345912,1309,67.07410236822,8.47975553857907,NA,5.99455040871935,41.1444141689373,62.3978201634877,411,10.705596107056,71.7062634989201,32.8467153284672,95.4761904761905,1.309,87.728,140.3,34,2020
"774",180279549004,22.7057710501419,18.9214758751183,100,22.8025477707006,1057,100,0,24.5,11.9791666666667,66.6666666666667,66.6666666666667,445,13.7078651685393,91.9753086419753,15.7303370786517,100,1.057,41.346,134.1,34,2020
"775",180290802042,21.3687150837989,16.2011173184358,98.4415584415584,9.44350758853288,716,96.0893854748603,3.35195530726257,20.8,2.23463687150838,71.2290502793296,75.6983240223464,417,14.1486810551559,55.8659217877095,3.35731414868106,40.5769230769231,0.716,42.1,198.4,142,2020
"776",180290803021,40.4973357015986,8.8809946714032,100,0,563,100,2.66429840142096,42.7,50,96.3963963963964,33.7837837837838,444,0,100,13.7387387387387,100,0.563,20.777,113.8,142,2020
"777",180290803023,8.76369327073552,43.8184663536776,100,10.1321585903084,639,94.679186228482,1.09546165884194,29.6,24.113475177305,63.8297872340426,29.0780141843972,215,34.4186046511628,85.9375,0,100,0.639,NA,NA,142,2020
"778",180290806012,21.5088282504013,12.0385232744783,97.3392461197339,21.608832807571,1869,96.7362225789192,1.23060460139112,29.8,12.533692722372,68.733153638814,68.5983827493261,812,8.62068965517241,56.0364464692483,6.52709359605911,0,1.869,48.824,122.8,142,2020
"779",180290806022,17.8303519907675,3.92383150605886,93.125,21.9584569732938,1733,97.2302365839585,2.42354298903635,NA,0,72.0062208398134,98.1337480559876,643,0,55.7116104868914,6.22083981337481,2.23776223776224,1.733,88.798,149.6,142,2020
"780",180290807002,17.3652694610778,28.0439121756487,100,3.04449648711944,1002,100,0,NA,15.1741293532338,48.5074626865672,96.0199004975124,402,0,62.085308056872,9.45273631840796,0,1.002,85.455,174,142,2020
"781",180290807003,20.7197382769902,14.8309705561614,97.5722543352601,7.63834762275916,1834,98.1461286804798,2.18102508178844,13.8,11.2519809825674,54.5166402535658,91.283676703645,740,14.7297297297297,38.2923673997413,23.7837837837838,0,1.834,70.729,114.2,142,2020
"782",180319692001,12.330383480826,24.1297935103245,98.5004686035614,14.0051238257899,1695,84.6607669616519,3.53982300884956,17.7,4.31034482758621,72.5369458128079,65.7635467980296,847,4.13223140495868,88.9390519187359,2.36127508854782,100,1.695,63.961,98.2,96,2020
"783",180319692004,12.0524017467249,11.6157205240175,79.5302013422819,13.1170662905501,1145,73.7991266375546,8.47161572052402,20.9,5.80110497237569,61.878453038674,54.9723756906077,404,10.3960396039604,79.2291220556745,4.95049504950495,100,1.145,54.275,91,96,2020
"784",180319693001,34.3012704174229,21.9600725952813,100,20.8510638297872,551,100,4.90018148820327,18.5,21.5189873417722,82.2784810126582,67.7215189873418,381,17.0603674540682,83.2618025751073,20.997375328084,100,0.551,51.964,93.7,96,2020
"785",180319694001,16.030902945437,26.2675036214389,98.1114258734655,20.7422133863486,2071,99.8068565910188,0.193143408981169,25.6,7.7733860342556,55.5994729907773,84.7167325428195,862,11.9489559164733,84.2786069651741,2.32018561484919,0,2.071,64.254,211.7,96,2020
"786",180319695003,13.6678200692042,13.3794694348328,95.4423592493298,23.1329690346084,1734,97.8662053056517,1.78777393310265,28.4,15.2671755725191,64.4274809160305,60.9160305343511,769,14.8244473342003,66.3063063063063,2.60078023407022,0,1.734,43.75,113.6,96,2020
"787",180330201001,14.4305772230889,12.6365054602184,98.292220113852,16.0051216389245,1282,93.3697347893916,1.40405616224649,25.3,19.959266802444,58.6558044806517,73.7270875763748,514,4.47470817120623,68.1514476614699,4.66926070038911,0,1.282,39.208,98.9,133,2020
"788",180330201002,25.7250945775536,14.249684741488,97.5257731958763,26.7727930535456,793,98.7389659520807,0,NA,6.3953488372093,79.0697674418605,97.9651162790698,422,18.4834123222749,70.1970443349754,23.696682464455,0,0.793,68.986,149.3,133,2020
"789",180330202002,7.65206017004578,12.4264224983649,95.0540958268934,6.45879732739421,1529,97.9725310660562,7.12884238064094,31.7,17.3752310536044,43.992606284658,76.5249537892791,541,0,65.7331136738056,19.7781885397412,0,1.529,55.729,95.4,133,2020
"790",180330202003,18.2340272792534,18.3776022972003,100,24.3589743589744,1393,95.1184493898062,1.65111270638909,18.2,7.2,64.2,86.2,522,4.21455938697318,71.1538461538462,4.21455938697318,0,1.393,76.25,152.6,133,2020
"791",180330203002,8.71404399323181,18.2741116751269,94.3434343434343,13.6724960254372,1182,98.0541455160745,1.35363790186125,22.2,18.348623853211,61.2385321100917,73.1651376146789,470,7.23404255319149,65.3669724770642,9.57446808510638,0,1.182,50.577,67.4,133,2020
"792",180330203003,9.57775489186406,18.1256436663234,96.8253968253968,7.62331838565022,971,96.4984552008239,0.720906282183316,16,7.4792243767313,60.1108033240997,69.2520775623269,393,8.14249363867684,83.6190476190476,10.941475826972,0,0.971,68.304,96.2,133,2020
"793",180330205001,14.4014732965009,24.5672191528545,90.8007941760424,8.50942318675043,2715,98.8213627992634,1.17863720073665,23.2,24.6073298429319,69.2844677137871,74.956369982548,1289,11.0938712179984,83.6734693877551,58.2622187742436,97.9131886477462,2.715,39.531,94.4,133,2020
"794",180330206023,4.4543429844098,25.9465478841871,100,1.27970749542962,898,94.8775055679287,11.2472160356347,24.1,14.5695364238411,52.317880794702,78.1456953642384,330,8.48484848484848,85.0117096018735,42.7272727272727,70.8423326133909,0.898,52.833,NA,133,2020
"795",180330207003,24.9146757679181,20.2502844141069,100,14.3322475570033,879,99.2036405005688,2.61660978384528,NA,7.03363914373089,73.0886850152905,91.131498470948,415,21.2048192771084,75.2089136490251,13.9759036144578,17.7664974619289,0.879,48.221,157.1,133,2020
"796",180330208001,8.05523590333717,15.1898734177215,95.9459459459459,11.5686274509804,869,98.0437284234753,1.84119677790564,18.4,15.8536585365854,54.2682926829268,68.9024390243902,367,10.6267029972752,74.025974025974,9.53678474114441,0,0.869,66.875,92.8,133,2020
"797",180350005002,31.6455696202532,8.74568469505178,88.6904761904762,13.0094043887147,869,87.3417721518987,3.45224395857307,NA,14.5454545454545,88.051948051948,86.2337662337662,491,21.5885947046843,89.2361111111111,74.745417515275,97.2273567467653,0.869,31.25,10.9,171,2020
"798",180350011001,24.1486068111455,18.266253869969,99.2307692307692,8.85608856088561,323,82.6625386996904,14.2414860681115,18.3,10.7142857142857,71.4285714285714,65.7142857142857,243,42.3868312757202,96.8992248062015,0,100,0.323,56.25,53.6,171,2020
"799",180350013001,7.48775367389783,18.964310706788,88.6435331230284,9.44444444444444,1429,100,0,22.7,7.91666666666667,48.3333333333333,66.0416666666667,507,5.32544378698225,69.980879541109,18.5404339250493,99.3987975951904,1.429,44.597,44.6,171,2020
"800",180350015003,12.3042505592841,16.7785234899329,100,0,447,100,0,35.3,17.1428571428571,68.5714285714286,58.0952380952381,210,0,87.0848708487085,0,100,0.447,48.629,32.5,171,2020
"801",180350016002,15.1551312649165,12.6491646778043,94.2396313364055,2.46305418719212,838,91.7661097852029,3.81861575178998,46.9,26.7990074441687,73.9454094292804,53.8461538461538,440,8.40909090909091,66.7481662591687,13.1818181818182,100,0.838,35.982,45.6,171,2020
"802",180350020002,52.7433628318584,5.13274336283186,100,9.67741935483871,565,93.2743362831858,0,24.6,0,96.4912280701754,78.6549707602339,342,0,100,41.812865497076,99.4836488812392,0.565,38.333,40.1,171,2020
"803",180350021001,23.734610123119,11.8331053351573,95.177304964539,17.3545966228893,1462,94.1860465116279,3.21477428180575,19.9,13.8728323699422,78.757225433526,74.7109826589595,692,0,63.5944700460829,19.2196531791908,75.792507204611,1.462,42.981,82.5,171,2020
"804",180350021002,17.6962676962677,18.4041184041184,90.25,7.83132530120482,1554,89.96138996139,8.17245817245817,30.3,44.478527607362,71.9325153374233,42.9447852760736,676,3.55029585798817,73.374613003096,0,99.7226074895978,1.554,21.806,73.9,171,2020
"805",180350022021,17.3441734417344,21.4769647696477,97.9913916786227,9.35390549662488,1476,97.3577235772358,0,NA,15.7284768211921,54.8013245033113,82.7814569536424,639,5.4773082942097,73.1884057971015,22.3787167449139,0,1.476,53.967,200.4,171,2020
"806",180350023022,35.6209150326797,9.96732026143791,100,24.3636363636364,612,100,1.63398692810458,NA,13.0769230769231,54.2307692307692,97.3076923076923,260,0,80.8664259927798,3.07692307692308,19.7132616487455,0.612,70.17,160.6,171,2020
"807",180350024012,25.8632362897766,30.8056872037915,96.5361445783133,25.219683655536,1477,97.9011509817197,0,26.1,4.04191616766467,59.7305389221557,70.6586826347305,772,13.4715025906736,93.6728395061728,9.9740932642487,100,1.477,42.857,111.8,171,2020
"808",180350024014,2.67295597484277,38.6792452830189,100,44.954128440367,636,100,0,NA,4.23728813559322,46.6101694915254,76.271186440678,236,0,80,0,100,0.636,81.167,107.1,171,2020
"809",180350025012,10.9479305740988,20.1602136181575,98.6772486772487,19.5,749,93.324432576769,2.40320427236315,NA,13.2616487455197,59.4982078853047,68.8172043010753,320,12.8125,68.3060109289618,10.9375,0,0.749,56.458,71.5,171,2020
"810",180350025022,25.4880694143167,9.81561822125813,89.1071428571429,23.7595419847328,1844,95.0650759219089,3.57917570498915,27.7,13.90625,63.4375,81.71875,734,12.8065395095368,81.6371681415929,29.700272479564,48.5498108448928,1.844,55,95.9,171,2020
"811",180350026022,12.0418848167539,23.9092495636998,96.6861598440546,7.85413744740533,1146,94.1535776614311,5.32286212914485,17.3,5.25059665871122,52.0286396181384,82.1002386634845,491,14.6639511201629,68.0981595092025,22.8105906313646,0,1.146,61.058,63.6,171,2020
"812",180350026031,28.1447963800905,10.5882352941176,100,31.3657407407407,1105,99.3665158371041,0,NA,2.66075388026608,76.2749445676275,90.0221729490022,485,7.01030927835052,94.9416342412451,7.01030927835052,0,1.105,50.275,95,171,2020
"813",180350026032,20.157215047726,16.8444693992139,95.5128205128205,36.4864864864865,1781,97.2487366647951,2.75126333520494,29.1,9.63503649635036,54.4525547445255,94.014598540146,702,2.42165242165242,86.2630966239814,12.2507122507123,51.7647058823529,1.781,82.422,155.8,171,2020
"814",180350027002,22.9133858267717,6.37795275590551,89.8465171192444,33.3704115684093,1270,99.6062992125984,0,25.4,9.55414012738854,55.4140127388535,94.9044585987261,523,9.94263862332696,70.7025411061285,12.810707456979,0,1.27,81.442,88.4,171,2020
"815",180379533011,15.9600997506234,26.8703241895262,100,14.8285449490269,1604,84.7256857855362,35.8478802992519,14.2,16.540404040404,70.959595959596,76.5151515151515,792,0,87.0917573872473,5.05050505050505,93.4537246049661,1.604,38.625,122,85,2020
"816",180390002012,8.65191146881288,29.1750503018109,90.1724137931034,17.4298375184638,994,81.6901408450704,18.41046277666,31.7,11.5138592750533,79.1044776119403,74.2004264392324,553,15.1898734177215,96.1759082217973,52.9837251356239,91.231732776618,0.994,36.658,118.1,488,2020
"817",180390003012,26.0504201680672,10.989010989011,96.8831168831169,26.4618434093162,1547,99.2889463477699,10.989010989011,14.4,1.90311418685121,59.5155709342561,75.0865051903114,643,10.1088646967341,73.6694677871148,11.9751166407465,100,1.547,59.545,141.8,488,2020
"818",180390005011,6.80580762250454,35.2087114337568,95.4048140043764,27.046783625731,1102,83.5753176043557,52.0871143375681,27.9,24.0793201133144,67.7053824362606,20.9631728045326,432,18.287037037037,71.3302752293578,32.8703703703704,98.3751846381093,1.102,NA,NA,488,2020
"819",180390005013,1.07843137254902,10.0980392156863,90.0920411478073,18.5251798561151,3060,52.3202614379085,62.1895424836601,23.8,28.5018270401949,28.258221680877,72.5943970767357,900,8.77777777777778,87.3311897106109,46,100,3.06,66.458,148.6,488,2020
"820",180390006022,7.34557595993322,20.2838063439065,97.7195945945946,16.5289256198347,2396,77.2954924874791,19.8664440734558,26.6,2.65339966832504,21.8905472636816,75.6218905472637,603,0,83.9461883408072,21.06135986733,71.6645489199492,2.396,71.935,167.3,488,2020
"821",180390007021,4.4035228182546,24.5796637309848,100,12.3134328358209,1249,72.4579663730985,12.4099279423539,NA,19.5804195804196,37.0629370629371,52.0979020979021,344,16.8604651162791,82.4742268041237,40.6976744186046,0.974025974025974,1.249,53.313,170.6,488,2020
"822",180390007023,3.01441677588467,10.4849279161206,90.4238618524333,10.2880658436214,1526,78.5714285714286,42.6605504587156,14.6,11.1368909512761,30.6264501160093,34.1067285382831,555,22.3423423423423,80.0403225806452,77.6576576576577,96.2633451957295,1.526,56.047,65.3,488,2020
"823",180390008011,16.5061014771997,15.2215799614644,95.8776595744681,23.6983842010772,1557,92.742453436095,3.46820809248555,26.2,7.10280373831776,61.4953271028037,91.4018691588785,545,1.8348623853211,73.0964467005076,14.4954128440367,0,1.557,81.434,262.3,488,2020
"824",180390008032,12.4346917450366,15.2560083594566,96.9059405940594,26.9533615990309,2871,92.6854754440961,2.64716126785092,13.8,3.59801488833747,42.6799007444169,83.1265508684863,806,0,73.0428863172226,17.12158808933,0,2.871,108.7,290.1,488,2020
"825",180390009013,4.35120435120435,18.1818181818182,93.2631578947368,5.14184397163121,1287,99.6891996891997,0,NA,0,41.4529914529915,89.3162393162393,275,14.9090909090909,61.5960099750623,16,8.60215053763441,1.287,85.326,195.2,488,2020
"826",180390012001,3.28142380422692,20.5228031145717,99.1752577319588,4.91159135559921,1798,99.4438264738598,25.8064516129032,18.6,4.15879017013232,46.3137996219282,42.9111531190926,629,15.8982511923688,80,53.8950715421304,97.8658536585366,1.798,55.391,106.7,488,2020
"827",180390013013,22.8510028653295,19.6991404011461,91.0273081924577,14.9494949494949,1396,85.6017191977077,11.3180515759312,26.9,12.253829321663,54.2669584245077,61.7067833698031,507,9.86193293885602,63.7313432835821,14.792899408284,0,1.396,51.611,164.7,488,2020
"828",180390014012,22.0683287165282,9.14127423822715,100,23.2876712328767,1083,100,1.75438596491228,NA,0.666666666666667,78,91.1111111111111,450,0,73.4726688102894,7.33333333333333,100,1.083,57.813,158.5,488,2020
"829",180390015012,4.25531914893617,20.2753441802253,100,28.2660332541568,799,92.1151439299124,32.9161451814768,23.5,24.0566037735849,37.7358490566038,37.7358490566038,212,0,70.7207207207207,68.3962264150943,100,0.799,53.095,NA,488,2020
"830",180390015013,10.9912686183873,24.8587570621469,100,13.5424636572303,1947,80.0205444273241,7.49871597329224,28.6,17.586649550706,69.191270860077,63.4146341463415,803,2.98879202988792,76.1957730812013,26.027397260274,100,1.947,48.838,116.7,488,2020
"831",180390015021,12.8585240090235,17.2091524331292,96.0625361899247,10.1247600767754,3103,83.7254270061231,3.54495649371576,21.9,9.2911877394636,51.4367816091954,85.9195402298851,1126,7.28241563055062,87.3469387755102,34.5470692717584,100,3.103,65.781,139.4,488,2020
"832",180390015023,13.1147540983607,4.98930862437634,98.5732814526589,30.3534303534304,1403,98.8595866001426,1.14041339985745,NA,16.7689161554192,59.3047034764826,100,501,2.39520958083832,62.6666666666667,13.373253493014,97.3143759873618,1.403,97.554,342.7,488,2020
"833",180390016011,14.1509433962264,36.2533692722372,100,5.25423728813559,742,82.3450134770889,9.97304582210243,18.8,8.88888888888889,83.7037037037037,60.2469135802469,442,8.3710407239819,75.9174311926605,32.1266968325792,100,0.742,43.224,78.6,488,2020
"834",180390017025,21.7948717948718,19.4017094017094,90.1006711409396,7.66002098635887,1170,83.3333333333333,16.8376068376068,29.2,6.17059891107078,80.7622504537205,47.9128856624319,599,8.01335559265442,97.0204841713222,71.6193656093489,100,1.17,36.705,NA,488,2020
"835",180390019021,33.8184931506849,13.3561643835616,98.3754512635379,12.7659574468085,1168,98.972602739726,7.4486301369863,17.3,5.00963391136802,77.4566473988439,60.6936416184971,546,4.94505494505495,83.8532110091743,24.1758241758242,100,1.168,54.375,151.6,488,2020
"836",180390020012,65.3350515463918,1.09536082474227,100,17.6706827309237,1552,100,0,NA,0,96.2678375411636,98.3534577387486,923,1.30010834236186,50,45.2871072589382,91.3265306122449,1.552,43.057,80.7,488,2020
"837",180390021012,12.8171763175016,19.6486662329213,97.4424552429668,9.60698689956332,1537,70.2016916070267,36.3695510735198,14,13.2075471698113,54.9056603773585,67.9245283018868,562,5.69395017793594,81.0055865921788,25.0889679715302,83.3333333333333,1.537,54.694,115.8,488,2020
"838",180419542001,17.0682730923695,1.80722891566265,94.3074003795066,13.6063408190225,996,97.4899598393574,0.803212851405622,19.9,8.9086859688196,71.0467706013363,81.2917594654788,537,16.3873370577281,54.8034934497817,38.9199255121043,40.4494382022472,0.996,45.625,73.5,19,2020
"839",180419544003,32.520325203252,19.6476964769648,96.5909090909091,7.99373040752351,738,94.0379403794038,0,20.4,14.4303797468354,77.4683544303797,61.2658227848101,395,0,67.3835125448029,24.5569620253165,92.4611973392461,0.738,45.536,80.7,19,2020
"840",180419544004,28.2571912013536,23.5194585448393,100,25.9428571428571,1182,72.5888324873096,8.3756345177665,NA,35.9925788497217,68.4601113172542,56.9573283858998,649,16.9491525423729,76.0869565217391,2.4653312788906,100,1.182,27.75,101.5,19,2020
"841",180419545003,13.1268436578171,13.4218289085546,92.4050632911392,15.5985489721886,1356,98.377581120944,1.25368731563422,21.9,9.52380952380952,63.9751552795031,74.5341614906832,650,25.6923076923077,67.7862595419847,1.53846153846154,99.3112947658402,1.356,57.452,105.8,19,2020
"842",180419546003,16.1687170474517,32.5131810193322,96.1904761904762,25.4498714652956,569,94.3760984182777,4.21792618629174,NA,2.91666666666667,73.3333333333333,95.8333333333333,297,19.1919191919192,39.8601398601399,9.76430976430976,0,0.569,67.222,102.1,19,2020
"843",180430706002,26.7990074441687,8.18858560794045,83.3981841763943,21.7428087986464,1612,98.014888337469,1.30272952853598,45,4.88215488215488,60.1010101010101,94.6127946127946,713,16.6900420757363,83.0870279146141,3.78681626928471,99.4575045207957,1.612,68.482,171.4,276,2020
"844",180430711013,9.40754039497307,16.2657091561939,98.3859649122807,27.6307295029051,2785,96.588868940754,0.359066427289048,24.2,0,41.2048192771084,91.4457831325301,935,11.2299465240642,57.6773187840998,0,0,2.785,93.587,161.1,276,2020
"845",180430711041,11.6430903155604,20.4026115342764,99.2982456140351,37.5933609958506,1838,95.9738846572361,3.80848748639826,28.9,5.71428571428571,55.7894736842105,85.1127819548872,665,0,60.5651105651106,1.50375939849624,0,1.838,84.031,228.3,276,2020
"846",180459576002,29.6898079763663,12.4815361890694,98.0066445182724,15.4738878143133,1354,97.4889217134417,3.4711964549483,32.6,21.4408233276158,78.5591766723842,68.6106346483705,692,15.7514450867052,52.0220588235294,13.2947976878613,0,1.354,58.458,133.3,58,2020
"847",180459578001,17.6877470355731,19.8616600790514,97.2014925373134,20.2160493827161,1012,94.2687747035573,0,18.8,11.1940298507463,64.1791044776119,81.8407960199005,479,16.0751565762004,69.0763052208835,20.0417536534447,0,1.012,61.667,128,58,2020
"848",180459578004,32.4242424242424,15.7575757575758,97.1252566735113,14.866581956798,990,98.7878787878788,0,34.4,13.8823529411765,76,72,439,3.18906605922551,72.1153846153846,5.92255125284738,0,0.99,58.011,134.7,58,2020
"849",180459579003,21.7813051146384,18.6067019400353,96.0413080895009,13.8356164383562,1134,97.8835978835979,3.61552028218695,NA,10.0244498777506,50.3667481662592,90.4645476772616,442,7.46606334841629,57.8,23.0769230769231,0,1.134,64.583,116.9,58,2020
"850",180459580001,20.9271523178808,12.317880794702,90.3409090909091,3.64298724954463,755,98.5430463576159,0.264900662251656,32.9,12.0111731843575,66.7597765363129,51.1173184357542,412,13.1067961165049,65.7894736842105,23.7864077669903,0,0.755,35.172,83.9,58,2020
"851",180479601003,18.3193277310924,13.4873949579832,98.9510489510489,37.3762376237624,2380,92.7731092436975,0,27,2.17889908256881,64.4495412844037,87.0412844036697,899,3.00333704115684,70.0305810397553,0,77.3942093541203,2.38,112.661,230.4,58,2020
"852",180479696002,14.9532710280374,20.5607476635514,100,34.21875,1712,99.0070093457944,0.992990654205608,NA,1.15089514066496,66.7519181585678,56.3938618925831,845,7.45562130177515,37.624750499002,42.7218934911243,0,1.712,80.034,167.8,58,2020
"853",180479696004,26.1855670103093,16.7697594501718,99.2592592592593,21.3039485766759,1455,100,0,27.5,10.1748807631161,67.7265500794913,96.5023847376789,679,7.36377025036819,30.68669527897,5.15463917525773,0,1.455,65.068,191.1,58,2020
"854",180479697001,28.8909599254427,12.861136999068,96.0612691466083,21.1640211640212,1073,95.8993476234856,3.54147250698975,26.4,14.5708582834331,79.4411177644711,63.0738522954092,524,4.38931297709924,57.1428571428571,11.8320610687023,0,1.073,39.063,137.8,58,2020
"855",180499530001,16.0270880361174,17.7765237020316,92.8246013667426,9.77443609022556,1772,90.9142212189616,14.8984198645598,40.9,20.3799654576857,43.5233160621762,74.0932642487047,611,5.23731587561375,47.1165644171779,20.949263502455,0,1.772,46.141,97.8,15,2020
"856",180499531001,39.1304347826087,6.00414078674948,100,14.7342995169082,483,97.7225672877847,0.62111801242236,29.3,33.6734693877551,90.4761904761905,21.0884353741497,294,0,56.5217391304348,13.9455782312925,100,0.483,14.545,66.8,15,2020
"857",180499531003,16.6992824527071,26.4187866927593,79.8918918918919,7.67772511848341,1533,98.0430528375734,6.52315720808871,35.8,17.2161172161172,67.7655677655678,61.7216117216117,670,18.5074626865672,82.0027063599459,30.4477611940299,95.4619124797407,1.533,37.5,93.7,15,2020
"858",180510502012,20.1793721973094,20.1793721973094,99.1830065359477,18.4245660881175,1115,97.3094170403588,0.0896860986547085,25.3,7.72532188841202,62.2317596566524,68.2403433476395,498,6.42570281124498,84.6975088967972,10.0401606425703,0,1.115,51.5,118.1,159,2020
"859",180510503001,29.8747763864043,19.1413237924866,98.1481481481482,20.5627705627706,559,97.6744186046512,3.39892665474061,37.8,16.7721518987342,92.0886075949367,79.746835443038,362,12.707182320442,69.4690265486726,23.2044198895028,0,0.559,39.038,156.2,159,2020
"860",180510504013,19.1919191919192,14.7727272727273,94.579945799458,10.3825136612022,792,91.2878787878788,3.15656565656566,NA,19.8224852071006,72.4852071005917,91.7159763313609,364,7.14285714285714,86.5497076023392,36.8131868131868,5.97014925373134,0.792,43.333,84.8,159,2020
"861",180510505012,15.2983171851096,12.0856705762366,97.8846153846154,12.8398791540786,1961,91.8918918918919,1.2748597654258,29.6,18.0493273542601,72.5336322869955,66.9282511210762,944,5.50847457627119,79.0547798066595,6.14406779661017,89.1826923076923,1.961,48.681,89.1,159,2020
"862",180510505021,23.6326109391125,19.6078431372549,93.75,11.1455108359133,969,63.1578947368421,12.5902992776058,27.9,14.5658263305322,80.9523809523809,50.140056022409,364,1.92307692307692,70,0,100,0.969,45.548,113.1,159,2020
"863",180530007003,15.3225806451613,24.1935483870968,98.9417989417989,9.66666666666667,372,88.1720430107527,8.60215053763441,25,5.20231213872832,78.6127167630058,68.7861271676301,197,12.1827411167513,54.8780487804878,17.7664974619289,94.2652329749104,0.372,NA,62.9,76,2020
"864",180530007004,13.0834976988823,14.6614069690993,89.6341463414634,5.75139146567718,1521,74.4904667981591,12.9520052596976,37,33.9055793991416,83.4048640915594,59.9427753934192,725,3.58620689655172,88.8675623800384,14.3448275862069,96.6265060240964,1.521,24.637,47.4,76,2020
"865",180530008001,14.7577092511013,25.5506607929515,100,23.6506378802748,1362,100,0,21.9,7.65124555160142,48.3985765124555,41.1032028469751,760,26.0526315789474,67.2113289760349,4.47368421052632,83.1877729257642,1.362,95.35,120.7,76,2020
"866",180530008002,9.47242206235012,5.10791366906475,94.3276477588259,37.2759856630824,4170,92.3741007194245,2.8537170263789,24.3,27.0566727605119,95.2468007312614,56.8555758683729,558,1.97132616487455,93.2764140875133,0,100,4.17,44.181,79.9,76,2020
"867",180530009001,15.9838430467398,15.464512406232,80.7017543859649,9.34891485809683,1733,82.8043854587421,14.0796306982112,35.4,23.0434782608696,63.4782608695652,55.2173913043478,728,5.21978021978022,76.9751693002257,14.4230769230769,90.2470741222367,1.733,32.044,71.7,76,2020
"868",180530102001,22.6611226611227,22.7304227304227,92.4285714285714,34.1140529531568,1443,95.4261954261954,7.27650727650728,23.2,9.54954954954955,62.3423423423423,91.8918918918919,590,5.93220338983051,86.5591397849462,3.05084745762712,53.8116591928251,1.443,59.292,143.9,76,2020
"869",180530102003,15.995115995116,20.2686202686203,97.3760932944606,19.1287878787879,819,90.8424908424908,3.41880341880342,30.8,14.4542772861357,65.7817109144543,77.8761061946903,366,7.37704918032787,73.0407523510972,13.6612021857923,0,0.819,55.208,86.8,76,2020
"870",180530103001,9.24750679963735,23.1187669990934,82.2988505747126,3.91517128874388,1103,96.6455122393472,6.16500453309157,21.3,37.8190255220418,49.4199535962877,52.4361948955916,431,0,77.0949720670391,24.5939675174014,0,1.103,35.692,65,76,2020
"871",180530103003,23.1871083258729,17.8155774395703,96.5672990063234,10.995085995086,2234,96.598030438675,2.99910474485228,36.5,10.6060606060606,61.9047619047619,88.961038961039,1000,7.6,66.4756446991404,15,0,2.234,56.349,96.7,76,2020
"872",180530104001,26.4298093587522,11.0051993067591,96.319018404908,14.2162818955043,1154,85.7019064124783,3.81282495667244,33.3,11.1776447105788,65.0698602794411,84.4311377245509,596,15.9395973154362,86.4168618266979,5.53691275167785,84.136546184739,1.154,39.803,70.3,76,2020
"873",180530104002,19.8675496688742,16.2913907284768,99.1011235955056,13.7704918032787,755,97.7483443708609,6.88741721854305,26.6,5.91016548463357,78.0141843971631,83.451536643026,438,3.42465753424658,85.5813953488372,5.25114155251142,87.4285714285714,0.755,37.426,61.2,76,2020
"874",180530104003,39.5101171458999,7.88072417465389,95.6709956709957,7.4438202247191,939,97.8700745473908,4.79233226837061,21.8,5.66893424036281,76.4172335600907,86.8480725623583,476,7.35294117647059,85.3828306264501,21.4285714285714,33.5839598997494,0.939,45.313,106.8,76,2020
"875",180530106001,23.0769230769231,6.30769230769231,89.3416927899686,20.6730769230769,650,98.9230769230769,16.4615384615385,NA,7.47663551401869,51.8691588785047,90.6542056074766,272,21.3235294117647,79.2982456140351,13.9705882352941,42.1348314606742,0.65,82.857,119.9,76,2020
"876",180530106003,18.4391080617496,28.1303602058319,85.5442176870748,9.49227373068433,1166,94.9399656946827,4.11663807890223,22.5,16.6023166023166,69.6911196911197,85.5212355212355,633,18.1674565560821,88.4792626728111,47.2353870458136,21.6129032258065,1.166,40.179,108.7,76,2020
"877",180530107001,19.1830780452225,17.0678336980306,99.0430622009569,29.1871921182266,1371,82.0568927789934,1.89642596644785,22.5,3.66795366795367,52.3166023166023,72.972972972973,592,12.5,67.1669793621013,5.06756756756757,0,1.371,58.788,115.3,76,2020
"878",180530107004,24.3654822335025,16.751269035533,97.0833333333333,18.6858316221766,591,99.3231810490694,0,28,14.3884892086331,78.7769784172662,82.7338129496403,330,15.7575757575758,64.1255605381166,15.1515151515152,0,0.591,46.25,74.2,76,2020
"879",180530108002,13.16685584563,18.8422247446084,90.9326424870466,11.496062992126,881,99.4324631101021,0.227014755959137,17.6,18.75,50.2717391304348,69.5652173913043,419,12.1718377088305,80.4093567251462,9.30787589498807,0,0.881,42.778,48.6,76,2020
"880",180530108004,31.2629399585921,9.8343685300207,90.2439024390244,16.0479041916168,966,93.9958592132505,3.83022774327122,26.5,8.31643002028398,79.1075050709939,85.5983772819473,552,10.6884057971014,86.4935064935065,16.304347826087,0,0.966,48.469,132,76,2020
"881",180559548004,30.1064859632139,7.74443368828654,100,11.3606340819022,1033,99.2255566311713,0,14.6,8.14814814814815,73.0864197530864,86.9135802469136,414,2.17391304347826,53.582554517134,28.9855072463768,0,1.033,58.542,144.8,NA,2020
"882",180559549003,28.3828382838284,18.2178217821782,95.864106351551,21.795989537925,1515,99.2739273927393,3.03630363036304,28,15.3609831029186,65.1305683563748,71.5821812596006,691,5.78871201157742,64,5.49927641099855,41.0669975186104,1.515,57.346,168.9,NA,2020
"883",180559551001,20.5128205128205,18.1459566074951,100,16.1725067385445,507,100,0,19.3,23.2558139534884,77.1317829457364,70.5426356589147,333,22.5225225225225,83.3333333333333,36.036036036036,91.3793103448276,0.507,36.429,64.2,NA,2020
"884",180559553004,16.8181818181818,19.0909090909091,99.5098039215686,4.13223140495868,880,94.5454545454545,2.38636363636364,21,20.655737704918,52.1311475409836,61.6393442622951,364,16.2087912087912,68.1347150259067,21.978021978022,0,0.88,44.205,72.8,NA,2020
"885",180559554003,25.6728778467909,21.1180124223602,98.4,4.85175202156334,483,97.7225672877847,0.62111801242236,30.4,19.4029850746269,79.8507462686567,59.3283582089552,333,19.5195195195195,43.6213991769547,11.1111111111111,0,0.483,36.63,68.2,NA,2020
"886",180571101022,3.62012223789375,4.56041372825576,100,28.4682080924855,2127,100,2.72684532204984,NA,7.82051282051282,56.6666666666667,96.2820512820513,780,0,58.2822085889571,10.7692307692308,0,2.127,62.374,192.2,3807,2020
"887",180571101024,28.5714285714286,21.5320910973085,100,36.0335195530726,483,100,7.03933747412008,NA,0,61.7391304347826,76.5217391304348,230,0,28.2051282051282,10.4347826086957,0,0.483,NA,NA,3807,2020
"888",180571102011,11.3113113113113,21.8218218218218,92.3387096774193,3.31230283911672,999,98.6986986986987,3.5035035035035,29.4,7.44985673352436,54.1547277936963,86.5329512893983,431,19.0255220417633,56.8927789934354,10.2088167053364,0,0.999,54.934,108.8,3807,2020
"889",180571102021,12.0767494356659,3.27313769751693,100,26.0952380952381,886,100,7.67494356659142,NA,17.0426065162907,70.1754385964912,82.2055137844611,399,0,51.9396551724138,43.1077694235589,55.0970873786408,0.886,47.159,105.4,3807,2020
"890",180571103021,22.6939970717423,7.97950219619327,94.7924528301887,28.9247311827957,2732,68.1551976573939,29.502196193265,27.8,16.3342830009497,59.7340930674264,25.2611585944919,1208,12.8311258278146,42.9232192414431,4.3046357615894,74.275092936803,2.732,100.898,229.3,3807,2020
"891",180571103035,15.0779101741522,18.1943171402383,97.7980258162491,27.3264401772526,2182,97.8918423464711,1.05407882676444,46,3.15068493150685,42.8767123287671,93.5616438356164,730,0,68.5126582278481,6.84931506849315,0,2.182,88.152,162,3807,2020
"892",180571104012,7.53694581280788,21.0344827586207,91.5750915750916,32.5925925925926,2030,86.9950738916256,45.9605911330049,18.3,22.2402597402597,41.3961038961039,84.9025974025974,703,12.375533428165,86.9932432432432,29.8719772403983,73.4193548387097,2.03,53.103,214.5,3807,2020
"893",180571105051,26.9097222222222,7.37847222222222,96.8895800933126,31.1557788944724,1152,80.1215277777778,10.3298611111111,34.5,10.6918238993711,57.0230607966457,74.0041928721174,477,0,58.7140439932318,23.2704402515723,7.62331838565022,1.152,54.363,194.9,3807,2020
"894",180571105092,14.9397590361446,24.578313253012,95.7264957264957,29.5426452410383,1245,91.7269076305221,3.93574297188755,22.9,6.75909878682842,68.630849220104,72.9636048526863,656,12.0426829268293,69.8175787728026,12.9573170731707,87.3937677053824,1.245,51.696,133.4,3807,2020
"895",180571105171,7.63473053892216,25.1497005988024,100,32.0284697508897,2004,95.0099800399202,30.7385229540918,25.8,23.2679738562091,65.359477124183,25.359477124183,765,0,72.2820763956905,12.6797385620915,96.9924812030075,2.004,36.569,385,3807,2020
"896",180571105172,29.0135396518375,11.2669245647969,95.8857142857143,29.3692509855453,2068,96.3249516441006,0,NA,9.70996216897856,58.1336696090794,96.343001261034,910,12.8571428571429,59.3434343434343,43.0769230769231,95.9162303664921,2.068,56.513,163.3,3807,2020
"897",180571106001,14.8412184057032,19.6370706416073,98.5365853658537,21.7712177121771,1543,99.7407647440052,0.972132209980557,39.1,3.15457413249211,59.7791798107255,74.2902208201893,683,7.17423133235725,60.2777777777778,1.61054172767204,100,1.543,66.875,132.9,3807,2020
"898",180571107001,10.3046594982079,26.1648745519713,94.9348769898697,17.8438661710037,1116,80.2867383512545,3.04659498207885,20.5,14.0873015873016,71.2301587301587,52.3809523809524,701,28.1027104136947,61.7224880382775,0.855920114122682,100,1.116,47.231,134.5,3807,2020
"899",180571107002,8.11017597551645,31.8286151491966,97.3753280839895,4.81770833333333,1307,92.3488905891354,6.42693190512624,35.1,12.1649484536082,66.5979381443299,54.639175257732,553,12.2965641952984,78.6206896551724,3.61663652802893,100,1.307,42.589,122.1,3807,2020
"900",180594105001,14.9954421148587,19.2798541476755,98.0997624703088,3.91644908616188,2194,96.9462169553327,1.95989061075661,21.3,12.2002085505735,69.0302398331595,51.303441084463,1001,4.1958041958042,62.1911037891269,4.6953046953047,100,2.194,47.473,117.1,761,2020
"901",180594106002,5.55555555555556,29.1079812206573,93.7853107344633,13.9884393063584,1278,100,7.19874804381847,17.8,10.7942973523422,58.4521384928717,29.938900203666,535,8.22429906542056,77.6416539050536,34.2056074766355,100,1.278,55.114,98.1,761,2020
"902",180594106003,34.1445427728614,24.3362831858407,91.8836140888208,13.7203166226913,1356,99.1150442477876,0,43.3,6.0655737704918,72.1311475409836,54.4262295081967,610,0,53.3195020746888,0,100,1.356,60.741,147.9,761,2020
"903",180594108012,19.8607698607699,13.1449631449631,100,24.6404002501563,2442,99.8771498771499,6.42915642915643,20.5,0,68.6153846153846,67.0769230769231,1062,8.19209039548023,64.0650406504065,0,71.7601547388781,2.442,61.875,187.6,761,2020
"904",180594110002,13.084665482534,20.7223208999408,100,36.9761709120789,1689,98.7566607460036,0,20.2,7.86369593709043,75.2293577981651,74.7051114023591,844,9.59715639810427,68.595041322314,9.12322274881517,94.0497335701599,1.689,64.123,202.3,761,2020
"905",180594110003,14.8307896483079,17.0537491705375,100,35.7525572333171,3014,97.0139349701393,2.98606502986065,20.3,13.4615384615385,53.8461538461538,87.3251748251748,1163,1.63370593293207,43.331076506432,2.75150472914875,83.7858220211161,3.014,92.344,224.1,761,2020
"906",180632101092,4.37040242319342,15.9671138035482,83.9783281733746,38.107202680067,2311,57.2479446127218,12.0726958026828,49,7.28021978021978,45.467032967033,84.7527472527473,979,25.6384065372829,63.1578947368421,25.6384065372829,100,2.311,86.158,237.1,1371,2020
"907",180632105024,12.8663686040735,25.3849975161451,100,33.0201342281879,2013,80.9736711376056,0,15.8,2.04819277108434,44.0963855421687,15.9036144578313,903,8.08416389811739,38.6097152428811,5.98006644518272,77.3134328358209,2.013,91.103,199.4,1371,2020
"908",180632106071,21.2485459480419,15.8200853043815,88.808426596445,24.0044868199663,2579,81.6595579682047,9.26715781310586,24.5,6.25558534405719,73.7265415549598,31.1885612153709,1197,6.51629072681704,69.6567862714509,0,100,2.579,58.839,171.8,1371,2020
"909",180632106072,2.73259596616786,24.0728692257645,86.6666666666667,30.5655836341757,1537,83.6044242029928,7.80741704619388,30.6,7.94392523364486,69.6261682242991,11.0591900311526,642,0,69.4010416666667,18.6915887850467,100,1.537,35.987,NA,1371,2020
"910",180632106143,7.60337927967986,31.9697643397065,92.557111274871,36.8347338935574,2249,66.4739884393064,13.2058692752334,23.9,14.1447368421053,60.7456140350877,58.4429824561403,1028,11.284046692607,73.1078904991949,7.87937743190662,100,2.249,65.781,148.4,1371,2020
"911",180632106171,NA,NA,NA,NA,0,NA,NA,NA,NA,NA,NA,0,NA,NA,NA,100,0,NA,NA,1371,2020
"912",180632108021,31.1550151975684,17.3252279635258,100,7.75681341719078,658,89.9696048632219,7.14285714285714,15.2,12.8472222222222,56.5972222222222,74.6527777777778,325,11.3846153846154,75,48.6153846153846,100,0.658,47,77,1371,2020
"913",180632109002,15.0769230769231,31.3846153846154,95.2238805970149,27.4111675126904,650,97.8461538461539,3.84615384615385,38.4,21.8637992831541,65.9498207885305,50.8960573476703,306,8.82352941176471,79.3548387096774,0,100,0.65,43.194,126.6,1371,2020
"914",180659755002,13.8339920948617,21.2648221343874,94.9367088607595,9.16568742655699,1265,100,1.89723320158103,NA,3.9119804400978,62.3471882640587,100,432,5.32407407407407,61.7469879518072,3.93518518518519,9.54446854663774,1.265,46.719,110.9,57,2020
"915",180659755004,23.121387283237,9.44123314065511,96.3470319634703,38.1081081081081,519,100,0,NA,22.5108225108225,61.9047619047619,100,286,19.2307692307692,68.586387434555,14.6853146853147,0,0.519,59.338,114.5,57,2020
"916",180659758002,17.1875,27.4038461538462,100,15.15625,832,100,0,11.6,9.14127423822715,72.5761772853186,68.4210526315789,381,5.249343832021,59.4752186588921,25.1968503937008,0,0.832,55.708,74.3,57,2020
"917",180659759003,12.8738621586476,16.5799739921977,96.1880559085133,15.9691629955947,1538,100,0,29.8,4.21245421245421,54.3956043956044,82.6007326007326,546,0,64.3949930458971,6.77655677655678,60.6625258799172,1.538,61,88.6,57,2020
"918",180659761001,15.450861195542,18.5410334346505,93.8586326767091,4.58786936236392,1974,87.1327254305978,0,44.5,25.3886010362694,58.6787564766839,76.6839378238342,887,12.9650507328072,67.1957671957672,22.9988726042841,97.1991701244813,1.974,43.37,67.7,57,2020
"919",180659768004,15.15625,18.4375,91.7333333333333,53.7117903930131,640,100,0.46875,NA,11.2956810631229,58.8039867109634,59.468438538206,338,10.9467455621302,62.8571428571429,0.591715976331361,0,0.64,100.723,211.4,57,2020
"920",180670003001,33.7432744043044,16.9100691775557,100,13.4078212290503,1301,82.3981552651806,5.30361260568793,NA,14.2671854734112,83.1387808041505,85.9922178988327,829,6.99638118214717,65.8174097664543,15.9227985524729,98.2005141388175,1.301,41.336,53.6,162,2020
"921",180670004001,10.6020942408377,25.9816753926702,92.0145190562613,4.04411764705882,1528,88.2853403141361,5.10471204188482,37,28.6363636363636,61.969696969697,61.3636363636364,787,16.1372299872935,71.7948717948718,27.8271918678526,100,1.528,41.207,55.2,162,2020
"922",180670004003,3.67775831873905,15.4115586690018,93.4362934362934,0,571,97.5481611208406,30.122591943958,22.2,29.4117647058824,60.2941176470588,47.0588235294118,254,19.6850393700787,75.9615384615385,3.1496062992126,100,0.571,56.5,54.2,162,2020
"923",180670007003,25.3306205493388,12.1057985757884,97.5649350649351,35.6145251396648,983,73.1434384537131,5.69684638860631,11.7,11.2980769230769,63.4615384615385,74.0384615384615,416,0,92.1985815602837,0,100,0.983,63.824,94.6,162,2020
"924",180670013001,18.9239332096475,5.56586270871985,90.4458598726115,13.0641330166271,539,97.0315398886827,0,NA,17.4904942965779,80.6083650190114,78.7072243346008,400,34.25,72.289156626506,45.5,78.8079470198676,0.539,50.125,67.6,162,2020
"925",180670101002,30.8740068104427,17.7071509648127,97.9775280898876,8.77697841726619,881,97.7298524404086,0,23.4,10.5726872246696,78.8546255506608,72.2466960352423,500,9.2,85.4166666666667,21.6,0,0.881,42.619,95.3,162,2020
"926",180670102011,43.8418079096045,3.50282485875706,85.7142857142857,11.2293144208038,885,100,0,NA,5.90717299578059,90.9282700421941,100,474,0,100,0,0,0.885,87.943,135.3,162,2020
"927",180670102021,40.4564315352697,7.46887966804979,89.261744966443,8.85416666666667,964,98.1327800829876,0.933609958506224,NA,14.375,89.375,90.625,649,26.040061633282,83.9506172839506,10.3235747303544,49.4949494949495,0.964,62.297,154,162,2020
"928",180670103001,18.0769230769231,11.4423076923077,96.6535433070866,11.7554858934169,1040,98.1730769230769,0,NA,0,46.6472303206997,93.2944606413994,343,0,88.3474576271186,14.2857142857143,39.5698924731183,1.04,80.699,135.2,162,2020
"929",180670105002,16.8741355463347,18.3264177040111,89.2753623188406,11.8924508790072,1446,94.6749654218534,5.18672199170125,23.4,5.07518796992481,61.2781954887218,81.203007518797,597,10.8877721943049,76.7441860465116,7.70519262981575,0,1.446,72.353,133.2,162,2020
"930",180670106001,17.1028037383178,10.3738317757009,98.0477223427332,29.8701298701299,1070,96.2616822429907,8.97196261682243,22.3,13.9473684210526,57.3684210526316,80.5263157894737,405,6.17283950617284,94.2857142857143,40.2469135802469,80.0518134715026,1.07,73.235,251.8,162,2020
"931",180699613001,14.5256916996047,16.798418972332,98.5989492119089,29.0896159317212,2024,91.2549407114625,8.94268774703557,26.1,6.23501199040767,67.5059952038369,84.1726618705036,912,8.55263157894737,61.7000955109838,7.67543859649123,0,2.024,69.313,147.8,75,2020
"932",180699616002,12.4260355029586,21.8934911242604,100,16.3366336633663,845,97.7514792899408,0,29.5,21.1267605633803,84.2723004694836,58.9201877934272,426,0,76.9565217391304,3.75586854460094,81.3888888888889,0.845,45.577,183,75,2020
"933",180699617001,11.740412979351,22.5958702064897,99.3717277486911,35.6620633631194,1695,90.8554572271386,6.78466076696165,33.8,7.62463343108504,63.1964809384164,85.1906158357771,766,10.9660574412533,56.1784897025172,25.3263707571802,0,1.695,80.833,155.7,75,2020
"934",180699618004,16.4051355206847,28.1027104136947,100,10.0970873786408,701,98.5734664764622,5.42082738944365,NA,7.74193548387097,60.6451612903226,90.9677419354839,332,6.62650602409639,82.4451410658307,17.1686746987952,62.81179138322,0.701,37.969,81.6,75,2020
"935",180699619002,19.3208990913439,11.0951697752272,99.468791500664,8.38404327248141,2091,98.4696317551411,3.49115255858441,28.8,26.027397260274,56.986301369863,64.6575342465753,752,2.92553191489362,73.7483085250338,0,100,2.091,45.313,86.2,75,2020
"936",180699619003,19.2307692307692,12.6201923076923,98.0169971671388,17.5046554934823,832,100,0,NA,10.2649006622517,61.5894039735099,89.7350993377484,355,14.9295774647887,84.0764331210191,40.2816901408451,56.0723514211886,0.832,57.167,153.9,75,2020
"937",180699620002,16.9572107765452,13.1537242472266,96.5620328849028,18.1262729124236,1262,100,0,27.9,3.72340425531915,66.1347517730496,93.0851063829787,614,8.14332247557003,70.5974842767296,11.8892508143322,0,1.262,49.324,86,75,2020
"938",180719679011,10.2941176470588,31.25,88.7417218543046,7.92253521126761,1088,52.3897058823529,51.5625,26.2,14.3646408839779,40.6077348066298,55.2486187845304,429,15.6177156177156,73.3695652173913,82.5174825174825,98.8212180746562,1.088,47.674,18.3,181,2020
"939",180719679012,14.0866873065015,20.8204334365325,97.6058931860037,14.187866927593,1292,74.2260061919505,8.51393188854489,35.5,30.1492537313433,77.7611940298507,22.5373134328358,732,8.46994535519126,86.9811320754717,5.87431693989071,100,1.292,33.241,107.7,181,2020
"940",180719679021,23.2518669382213,23.7610319076714,94.5,15.8035714285714,2946,92.7359131025119,5.32926001357773,22.3,8.62489829129373,66.1513425549227,75.2644426362897,1254,1.99362041467305,77.4279973208305,5.18341307814992,100,2.946,53.482,123.3,181,2020
"941",180719680001,13.8344662135146,13.3946421431427,98.3870967741936,21.3976499690785,2501,100,0,NA,12.6874279123414,52.0184544405998,90.5420991926182,1082,19.8706099815157,65.0735294117647,11.1829944547135,0,2.501,69.595,142.8,181,2020
"942",180719681004,27.4332061068702,14.456106870229,98.1020166073547,10.1108033240997,2096,99.3320610687023,3.43511450381679,24.2,7.53246753246753,67.7922077922078,77.9220779220779,840,8.33333333333333,71.3574097135741,32.3809523809524,0,2.096,50.398,91.5,181,2020
"943",180719682003,22.6666666666667,9.64705882352941,94.3355119825708,11.6935483870968,1275,98.7450980392157,0,29.3,13.2034632034632,59.3073593073593,82.6839826839827,541,14.6025878003697,46.4387464387464,34.0110905730129,0,1.275,43.081,71.3,181,2020
"944",180731004001,14.3187066974596,18.6297151655119,94.8757763975155,8.57142857142857,1299,96.3818321785989,5.4657428791378,31,15.7004830917874,51.6908212560386,83.0917874396135,463,10.5831533477322,51.4049586776859,28.0777537796976,0,1.299,65.438,129.5,149,2020
"945",180731008004,16.8,21.9428571428571,95.9276018099548,8.54700854700855,875,90.8571428571429,4.57142857142857,33.8,17.4647887323944,63.6619718309859,72.9577464788732,414,14.2512077294686,37.3134328358209,3.14009661835749,0,0.875,60.268,128.1,149,2020
"946",180731009021,32.4106113033449,31.603229527105,100,24.6478873239437,867,98.3852364475202,5.5363321799308,18.7,4.01785714285714,84.5982142857143,60.9375,460,2.60869565217391,41.2621359223301,3.91304347826087,0,0.867,64.621,178.3,149,2020
"947",180731011001,21.3864306784661,13.4218289085546,99.8632010943912,18.4581976112921,1356,96.0914454277286,0,24.6,13.3962264150943,63.0188679245283,66.4150943396226,565,6.19469026548673,78.2234957020057,3.71681415929204,73.8842975206612,1.356,49.848,102.6,149,2020
"948",180759627002,9.75232198142415,23.9938080495356,99.3710691823899,8.19672131147541,646,92.5696594427245,2.32198142414861,18.3,21.8954248366013,60.7843137254902,62.4183006535948,355,13.8028169014085,75.609756097561,29.8591549295775,0,0.646,47.396,71.7,20,2020
"949",180759628003,16.1788617886179,25.4471544715447,91.3738019169329,12.906610703043,1230,94.6341463414634,0,22.2,19.6998123827392,68.6679174484053,61.7260787992495,591,9.81387478849408,71.4285714285714,35.0253807106599,0,1.23,46.611,88.9,20,2020
"950",180759630001,24.2307692307692,18.4615384615385,94.6261682242991,23.7691001697793,780,96.9230769230769,1.79487179487179,21,10.5691056910569,71.0027100271003,63.4146341463415,387,4.65116279069767,78.1333333333333,3.10077519379845,96.4044943820225,0.78,46.118,82.7,20,2020
"951",180759631002,34.6016646848989,22.3543400713436,96.1764705882353,6.37636080870918,841,99.4054696789536,0.594530321046373,27.5,18.7319884726225,69.7406340057637,79.8270893371758,372,6.72043010752688,91.7241379310345,11.0215053763441,87.3333333333333,0.841,41.25,79.4,20,2020
"952",180759632001,13.4206219312602,18.494271685761,95.1550387596899,11.7206982543641,1222,99.0998363338789,0.327332242225859,17.2,26.3616557734205,62.7450980392157,78.6492374727669,519,11.5606936416185,70.6043956043956,5.20231213872832,0,1.222,45.863,77,20,2020
"953",180779660003,13.0619684082625,26.0024301336573,98.1900452488688,11.9724375538329,1646,98.7241798298906,0,43.5,8.60058309037901,61.5160349854227,70.2623906705539,770,10.9090909090909,62.0092378752887,18.4415584415584,0,1.646,92.669,164.9,50,2020
"954",180779661001,12.9149613460664,20.0090950432015,100,11.6863905325444,2199,94.2246475670759,3.77444292860391,33.5,19.1823899371069,39.1509433962264,84.2767295597484,666,4.5045045045045,80.8988764044944,47.8978978978979,61.1260053619303,2.199,69.688,93.3,50,2020
"955",180779661004,17.6642335766423,22.3357664233577,100,10.2272727272727,1370,88.978102189781,1.24087591240876,22.9,28.1767955801105,67.5414364640884,81.9060773480663,828,12.56038647343,63.3440514469453,30.4347826086957,67.7519379844961,1.37,NA,86.9,50,2020
"956",180779663002,8.78293601003764,13.2998745294856,94.4606413994169,13.3079847908745,797,93.8519447929737,0,18.3,10.9433962264151,32.8301886792453,63.0188679245283,341,22.2873900293255,67.7115987460815,21.1143695014663,82.5806451612903,0.797,53.393,111.5,50,2020
"957",180779663003,12.2902270483712,14.6100691016782,93.7142857142857,18.5372005044136,2026,91.8558736426456,4.34353405725568,27.1,11.71875,63.671875,68.1640625,623,17.8170144462279,74.0226986128625,5.7784911717496,53.9781591263651,2.026,48.534,133.8,50,2020
"958",180779664004,33.861551292744,12.8440366972477,95.9349593495935,23.2213438735178,1199,97.3311092577148,1.66805671392827,21.5,9.20138888888889,76.5625,78.8194444444444,652,11.6564417177914,74.537037037037,18.8650306748466,100,1.199,44.882,134.7,50,2020
"959",180799602001,18.6576354679803,26.6009852216749,100,7.26672171758877,1624,99.3226600985222,0,18.6,15.3305203938115,62.5879043600563,85.9353023909986,866,17.8983833718245,66.6666666666667,27.5981524249423,0,1.624,59.229,95.3,77,2020
"960",180799602002,7.87704130643612,16.9068203650336,100,9.19931856899489,2082,94.5725264169068,2.88184438040346,22.4,1.83150183150183,51.8925518925519,75.9462759462759,840,2.5,58.6026200873362,4.16666666666667,63.7878787878788,2.082,75.225,89.7,77,2020
"961",180799602003,19.7368421052632,10.9022556390977,93.1506849315068,10.6474820143885,1064,97.2744360902256,2.72556390977444,NA,19.1646191646192,52.0884520884521,97.7886977886978,551,26.1343012704174,66.0087719298246,27.7676950998185,0,1.064,39.798,95.1,77,2020
"962",180799603013,15.7427937915743,16.7405764966741,93.1531531531532,21.2922173274596,902,100,0,NA,7.3490813648294,56.9553805774278,89.7637795275591,424,10.1415094339623,41.8560606060606,0,0,0.902,80.066,175.8,77,2020
"963",180799603024,27.3324572930355,24.4415243101183,100,8.78378378378378,761,78.449408672799,15.5059132720105,32.1,24.633431085044,67.741935483871,59.2375366568915,341,0,68.5483870967742,44.574780058651,0.968523002421308,0.761,28.262,93.2,77,2020
"964",180799604001,31.2460864120225,10.644959298685,94.4968553459119,7.86324786324786,1597,98.6850344395742,4.25798371947401,31.1,14.2215568862275,71.1077844311377,59.1317365269461,717,6.83403068340307,78.6516853932584,9.06555090655509,88.1696428571429,1.597,42.278,84,77,2020
"965",180799605002,19.6484620213434,18.0163214061519,95.0603732162459,2.53565768621236,1593,90.5838041431262,9.22787193973635,16.7,10.5185185185185,70.8148148148148,65.6296296296296,740,8.78378378378378,54.6189376443418,0,100,1.593,66.524,89.3,77,2020
"966",180816104031,13.4562841530055,21.5163934426229,90.8563134978229,24.9427917620137,1464,89.275956284153,7.51366120218579,41.2,1.40280561122244,52.7054108216433,54.5090180360721,528,5.49242424242424,56.3451776649746,11.5530303030303,100,1.464,47.697,150,1114,2020
"967",180816104033,2.57847533632287,23.2062780269058,98.0997624703088,1.93236714975845,1784,87.6121076233184,5.38116591928251,27.9,13.8655462184874,36.344537815126,28.9915966386555,550,13.4545454545455,52.2068095838588,88.7272727272727,100,1.784,48.088,17.5,1114,2020
"968",180816106032,14.475138121547,25.9668508287293,86.6541353383459,38.2037533512064,905,100,0,NA,15.6695156695157,57.8347578347578,84.3304843304843,390,10,21.2669683257919,34.6153846153846,100,0.905,112.974,159.6,1114,2020
"969",180816106082,13.1419939577039,11.4803625377643,75.4901960784314,0,662,100,0,NA,26.4705882352941,45.5882352941176,70.0980392156863,204,0,61.4718614718615,0,29.7413793103448,0.662,33.989,151.4,1114,2020
"970",180816107062,7.79305828421742,26.8500327439424,96.3855421686747,12.8526645768025,1527,100,0,NA,24.3103448275862,42.9310344827586,63.1034482758621,622,6.7524115755627,45.1968503937008,2.89389067524116,98.1770833333333,1.527,83.008,164.8,1114,2020
"971",180816108015,13.3511348464619,24.2323097463284,89.8684210526316,18.1918412348401,1498,88.2510013351135,1.00133511348465,26.5,10.3139013452915,50.2242152466368,36.5470852017937,446,0,57.6631259484067,40.8071748878924,95.2238805970149,1.498,54.018,121.5,1114,2020
"972",180816108021,11.8421052631579,29.4736842105263,98.5879332477535,21.1527377521614,2660,95.9022556390977,3.04511278195489,24.6,4.15841584158416,54.7524752475248,80.2970297029703,1010,0,59.6277738010021,18.9108910891089,91.3602941176471,2.66,71.852,114.8,1114,2020
"973",180816111002,21.3610586011342,12.0982986767486,97.9761904761905,18.733681462141,2116,98.2986767485822,2.6937618147448,48.8,34.4497607655502,72.6076555023923,65.311004784689,908,7.9295154185022,49.618320610687,7.70925110132159,89.1008174386921,2.116,37.564,181.8,1114,2020
"974",180816113001,9.22882427307206,23.2616940581542,99.7872340425532,10.2272727272727,791,78.1289506953224,20.2275600505689,31.3,20.7547169811321,37.1069182389937,48.7421383647799,400,20.5,95.5223880597015,23,100,0.791,37.959,76.1,1114,2020
"975",180816113002,17.5092478421702,25.8939580764488,96.5260545905707,4.25531914893617,811,100,0,18.9,26.6447368421053,50.328947368421,26.3157894736842,331,8.1570996978852,84.5425867507886,18.1268882175227,100,0.811,40.652,101.5,1114,2020
"976",180839552022,33.909648633575,16.4528722810931,98.5552115583075,31.6752011704462,1793,96.7651979921919,0,48.7,6.88806888068881,71.4637146371464,81.549815498155,813,0,87.363834422658,16.3591635916359,60.272417707151,1.793,59.245,193.2,61,2020
"977",180839552023,11.2789526686808,17.1198388721047,94.6859903381642,22.3776223776224,993,95.9718026183283,0,26.8,4.48548812664908,55.6728232189974,56.2005277044855,379,0,79.0123456790123,31.1345646437995,42.7722772277228,0.993,69.049,141.9,61,2020
"978",180839557001,14.2250530785563,22.8237791932059,100,23.4710743801653,942,97.3460721868365,0,19.6,6.90476190476191,49.5238095238095,35,574,26.8292682926829,91.8962722852512,15.8536585365854,100,0.942,60.781,131.6,61,2020
"979",180839559002,13.8256524153248,20.599666851749,89.2682926829268,6.09965635738832,1801,89.117157134925,5.77456968350916,13.1,21.1688311688312,65.5844155844156,46.4935064935065,770,0,72.8862973760933,8.7012987012987,74.7279322853688,1.801,35.553,91.9,61,2020
"980",180859609001,21.6269841269841,18.75,96.3949843260188,13.0081300813008,1008,95.5357142857143,6.74603174603175,21.7,2.30607966457023,74.4234800838574,77.1488469601677,632,24.5253164556962,72.9591836734694,31.6455696202532,89.2057026476578,1.008,67.824,131.6,341,2020
"981",180859611003,8.95161290322581,31.6935483870968,99.2401215805471,6.23268698060942,1240,94.758064516129,17.5806451612903,12.5,4.44964871194379,38.1733021077283,62.0608899297424,453,5.73951434878587,71.4285714285714,33.3333333333333,0,1.24,72.474,149.1,341,2020
"982",180859612001,4.08488063660477,16.2864721485411,100,1.91815856777494,1885,99.946949602122,0.106100795755968,23.3,4.30839002267574,25.1700680272109,89.1156462585034,480,8.125,73.0455075845974,13.5416666666667,0,1.885,81.25,224.1,341,2020
"983",180859612002,16.099356025759,19.9632014719411,94,10.75,1087,99.1720331186752,1.74793008279669,18.6,13.9004149377593,66.597510373444,87.7593360995851,494,2.42914979757085,84.3243243243243,17.2064777327935,0,1.087,56.333,115.9,341,2020
"984",180859612004,5.39325842696629,27.9550561797753,94.9696444058977,30.7939053728949,2225,87.2359550561798,30.876404494382,28.8,18.4090909090909,60.7954545454545,44.5454545454545,1048,16.030534351145,85.9154929577465,22.6145038167939,66.351606805293,2.225,44.545,180.5,341,2020
"985",180859613004,38.9830508474576,21.3559322033898,97.029702970297,46.0764587525151,590,92.3728813559322,7.6271186440678,NA,15.1079136690647,88.8489208633094,86.6906474820144,692,59.8265895953757,71.8354430379747,8.52601156069364,66.3685152057245,0.59,93.611,298.2,341,2020
"986",180859614001,15.9392789373814,22.011385199241,91.7355371900827,29.320987654321,527,100,0,NA,5.33980582524272,64.0776699029126,91.747572815534,617,66.612641815235,53.1531531531532,5.67260940032415,92.3673997412678,0.527,51.25,161.4,341,2020
"987",180859614002,17.4950298210736,13.4194831013916,100,19.3905817174515,1006,99.0059642147117,0,21.8,3.37349397590361,70.1204819277108,75.9036144578313,711,41.6315049226442,68.8311688311688,27.5668073136428,0,1.006,44.282,167.3,341,2020
"988",180859614003,29.1566265060241,9.79919678714859,97.6816074188563,19.2553191489362,1245,91.4859437751004,1.12449799196787,19,4.61538461538461,78.4615384615385,79.8461538461538,882,26.3038548752834,66.0377358490566,4.64852607709751,0,1.245,52.931,163.7,341,2020
"989",180859615001,18.3035714285714,3.86904761904762,92.9577464788732,12.6881720430108,672,95.0892857142857,0,NA,6.91056910569106,59.7560975609756,96.7479674796748,634,61.198738170347,48.4848484848485,20.0315457413249,92,0.672,53.902,184.4,341,2020
"990",180859615002,13.0797773654917,14.5640074211503,100,41.9713831478537,1078,95.1762523191095,0,45,8.60215053763441,55.9139784946236,76.3440860215054,441,15.6462585034014,58.3106267029973,13.8321995464853,55.0387596899225,1.078,97.5,371,341,2020
"991",180859615003,54.4987146529563,0,98.0295566502463,54.7120418848168,389,98.2005141388175,0,33.6,0,96.09375,87.109375,574,55.4006968641115,71.875,29.0940766550523,0,0.389,63.889,147.2,341,2020
"992",180859616001,13.4485349361382,16.6040570999249,76.8532526475038,25.359477124183,1331,100,1.20210368144252,17.4,5.74468085106383,55.7446808510638,85.531914893617,724,35.0828729281768,68.8940092165899,17.1270718232044,98.6803519061584,1.331,56.903,206.3,341,2020
"993",180859617001,16.6666666666667,18.4444444444444,97.887323943662,19.2816635160681,900,99,2.22222222222222,NA,2.06185567010309,63.573883161512,95.8762886597938,548,46.8978102189781,94.3396226415094,10.036496350365,64.3396226415094,0.9,83.472,242.6,341,2020
"994",180859617003,2.40641711229947,16.9117647058824,91.7647058823529,7.95964125560538,1496,96.4572192513369,44.1176470588235,11.6,8.2135523613963,44.1478439425051,79.4661190965092,487,0,80.1767676767677,53.5934291581109,75.9599332220367,1.496,68.229,100.5,341,2020
"995",180859618002,20.6388206388206,22.4815724815725,100,20.1072386058981,1628,86.7936117936118,1.16707616707617,21.8,5.66929133858268,73.7007874015748,84.251968503937,635,0,87.3670212765958,23.6220472440945,46.8704512372635,1.628,73.199,124.1,341,2020
"996",180859620003,26.0576333537707,13.5499693439608,93.8380281690141,29.6094459582198,1631,95.4015941140405,23.4212139791539,33,25.6637168141593,58.0530973451327,61.5929203539823,607,6.91927512355848,91.4342629482072,18.4514003294893,100,1.631,53.841,121.5,341,2020
"997",180859621011,16.0145586897179,21.9290263876251,98.9342806394316,21.4580467675378,1099,73.5213830755232,23.4758871701547,37,12.6760563380282,57.0422535211268,69.2488262910798,426,0,83.4829443447038,13.849765258216,100,1.099,75.353,160.6,341,2020
"998",180859621023,16.247582205029,32.8820116054159,100,56.9004524886878,1551,94.5196647324307,3.73952288845906,NA,0,80.6100217864924,75.3812636165577,459,0,97.2087378640777,3.05010893246187,100,1.551,58.892,136.3,341,2020
"999",180859622001,13.7448559670782,15.6378600823045,81.5028901734104,13.8238573021182,1215,97.2839506172839,14.40329218107,30.5,23.5067437379576,68.0154142581888,90.1734104046243,684,24.1228070175439,73.8489871086556,32.6023391812866,0,1.215,51.985,78.9,341,2020
"1000",180859622002,27.5208491281274,16.3760424564064,98.7480438184664,24,1319,91.0538286580743,6.7475360121304,18.7,0.62111801242236,65.9937888198758,95.1863354037267,707,8.91089108910891,84.5173041894353,8.76944837340877,32.6359832635983,1.319,NA,190.2,341,2020
"1001",180859622003,14.5468998410175,6.51828298887122,100,28.6773794808405,1258,97.3767885532591,7.63116057233704,27.1,2.94117647058824,50.4201680672269,86.3445378151261,503,5.36779324055666,87.0216306156406,11.3320079522863,49.2277992277992,1.258,73.75,186.1,341,2020
"1002",180859623003,14.5044319097502,23.4488315874295,99.448275862069,39.2226148409894,1241,97.4214343271555,0.40290088638195,22.5,0,55.1724137931034,92.6724137931034,464,0,96.6074313408724,0,57.4105621805792,1.241,71.667,174.2,341,2020
"1003",180859624001,12.4708236078693,18.7729243081027,97.1517027863777,12.7572016460905,2999,94.9649883294431,11.1037012337446,30.4,6.29107981220657,55.7746478873239,85.6338028169014,1065,0,72.996632996633,19.6244131455399,4.96719775070291,2.999,71.302,142.5,341,2020
"1004",180859624002,14.3708116157856,21.2956068503351,97.0994475138122,13.4743875278396,1343,97.9151154132539,4.16976917349218,24.9,7.54385964912281,62.4561403508772,71.2280701754386,628,9.23566878980892,72.1649484536082,10.828025477707,0,1.343,58.125,86.9,341,2020
"1005",180859625002,19.0962099125364,16.4723032069971,97.6217440543601,15.606936416185,1372,99.4897959183673,2.25947521865889,40,6.94444444444444,75.7716049382716,94.9074074074074,777,16.6023166023166,72.3833543505675,18.4041184041184,0,1.372,49.464,141.5,341,2020
"1006",180859626003,17.3031026252983,16.5871121718377,97.8599221789883,12.8482972136223,838,98.8066825775656,0,NA,0,63.1868131868132,91.7582417582418,391,6.90537084398977,57.3891625615764,23.0179028132992,0,0.838,56.25,133.1,341,2020
"1007",180859627001,19.9837530463038,8.61088545897644,96.5058236272879,10.906862745098,1231,100,2.11210398050366,32.3,14.7916666666667,65.4166666666667,75.4166666666667,679,29.3078055964654,73.6742424242424,6.48011782032401,0,1.231,67.083,164.9,341,2020
"1008",180859627003,23.4979179060083,16.5377751338489,96.8842729970326,8.16485225505443,1681,98.2153480071386,0.535395597858418,31.9,14.8997134670487,70.2005730659026,81.5186246418338,858,18.6480186480186,52.4271844660194,9.79020979020979,0,1.681,59.286,103.3,341,2020
"1009",180879701004,11.8988596926128,20.0297471492315,86.4016736401674,15.7944814462417,2017,98.8101140307387,3.42092216162618,NA,8.95522388059701,59.7014925373134,85.0746268656716,728,17.1703296703297,62.4299065420561,25.8241758241758,0,2.017,63.906,128.4,124,2020
"1010",180879702001,17.1156004489338,15.3198653198653,98.5759493670886,8.78839590443686,1782,83.1649831649832,30.3030303030303,NA,0.915750915750916,57.1428571428571,91.2087912087912,546,0,66.5511265164645,6.22710622710623,0,1.782,57.188,134.3,124,2020
"1011",180879702002,18.4641932700604,21.0526315789474,96.2962962962963,8.16077953714982,1159,97.6704055220017,13.8050043140638,27,28.0510018214936,68.1238615664845,54.2805100182149,601,8.6522462562396,74.822695035461,12.9783693843594,0,1.159,39.063,84.3,124,2020
"1012",180879702004,19.4477085781434,19.6827262044653,100,10.2752293577982,1702,94.3008225616921,12.6321974148061,24.6,1.98807157057654,56.0636182902585,91.8489065606362,565,10.9734513274336,75.5917159763314,2.47787610619469,0,1.702,63.393,172.5,124,2020
"1013",180879703012,23.0110159118727,20.1958384332925,100,3.77697841726619,817,95.1040391676867,0,NA,28.7958115183246,58.1151832460733,100,405,5.67901234567901,82.6086956521739,17.037037037037,0,0.817,72.917,272.2,124,2020
"1014",180879704023,15.6969696969697,16.3030303030303,88.6058981233244,4.91642084562439,1650,88.1212121212121,2.48484848484848,23.2,7.73584905660377,43.5849056603774,82.0754716981132,602,11.9601328903654,73.5244519392917,4.81727574750831,0,1.65,67,193.5,124,2020
"1015",180879706002,29.3342579750347,8.59916782246879,94.7449768160742,20.9260908281389,1442,97.9889042995839,2.77392510402219,12.8,7.06896551724138,76.7241379310345,93.448275862069,1001,42.0579420579421,61.4478114478114,0.899100899100899,0,1.442,75.379,248.1,124,2020
"1016",180879707002,30.6596701649175,9.22038980509745,100,23.2314410480349,1334,97.6761619190405,0.674662668665667,NA,0,78.3505154639175,93.4707903780069,785,25.859872611465,37.6413570274636,3.43949044585987,0,1.334,63.083,241.9,124,2020
"1017",180890102033,16.1764705882353,19.3627450980392,88.8392857142857,7.2234762979684,816,1.83823529411765,41.2990196078431,40.9,49.8516320474777,60.5341246290801,15.4302670623145,380,11.3157894736842,57.7889447236181,6.84210526315789,100,0.816,19.028,83.5,1512,2020
"1018",180890102071,14.3295354951797,25.5039439088519,70.1773835920177,11.6959064327485,2282,14.8992112182296,33.4794040315513,42,44.8239060832444,70.2241195304162,17.8228388473853,1231,23.8830219333875,64.6129541864139,1.6246953696182,98.0512820512821,2.282,23.573,84,1512,2020
"1019",180890123004,14.6586345381526,14.4578313253012,90.1709401709402,13.4146341463415,498,23.4939759036145,38.9558232931727,27.2,25.3164556962025,76.7932489451477,50.6329113924051,485,51.1340206185567,42.1800947867299,0,100,0.498,35.15,64.4,1512,2020
"1020",180890203004,6.03932584269663,25.187265917603,89.3300248138958,6.5359477124183,2136,54.1666666666667,66.8071161048689,36.7,14.2281879194631,53.4228187919463,72.6174496644295,817,8.81272949816401,68.7962962962963,7.95593635250918,100,2.136,54.875,95.8,1512,2020
"1021",180890203005,17.0560747663551,11.0981308411215,97.4770642201835,27.1241830065359,856,52.9205607476636,45.2102803738318,30.6,19.5979899497487,69.5979899497487,68.3417085427136,443,10.1580135440181,56.4903846153846,10.1580135440181,100,0.856,42.458,97.5,1512,2020
"1022",180890411003,29.8591549295775,6.76056338028169,70.5426356589147,7.30593607305936,355,91.830985915493,10.4225352112676,NA,25.1748251748252,57.3426573426573,86.7132867132867,198,27.7777777777778,45.0549450549451,10.6060606060606,100,0.355,25.156,46.2,1512,2020
"1023",180890412001,53.202846975089,8.98576512455516,88.125,1.3360739979445,1124,40.2135231316726,59.7864768683274,32.9,12.5500667556742,91.3217623497997,82.9105473965287,870,13.9080459770115,79.0780141843972,15.9770114942529,100,1.124,41.231,161.4,1512,2020
"1024",180890412002,12.3092573753815,27.4669379450661,91.5816326530612,1.743264659271,983,94.5066124109868,26.6531027466938,NA,30.5084745762712,58.5956416464891,49.8789346246973,474,12.8691983122363,71.3804713804714,56.7510548523207,100,0.983,36.094,51,1512,2020
"1025",180890412003,17.2794117647059,11.3970588235294,100,7.43243243243243,272,81.9852941176471,12.5,NA,33.3333333333333,87.8787878787879,66.6666666666667,174,24.1379310344828,54.2056074766355,19.5402298850575,100,0.272,NA,45.2,1512,2020
"1026",180890414001,15.4929577464789,16.2754303599374,91.4764079147641,9.50226244343891,1278,72.9264475743349,29.8904538341158,27.2,16.751269035533,72.419627749577,72.7580372250423,669,11.6591928251121,69.1470054446461,4.78325859491779,100,1.278,41.042,77.8,1512,2020
"1027",180890416001,12.4677002583979,15.374677002584,89.7119341563786,9.32735426008969,1548,87.7260981912145,22.6744186046512,22.4,16.9366715758468,68.7776141384389,69.0721649484536,751,9.58721704394141,72.8867623604466,44.474034620506,100,1.548,44.54,74.9,1512,2020
"1028",180890417001,7.36984448951995,20.2839756592292,92.5093632958801,14.9122807017544,1479,65.7876943881001,26.5720081135903,26,23.0627306273063,53.690036900369,70.6642066420664,542,0,62.095531587057,20.2952029520295,100,1.479,44.362,87.7,1512,2020
"1029",180890417005,5.63106796116505,9.32038834951456,91.7355371900827,16.1048689138577,515,75.1456310679612,28.3495145631068,NA,6.04026845637584,57.7181208053691,95.3020134228188,228,34.6491228070175,59.4594594594595,0,100,0.515,44.293,85,1512,2020
"1030",180890419002,28.4745762711864,14.5762711864407,89.8630136986301,18.8202247191011,885,94.5762711864407,13.1073446327684,NA,4.46428571428571,70.9821428571429,91.5178571428571,521,14.0115163147793,58.0327868852459,0,100,0.885,46.797,132.4,1512,2020
"1031",180890421005,4.16107382550336,24.9664429530201,97.6470588235294,6.01156069364162,1490,77.4496644295302,20,36.6,29.1784702549575,77.7620396600567,30.5949008498584,757,6.73712021136063,67.4324324324324,4.35931307793923,100,1.49,40.521,203.4,1512,2020
"1032",180890429011,21.8908629441624,20.8121827411168,92.4012158054711,16.8831168831169,1576,96.1928934010152,2.60152284263959,29.2,3.98162327718224,71.0566615620214,74.2725880551302,845,22.7218934911243,37.1710526315789,0,100,1.576,68.986,236.5,1512,2020
"1033",180890430032,16.4323374340949,17.7504393673111,96.0905349794239,20.1765447667087,1138,97.6274165202109,11.6871704745167,27.5,9.62800875273523,71.7724288840263,72.4288840262582,457,0,60.3854389721627,3.93873085339168,100,1.138,51.583,141.3,1512,2020
"1034",180890431011,7.58513931888545,28.328173374613,100,9.44625407166124,1292,100,1.31578947368421,23.1,10.4204753199269,67.8244972577697,52.4680073126143,741,26.1808367071525,39.8782343987823,0,100,1.292,52.601,123.2,1512,2020
"1035",180890434012,17.0145477545857,6.07210626185958,94.3835616438356,13.2264529058116,1581,97.090449082859,1.45477545857053,19.4,6.02678571428571,39.7321428571429,94.8660714285714,508,11.8110236220472,44.4940476190476,0.196850393700787,0,1.581,104.375,291.7,1512,2020
"1036",180890434041,17.0632617527568,19.4428322692977,92.0496894409938,22.097678142514,1723,97.4463145676146,9.8084735925711,17.1,5.25525525525526,69.2192192192192,89.9399399399399,710,6.19718309859155,49.1404011461318,18.0281690140845,0,1.723,77.813,180.1,1512,2020
"1037",180910413001,10.3403141361257,17.5392670157068,98.694942903752,4.84330484330484,1528,84.1623036649215,12.434554973822,31.3,29.9159663865546,58.9915966386555,69.2436974789916,755,21.1920529801325,69.9173553719008,5.29801324503311,100,1.528,42.193,107.1,120,2020
"1038",180910413002,16.9657422512235,22.6753670473083,100,10.6699751861042,613,75.5301794453507,15.1712887438825,32.1,20.8494208494208,59.8455598455598,87.6447876447876,292,11.3013698630137,92.0765027322404,46.5753424657534,100,0.613,51.938,86.7,120,2020
"1039",180910414003,16.1001788908766,20.2146690518784,90.414878397711,8.80503144654088,1677,67.7996422182469,12.701252236136,43.6,40.3156384505021,55.5236728837877,40.1721664275466,764,8.7696335078534,78.1402936378467,29.9738219895288,85.2427184466019,1.677,26.382,55.9,120,2020
"1040",180910415003,36.7183017785427,13.7119908204246,98.5969387755102,21.6487935656836,1743,89.9598393574297,4.58978772231784,NA,5.0314465408805,81.4465408805032,94.1299790356394,954,0,68.988173455979,1.78197064989518,0,1.743,53.636,229.9,120,2020
"1041",180910416001,37.9379379379379,19.019019019019,100,22.2222222222222,999,93.1931931931932,0,NA,7.56457564575646,84.3173431734317,92.0664206642066,625,13.28,70.1818181818182,12.32,3.20512820512821,0.999,44.978,151.6,120,2020
"1042",180910416002,15.8579289644822,11.0055027513757,98.1797497155859,21.7917675544794,1999,94.2971485742871,0,26.8,11.1793611793612,64.4963144963145,70.6388206388206,956,14.8535564853556,65.8473479948254,22.907949790795,8.82002383790226,1.999,46.618,125.8,120,2020
"1043",180910417003,17.5092478421702,10.4808877928483,75.4098360655738,5.74018126888217,811,86.189889025894,1.97287299630086,32.8,26.3975155279503,67.7018633540373,86.3354037267081,375,14.1333333333333,86.5217391304348,24.2666666666667,0,0.811,57.652,194.6,120,2020
"1044",180910418001,18.8802083333333,16.4713541666667,94.3562610229277,12.3324396782842,1536,100,7.94270833333333,16.8,10.3293413173653,68.562874251497,90.4191616766467,994,32.7967806841046,62.9213483146067,0,0,1.536,52.027,109.3,120,2020
"1045",180910418004,8.60816098378983,18.1665735047513,88.9194139194139,12.4675324675325,1789,100,7.2666294019005,42.8,7.69230769230769,46.7817896389325,77.3940345368917,637,0,64.3790849673203,20.2511773940345,33.8315217391304,1.789,79.875,161,120,2020
"1046",180910419001,28.6573146292585,4.80961923847695,96.646942800789,27.8184480234261,998,100,9.11823647294589,NA,5.48302872062663,73.6292428198433,91.3838120104439,383,0,68.5654008438819,17.4934725848564,0,0.998,72.244,139.4,120,2020
"1047",180910421005,25.5060728744939,13.5627530364372,97.9381443298969,18.158403090792,1976,85.6275303643725,15.2327935222672,27.4,7.93374019180471,79.947689625109,79.2502179598954,1255,8.60557768924303,40.8163265306122,5.49800796812749,96.2450592885375,1.976,41.393,124.5,120,2020
"1048",180910425001,27.0223752151463,18.9328743545611,100,10.2564102564103,581,86.0585197934596,8.43373493975904,NA,25.5874673629243,81.4621409921671,69.7127937336815,435,11.9540229885057,84.3835616438356,20.9195402298851,100,0.581,NA,51.9,120,2020
"1049",180910426014,13.6246786632391,20.0514138817481,93.2664756446991,11.0588235294118,1167,95.7155098543273,5.1413881748072,19.1,9.18367346938776,54.6938775510204,93.0612244897959,612,19.9346405228758,67.1406003159558,46.8954248366013,58.3554376657825,1.167,70.921,107.4,120,2020
"1050",180910426021,1.68895144264602,53.4600046915318,100,1.63761225567882,4263,65.7518179685667,8.42129955430448,NA,44.4444444444444,16.6666666666667,50,52,30.7692307692308,77.7777777777778,61.5384615384615,50.5050505050505,4.263,34.167,NA,120,2020
"1051",180910427002,8.38235294117647,21.9852941176471,97.8819969742814,20.4889406286379,1360,98.8235294117647,7.86764705882353,25.6,19.5959595959596,46.2626262626263,78.989898989899,635,22.0472440944882,60.4340567612688,37.7952755905512,0,1.36,52.989,152.3,120,2020
"1052",180939508003,40.8256880733945,14.4167758846658,97.8043912175649,14.7083685545224,1526,95.478374836173,0,32,25.8741258741259,77.9020979020979,44.7552447552448,802,10.8478802992519,79.5652173913043,12.0947630922693,92.378752886836,1.526,40.804,121.7,31,2020
"1053",180939512021,21.3991769547325,17.2206394428617,96.2987886944818,18.5424354243542,3159,97.6574865463754,0,NA,4.49077786688051,59.9037690457097,86.1267040898155,1334,6.52173913043478,67.7661169415292,16.0419790104948,1.8348623853211,3.159,63.697,166.2,31,2020
"1054",180939513003,23.0414746543779,36.2519201228879,96.8253968253968,8.36575875486381,651,100,0,22.3,0,69.1029900332226,65.78073089701,324,7.09876543209877,81.4207650273224,19.4444444444444,0,0.651,38.592,59.3,31,2020
"1055",180939513004,22.3844282238443,21.0056772100568,100,7.04738760631835,1233,88.2400648824006,11.7599351175994,32.8,35.632183908046,51.1494252873563,50.9578544061303,553,5.60578661844485,83.1858407079646,19.7106690777577,0,1.233,33.947,78.6,31,2020
"1056",180950005002,15.9966499162479,19.5142378559464,100,2.59579728059333,1194,92.5460636515913,11.7252931323283,49.1,35.7142857142857,73.3928571428571,63.3928571428571,752,25.531914893617,51.5527950310559,45.3457446808511,100,1.194,28.939,18.3,274,2020
"1057",180950010001,10.546875,15.546875,89.5705521472393,4.34210526315789,1280,61.25,11.09375,24.8,22.2222222222222,58.7962962962963,43.287037037037,757,42.9326287978864,61.4155251141553,20.6076618229855,100,1.28,36.771,57.1,274,2020
"1058",180950014003,12.5512715340443,23.7899917965546,96.8515742128936,6.71892497200448,1219,83.1829368334701,8.44954881050041,NA,29.2834890965732,79.595015576324,49.6884735202492,680,5.58823529411765,66.6666666666667,0,100,1.219,27.391,63.7,274,2020
"1059",180950018011,29.3611793611794,28.992628992629,92.8338762214984,6.89170182841069,814,96.3144963144963,0,NA,10.580204778157,55.9726962457338,100,293,0,71.5789473684211,13.3105802047782,87.5838926174497,0.814,54.775,97.8,274,2020
"1060",180950018012,24.9325626204239,22.8131021194605,98.2970671712394,15.1044456347081,2595,77.1483622350674,14.4894026974952,42.7,18.9407540394973,67.0556552962298,62.657091561939,1305,14.6360153256705,64.8185483870968,27.7394636015326,99.7165131112686,2.595,43.529,94.4,274,2020
"1061",180950019013,37.7245508982036,11.8263473053892,95.4385964912281,14.0594059405941,668,92.2155688622755,0,28.7,18.0094786729858,86.4928909952607,52.132701421801,422,0,42.6470588235294,2.8436018957346,100,0.668,25.781,130.3,274,2020
"1062",180950104003,25.6186317321689,24.0174672489083,92.0821114369501,9.91150442477876,687,100,10.6259097525473,27.8,2.91970802919708,72.2627737226277,78.1021897810219,301,8.97009966777409,31.5175097276265,20.265780730897,56.9979716024341,0.687,51.935,120.2,274,2020
"1063",180950105002,17.9327521793275,14.1967621419676,91.2650602409639,8.23970037453183,803,96.3885429638854,2.98879202988792,20.5,21.0526315789474,62.2291021671827,72.4458204334365,399,19.047619047619,64.406779661017,21.3032581453634,64.3790849673203,0.803,37.438,76.3,274,2020
"1064",180950105004,31.3817330210773,8.31381733021077,100,23.5008103727715,854,99.8829039812646,0,NA,14.0401146131805,74.2120343839541,67.621776504298,446,21.7488789237668,61.2377850162866,14.7982062780269,32.4435318275154,0.854,60.987,157.5,274,2020
"1065",180950106001,5.92011412268188,27.7460770328103,89.8520084566596,44.2906574394464,1402,100,0,NA,36.1757105943152,35.6589147286822,66.4082687338501,433,10.6235565819861,69.8051948051948,10.3926096997691,84.1013824884793,1.402,NA,79.3,274,2020
"1066",180950106004,14.1135972461274,21.1703958691911,100,4.4973544973545,581,100,0,NA,0,55.2,59.6,368,32.0652173913044,88.2352941176471,8.42391304347826,86.6863905325444,0.581,83.841,73.7,274,2020
"1067",180950108002,19.0163934426229,20.4371584699454,95.3952417498081,14.3495254048018,2745,95.591985428051,3.27868852459016,23.1,9.68660968660969,50.5223171889839,71.7948717948718,1252,15.8945686900958,56.4236111111111,11.6613418530351,50.2688172043011,2.745,54.519,118.1,274,2020
"1068",180950109002,16.2836506894288,15.3644123440578,98.1375358166189,13.7373737373737,1523,94.9441891004596,3.47997373604728,24.5,10.7583774250441,59.9647266313933,71.2522045855379,637,10.989010989011,53.9967373572594,20.5651491365777,0,1.523,49.034,81.9,274,2020
"1069",180950111002,9.36686903729401,22.8100607111882,98.2084690553746,28.6350148367953,1153,97.8317432784042,4.68343451864701,30.9,11.4470842332613,71.9222462203024,60.6911447084233,501,7.58483033932136,53.8878842676311,0,0,1.153,51.169,98,274,2020
"1070",180950113001,15.9279778393352,16.9667590027701,97.9073243647235,11.6666666666667,1444,96.6759002770083,5.26315789473684,26.6,11.6521739130435,65.3913043478261,61.0434782608696,624,7.8525641025641,64.48,21.7948717948718,98.9855072463768,1.444,45.125,67.7,274,2020
"1071",180950115011,14.9555099247091,27.2073921971253,96.7770814682184,17.600352889281,2922,82.2039698836413,2.84052019164956,41,20,73.3678756476684,71.9170984455959,1015,4.92610837438424,51.3145965548504,16.256157635468,50.0473036896878,2.922,56.83,151.1,274,2020
"1072",180950115022,31.4800901577761,10.4432757325319,88.7828162291169,21.6878402903811,1331,96.4688204357626,0.826446280991736,45.7,0,75,80.9701492537313,648,17.2839506172839,55.5059523809524,4.47530864197531,90.7407407407407,1.331,77.091,150.6,274,2020
"1073",180950118004,14.9238578680203,14.8223350253807,70.042194092827,37.5203915171289,985,98.9847715736041,0,NA,0,56.5625,100,334,4.19161676646707,61.5625,38.622754491018,40.5579399141631,0.985,68.036,168.9,274,2020
"1074",180973302112,17.4726989079563,28.0811232449298,95.850622406639,23.1168831168831,641,100,28.0811232449298,NA,13.7931034482759,67.0498084291188,71.6475095785441,261,0,32.4675324675325,85.0574712643678,100,0.641,NA,24,2344,2020
"1075",180973302123,10.9048723897912,26.8368136117556,97.2324723247232,19.6491228070175,1293,42.6914153132251,22.4284609435421,44.3,21.1764705882353,73.1372549019608,66.4705882352941,524,2.67175572519084,71.6517857142857,19.6564885496183,100,1.293,53.049,133,2344,2020
"1076",180973307012,5.28246515040352,45.7813646368305,95.9488272921109,11.5618661257606,1363,53.1181217901688,52.017608217168,30.7,9.13312693498452,89.3188854489164,21.8266253869969,727,11.1416781292985,68.2222222222222,51.8569463548831,100,1.363,29.957,70.3,2344,2020
"1077",180973307021,1.59137577002053,18.1724845995893,100,0,1948,50.3593429158111,77.6180698151951,24.8,36.890243902439,58.0792682926829,30.7926829268293,656,0,63.7158469945355,77.4390243902439,100,1.948,36.433,23.6,2344,2020
"1078",180973307022,18.4466019417476,22.5242718446602,100,10.6481481481481,515,95.3398058252427,0,NA,26.628895184136,86.9688385269122,91.2181303116147,353,0,52.3809523809524,100,100,0.515,29.813,25.5,2344,2020
"1079",180973307023,37.8313253012048,10.6024096385542,100,8.02139037433155,1245,81.6064257028113,30.0401606425703,NA,10.3074141048825,78.4810126582278,84.629294755877,553,0,61.6407982261641,86.7992766726944,100,1.245,46.369,38.8,2344,2020
"1080",180973401131,9.67741935483871,9.02217741935484,93.75,18.02179379715,1984,52.570564516129,14.616935483871,23.8,6.85358255451713,53.4267912772586,73.3644859813084,642,0,79.062159214831,26.3239875389408,100,1.984,58.6,98.6,2344,2020
"1081",180973401132,5.77223088923557,9.67238689547582,85.9016393442623,8.45070422535211,641,62.5585023400936,37.2854914196568,NA,47.6415094339623,53.3018867924528,37.2641509433962,221,4.07239819004525,67.175572519084,91.4027149321267,100,0.641,22.024,NA,2344,2020
"1082",180973408002,23.4458259325044,8.8809946714032,96.048632218845,20.979020979021,563,92.5399644760213,4.4404973357016,32.5,9.05660377358491,77.3584905660377,79.622641509434,299,11.371237458194,80.1324503311258,13.7123745819398,100,0.563,59.107,122.2,2344,2020
"1083",180973417012,12.0361083249749,17.9538615847543,97.7547495682211,0,997,68.7061183550652,65.4964894684052,34.7,27.8372591006424,83.7259100642398,39.6145610278373,635,26.4566929133858,61.4942528735632,17.1653543307087,100,0.997,24.659,60.7,2344,2020
"1084",180973417021,4,38.6666666666667,82.7893175074184,18.9373297002725,1350,60.6666666666667,7.62962962962963,25.4,3.05555555555556,25.5555555555556,43.3333333333333,447,19.4630872483221,95.7720588235294,0,100,1.35,NA,74.2,2344,2020
"1085",180973417022,14.331550802139,32.192513368984,90.2777777777778,10.2564102564103,935,91.2299465240642,5.02673796791444,24.8,26.6355140186916,73.5981308411215,45.7943925233645,469,8.74200426439232,61.5384615384615,18.9765458422175,100,0.935,36.207,NA,2344,2020
"1086",180973419032,10.943124550036,26.9258459323254,93.8725490196078,12.8526645768025,1389,31.0295176385889,53.9956803455724,NA,4.93562231759657,47.8540772532189,95.0643776824034,499,6.61322645290581,67.3825503355705,4.60921843687375,100,1.389,65.303,94.7,2344,2020
"1087",180973422001,3.39366515837104,18.0241327300151,90.5099150141643,0,1326,96.6817496229261,0,31.6,6.38297872340426,49.645390070922,42.789598108747,525,19.4285714285714,93.006993006993,10.2857142857143,100,1.326,40.841,75.6,2344,2020
"1088",180973423004,16.2093171665603,18.9534141671985,95.6772334293948,2.84035259549461,1567,68.9215060625399,20.7402680280791,24.6,8.78594249201278,57.667731629393,68.5303514376997,626,0,90.8661417322835,39.9361022364217,100,1.567,42.201,NA,2344,2020
"1089",180973424001,15.5886157826649,18.2406209573092,95.3781512605042,5.65573770491803,1546,91.7205692108668,10.2846054333765,26.5,17.5298804780876,67.7290836653386,64.9402390438247,632,20.5696202531646,75.6211180124224,17.7215189873418,100,1.546,54.444,77.3,2344,2020
"1090",180973425001,7.37527114967462,39.9132321041215,100,0,461,100,35.7917570498915,27.1,35.4430379746835,72.7848101265823,45.5696202531646,175,9.71428571428571,54.1095890410959,0,100,0.461,38.571,64.8,2344,2020
"1091",180973606013,11.7816091954023,27.2988505747126,80.5429864253394,22.2556390977444,1044,91.2835249042146,0,28.1,15.0769230769231,40.9230769230769,69.8461538461538,458,29.0393013100437,70.5056179775281,4.80349344978166,100,1.044,60.029,93.7,2344,2020
"1092",180973613002,16.2544169611307,12.1908127208481,96.8992248062015,0,566,75.0883392226148,21.0247349823322,33.8,12.1863799283154,76.3440860215054,83.8709677419355,314,11.1464968152866,59.375,69.1082802547771,100,0.566,40.139,NA,2344,2020
"1093",180973614011,34.3065693430657,28.4671532846715,88.3720930232558,40.9221902017291,411,59.6107055961071,43.7956204379562,NA,8.99653979238754,95.5017301038062,34.9480968858132,289,0,77.6315789473684,34.9480968858132,100,0.411,21.29,NA,2344,2020
"1094",180973614023,4.64516129032258,40.7096774193548,100,14.8494288681205,1550,72.3870967741936,41.741935483871,NA,40.5109489051095,66.7883211678832,47.992700729927,548,0,83.0708661417323,51.2773722627737,100,1.55,29.141,67,2344,2020
"1095",180973702032,6.29067245119306,13.9551699204628,78.5491419656786,24.7126436781609,2766,64.1359363702097,36.8040491684743,42.9,20.3448275862069,61.1494252873563,73.1034482758621,870,0,74.9741468459152,21.3793103448276,100,2.766,34.211,86.1,2344,2020
"1096",180973702043,23.4193548387097,22.9677419354839,89.703808180536,4.26829268292683,1550,97.6129032258064,2.38709677419355,29.3,14.5714285714286,76.1428571428571,31.1428571428571,735,4.76190476190476,89.4060995184591,4.76190476190476,98.7514188422248,1.55,33.988,92.3,2344,2020
"1097",180973805012,12.3659756969264,21.7298070050036,97.8678038379531,10.0200400801603,1399,99.2137240886347,4.5746962115797,28.4,20.7877461706783,54.9234135667396,81.4004376367615,557,17.9533213644524,88.968824940048,44.524236983842,100,1.399,45.642,NA,2344,2020
"1098",180973805023,13.5367762128326,31.5336463223787,98.7762237762238,26.9544924154026,1278,92.018779342723,4.1471048513302,29.7,15,58.0769230769231,54.8076923076923,692,24.8554913294798,50.6352087114338,4.91329479768786,100,1.278,61.574,128,2344,2020
"1099",180973808003,12.1951219512195,10.801393728223,95.2908587257618,4.04040404040404,861,93.7282229965157,7.31707317073171,18.4,13.9204545454545,64.2045454545455,81.8181818181818,374,5.88235294117647,78.1976744186046,35.0267379679144,100,0.861,34.833,NA,2344,2020
"1100",180973901031,18.9776357827476,21.2140575079872,93.543428132206,34.0941512125535,3130,87.0926517571885,2.3961661341853,24.6,10.4065040650407,69.6747967479675,86.9918699186992,1230,0,61.6352201257862,6.26016260162602,100,3.13,50.143,157.2,2344,2020
"1101",180973908022,9.72447325769854,20.5024311183144,81.3524590163934,2.56821829855538,1234,78.5251215559157,27.2285251215559,32.9,10.0864553314121,51.0086455331412,71.1815561959654,435,20.2298850574713,70.7774798927614,63.6781609195402,100,1.234,50.586,81,2344,2020
"1102",180990201011,5.53242117787032,27.8405710886377,94.6107784431138,20.7465277777778,1681,91.9690660321237,32.5996430696014,31.8,10.7712765957447,59.3085106382979,46.1436170212766,752,0,62.5841184387618,0,0,1.681,36.058,116.6,254,2020
"1103",180990201021,7.13950211366839,18.8351338656646,100,13.880742913001,2129,100,0.657585720995773,NA,6.68016194331984,30.7692307692308,92.1052631578947,494,0,79.9251870324189,0,0,2.129,80.781,271.7,254,2020
"1104",180990202011,15.4452690166976,28.6178107606679,96.8061674008811,9.72136222910217,2156,97.1243042671614,0.556586270871985,23.4,12.4384236453202,60.2216748768473,83.8669950738916,890,8.76404494382022,65.3658536585366,18.6516853932584,0,2.156,48.967,118.3,254,2020
"1105",180990202022,16.5749235474006,17.0030581039755,92.7960927960928,9.97506234413965,1635,96.9418960244648,0,17.6,11.3744075829384,62.2432859399684,81.9905213270142,752,15.8244680851064,56.3611491108071,9.44148936170213,0,1.635,60.625,135.4,254,2020
"1106",180990203023,38.2146439317954,13.741223671013,96.4365256124722,34.5679012345679,997,99.6990972918756,1.60481444332999,23.3,20,80.4040404040404,73.1313131313131,826,40.0726392251816,80.5194805194805,3.26876513317191,0,0.997,31.588,164.8,254,2020
"1107",180990204003,36.8298368298368,12.9370629370629,85.7664233576642,16.7434715821813,858,95.1048951048951,0,29.2,27.8617710583153,72.7861771058315,67.6025917926566,522,11.3026819923372,69.9115044247788,34.6743295019157,86.2258953168044,0.858,34.345,83.9,254,2020
"1108",180990205001,13.540260908682,16.1493477282951,95.0340798442064,15.4005524861878,2223,73.8191632928475,52.2717049032838,27.6,24.822695035461,41.8439716312057,30.4964539007092,1020,17.0588235294118,72.8125,43.6274509803922,97.708082026538,2.223,36.716,94.8,254,2020
"1109",180990207011,28.9655172413793,15.3256704980843,96.7013888888889,22.4400871459695,1305,97.9310344827586,7.27969348659004,NA,9.12476722532588,68.5288640595903,83.7988826815643,562,4.44839857651246,54.4592030360531,2.13523131672598,0,1.305,60.559,165.9,254,2020
"1110",180990208002,13.5119726339795,22.8050171037628,94.3236714975845,12.5230202578269,1754,97.5484606613455,0.855188141391106,20.8,17.4917491749175,52.8052805280528,66.3366336633663,683,11.2737920937042,68.1022880215343,9.07759882869692,0,1.754,50.616,82.7,254,2020
"1111",181019502001,10.9631147540984,19.8770491803279,96.7145790554415,12.0748299319728,976,95.3893442622951,1.84426229508197,NA,6.3758389261745,59.7315436241611,93.2885906040269,347,14.1210374639769,62.3556581986143,10.9510086455331,0,0.976,54.25,159.2,NA,2020
"1112",181019502002,26.9736842105263,20.9210526315789,94.7089947089947,22.6229508196721,760,97.2368421052632,1.57894736842105,17.1,12.5,83.3333333333333,77.0833333333333,406,5.41871921182266,65.1428571428571,14.5320197044335,0,0.76,46.722,112.5,NA,2020
"1113",181039521002,31.1868686868687,18.0555555555556,100,13.6563876651982,792,91.1616161616162,1.64141414141414,22.1,5.77889447236181,79.3969849246231,90.4522613065327,443,10.1580135440181,69.7127937336815,40.8577878103837,67.1929824561404,0.792,60.156,63.9,32,2020
"1114",181039522002,26.1467889908257,13.5321100917431,98.2587064676617,6.18374558303887,872,91.8577981651376,6.42201834862385,NA,24.1379310344828,77.1883289124668,84.8806366047745,410,8.04878048780488,79.0960451977401,14.390243902439,100,0.872,42.452,58.2,32,2020
"1115",181039523003,13.658070678128,21.1079274116523,99.2079207920792,5.94059405940594,1047,65.7115568290353,5.15759312320917,42.5,23.6238532110092,57.3394495412844,63.0733944954128,454,3.9647577092511,75.6701030927835,11.2334801762115,100,1.047,43.942,65.5,32,2020
"1116",181039524001,10.7913669064748,23.7410071942446,82.4404761904762,3.24189526184539,556,96.9424460431655,0,10.8,13.5869565217391,74.4565217391304,80.4347826086957,255,27.843137254902,84.115523465704,0,100,0.556,52.841,63.6,32,2020
"1117",181039525002,17.7293934681182,13.9968895800933,96.0843373493976,11.3082039911308,643,91.2908242612753,5.59875583203732,30.7,22.8260869565217,64.1304347826087,67.3913043478261,276,0,53.2110091743119,17.0289855072464,72.6027397260274,0.643,33.636,75.5,32,2020
"1118",181039526003,21.1009174311927,17.533129459735,99.468085106383,7.0440251572327,981,95.7186544342508,3.87359836901121,32.5,2.31481481481481,64.8148148148148,88.8888888888889,507,14.792899408284,52.3629489603025,5.71992110453649,0,0.981,90.806,119.1,32,2020
"1119",181039526004,15.1648351648352,21.978021978022,100,20.8053691275168,455,95.6043956043956,0,27,7.14285714285714,62.6373626373626,78.5714285714286,229,20.5240174672489,55.8139534883721,0,0,0.455,58.75,88,32,2020
"1120",181039527002,15.7088122605364,18.6462324393359,94.2779291553134,10.752688172043,783,99.2337164750958,0.766283524904215,22.5,14.404432132964,74.2382271468144,73.6842105263158,449,19.5991091314031,78.3132530120482,26.0579064587973,74.6478873239437,0.783,46.076,70.9,32,2020
"1121",181039527005,13.773987206823,15.0106609808102,92.823418319169,11.0709117221418,2345,97.6545842217484,3.32622601279318,29.1,16.6666666666667,57.3934837092732,72.5563909774436,843,5.33807829181495,61.4181438998957,31.5539739027284,29.6758104738155,2.345,51.207,103.4,32,2020
"1122",181039528002,5.60866794136393,53.4735500318674,100,3.10421286031042,1569,62.2689611217336,10.5162523900574,NA,3.10077519379845,54.2635658914729,89.922480620155,174,25.8620689655172,52.4861878453039,27.0114942528736,0,1.569,103.542,154,32,2020
"1123",181039528003,8.78504672897196,20.1869158878505,86.3787375415282,7.55813953488372,535,66.1682242990654,30.4672897196262,17.1,10.7142857142857,47.6190476190476,54.7619047619048,168,0,27.843137254902,17.8571428571429,0,0.535,39.167,118.1,32,2020
"1124",181050004012,10.2816901408451,33.943661971831,93.2692307692308,25.2851711026616,710,100,5.35211267605634,18.8,12.4542124542125,63.003663003663,52.014652014652,335,18.5074626865672,100,33.4328358208955,100,0.71,45.66,NA,619,2020
"1125",181050004023,2.61603375527426,44.8101265822785,95.5898566703418,67.6308539944904,2370,89.3670886075949,3.12236286919831,27.5,9.81735159817352,86.2252663622527,16.2100456621005,1363,3.59501100513573,83.472553699284,2.0542920029347,100,2.37,46.386,153.5,619,2020
"1126",181050005011,10.7642626480086,24.8654467168999,97.4137931034483,20.6204379562044,929,86.3293864370291,2.79870828848224,33.8,19.0031152647975,49.8442367601246,65.7320872274143,358,10.3351955307263,93.6507936507936,37.9888268156425,90.7020872865275,0.929,40.933,NA,619,2020
"1127",181050005023,14.6766169154229,29.6641791044776,97.8319783197832,15.8828748890861,1608,64.2412935323383,28.2960199004975,18.8,3.09278350515464,55.2577319587629,70.9278350515464,509,4.71512770137525,89.4419306184012,48.9194499017682,96.9534050179211,1.608,55.114,100,619,2020
"1128",181050006013,14.3600416233091,25.5983350676379,94.5754716981132,31.9516407599309,961,81.9979188345473,2.39334027055151,NA,43.236074270557,59.946949602122,59.1511936339523,377,0,86.6141732283465,16.4456233421751,100,0.961,22.746,108.9,619,2020
"1129",181050006021,3.21361058601134,24.6691871455577,93.8207547169811,27.0229007633588,3174,63.421550094518,8.56962822936358,27.8,35.0627615062762,59.4142259414226,20.7531380753138,1241,3.70668815471394,82.6388888888889,20.870265914585,100,3.174,43.992,60.7,619,2020
"1130",181050006022,17.037037037037,33.3333333333333,93.2926829268293,15.3153153153153,675,86.2222222222222,6.22222222222222,32.6,17.4846625766871,75.4601226993865,24.8466257668712,377,13.5278514588859,96.9178082191781,13.262599469496,100,0.675,37.5,104.5,619,2020
"1131",181050011011,6.86198920585968,31.4572089437163,94.2857142857143,16.2295081967213,2594,92.36700077101,14.6491904394757,31.6,31.4669652855543,58.6786114221725,59.4624860022396,938,4.79744136460554,84.9631966351209,19.2963752665245,100,2.594,43.25,96.6,619,2020
"1132",181050011012,6.28115653040877,25.024925224327,100,22.5733634311512,1003,83.7487537387836,12.1635094715852,41.7,69.25,69.5,3.5,452,11.5044247787611,85.3462157809984,3.09734513274336,100,1.003,37.961,NA,619,2020
"1133",181050011022,23.2633279483037,15.3473344103393,89.4308943089431,47.6470588235294,619,96.9305331179321,2.58481421647819,18.6,3.42679127725857,78.5046728971963,69.1588785046729,363,11.5702479338843,88.0794701986755,4.40771349862259,100,0.619,59.25,137.5,619,2020
"1134",181050011031,21.1457455770851,24.6840775063184,95.3748006379585,16.144018583043,1187,93.0918281381634,0.08424599831508,31.7,6.6543438077634,75.0462107208872,63.2162661737523,596,9.22818791946309,92.2535211267606,14.261744966443,100,1.187,44.909,120.1,619,2020
"1135",181050011032,28.0886426592798,8.31024930747922,96.7007963594994,35.9259259259259,1805,97.0083102493075,2.04986149584488,NA,1.08108108108108,61.7567567567568,95.5405405405405,808,8.41584158415842,93.0261519302615,6.06435643564356,67.2340425531915,1.805,72.155,215.9,619,2020
"1136",181050013012,18.960244648318,10.7033639143731,81.9875776397515,16.8181818181818,654,76.7584097859327,0,NA,15.1515151515152,76.6666666666667,91.2121212121212,383,13.8381201044386,78.030303030303,85.6396866840731,92.7777777777778,0.654,35.57,16.8,619,2020
"1137",181050013031,31.629116117851,20.103986135182,96,31.7429406037001,1154,100,0,31.7,2.68714011516315,74.2802303262956,78.1190019193858,521,0,97.6430976430976,0,74.7457627118644,1.154,54.968,169.8,619,2020
"1138",181050014041,9.52380952380952,16.8707482993197,92.1348314606742,26.1450381679389,735,100,0,NA,4.6070460704607,79.6747967479675,93.2249322493225,614,39.9022801302932,41.4364640883978,9.44625407166124,0,0.735,48.175,159.8,619,2020
"1139",181050015012,5.04273504273504,23.2478632478632,95.7326892109501,41.4835164835165,2340,97.8205128205128,0.769230769230769,24.9,4.49293966623877,46.2130937098845,92.1694480102696,793,1.76544766708701,79.5918367346939,3.65699873896595,8.16901408450704,2.34,86.472,233.7,619,2020
"1140",181079567002,14.9416909620991,19.8250728862974,97.6964769647697,22.2446916076845,1372,96.2099125364432,2.69679300291545,30.8,8.76494023904382,60.9561752988048,78.4860557768924,561,10.5169340463458,66.9552669552669,11.0516934046346,0,1.372,66.111,119.7,76,2020
"1141",181079569001,16.3424124513619,22.568093385214,98.0530973451327,13.3868808567604,1028,92.704280155642,2.72373540856031,19.2,8.49056603773585,54.7169811320755,84.6698113207547,468,9.4017094017094,75.1893939393939,10.2564102564103,0,1.028,54,91,76,2020
"1142",181079570001,52.4223602484472,8.94409937888199,96.989966555184,17.0623145400593,805,92.9192546583851,0,30.6,6.76229508196721,84.2213114754098,81.7622950819672,542,9.96309963099631,61.0294117647059,36.90036900369,93.0232558139535,0.805,24.583,NA,76,2020
"1143",181079572003,19.1204588910134,18.5946462715105,90.7127429805616,4.05878236529041,2092,83.9866156787763,31.9311663479924,31,19.8207171314741,67.2310756972112,54.4820717131474,1075,6.6046511627907,92,20.5581395348837,100,2.092,31.2,85.5,76,2020
"1144",181095101023,14.4688644688645,13.5531135531136,78.0898876404494,19.6141479099678,546,100,0,NA,34.1991341991342,74.025974025974,58.4415584415584,273,15.3846153846154,77.2151898734177,65.5677655677656,31.0043668122271,0.546,31.69,NA,329,2020
"1145",181095102021,23.3587786259542,12.2137404580153,100,12.3853211009174,655,93.8931297709924,0,27.7,17.1253822629969,62.0795107033639,81.0397553516819,327,0,56.6371681415929,60.2446483180428,70.631970260223,0.655,40.608,NA,329,2020
"1146",181095102024,1.9952114924182,42.218675179569,92.4409448818898,9.09090909090909,1253,95.61053471668,5.82601755786113,26.7,5.02645502645503,37.037037037037,67.1957671957672,489,22.6993865030675,71.0391822827939,95.5010224948875,96.3541666666667,1.253,58.796,16,329,2020
"1147",181095103002,28.9579158316633,19.0380761523046,100,14.3076923076923,998,100,1.40280561122244,21.6,8.31099195710456,69.1689008042895,58.4450402144772,449,16.9265033407572,61.980198019802,0,100,0.998,53.724,117.9,329,2020
"1148",181095104021,18.1397738951696,14.8509763617677,96.8,40.0162337662338,1946,89.825282631038,2.98047276464543,NA,9.19732441471572,40.133779264214,82.2742474916388,660,9.39393939393939,42.9197080291971,30.1515151515152,0,1.946,81.167,235.1,329,2020
"1149",181095106013,21.1116777154513,17.9500254971953,94.228356336261,27.1239282930631,1961,97.2463029066803,0,NA,7.26744186046512,53.9244186046512,98.1104651162791,688,0,31.9767441860465,0,0,1.961,85.143,193.3,329,2020
"1150",181095107042,12.420566146736,14.0381282495667,100,18.8565697091274,1731,95.1473136915078,3.87059503177354,27.3,16.7752442996743,62.7035830618892,76.7100977198697,631,2.69413629160063,26.7782426778243,17.1156893819334,77.3417721518987,1.731,50.833,153.8,329,2020
"1151",181095108003,14.031862745098,18.75,91.5313225058005,3.53413654618474,1632,95.6495098039216,0,20.6,19.0265486725664,71.2389380530973,53.2448377581121,726,6.61157024793388,64.4092219020173,19.2837465564738,100,1.632,44.527,81.9,329,2020
"1152",181095109002,12.962962962963,17.3721340388007,91.9739696312364,2.4390243902439,1134,96.8253968253968,0,24.8,27.0750988142292,69.9604743083004,41.897233201581,621,18.5185185185185,41.9902912621359,4.66988727858293,100,1.134,32.845,NA,329,2020
"1153",181095110011,17.4193548387097,13.0322580645161,93.5047361299053,16.622691292876,1550,96.3870967741936,1.2258064516129,NA,5.72831423895254,65.7937806873977,96.2356792144026,640,4.53125,36.8340943683409,6.71875,17.5505050505051,1.55,74.476,192.1,329,2020
"1154",181111004001,20.989010989011,19.1758241758242,91.8439716312057,13.0196078431373,1820,93.1868131868132,12.5274725274725,NA,10.4454685099846,50.6912442396313,96.1597542242704,691,5.78871201157742,30.5722891566265,0,0,1.82,66.042,154.7,28,2020
"1155",181111004002,22.7208313651394,15.8715162966462,84.8837209302326,4.08602150537634,2117,98.1577704298536,4.58195559754369,14.5,24.2603550295858,52.2189349112426,88.1656804733728,717,5.71827057182706,48.9614243323442,28.0334728033473,0,2.117,66.071,150.3,28,2020
"1156",181139717004,15.0709219858156,19.0602836879433,100,16.4539007092199,1128,93.3510638297872,5.49645390070922,46.3,14.8614609571788,56.6750629722922,89.1687657430731,397,0,65.695067264574,13.0982367758186,37.4350086655113,1.128,55.893,123.8,142,2020
"1157",181139719002,21.0238907849829,19.0443686006826,100,7.29653882132834,1465,95.0853242320819,5.80204778156997,31.5,4.53125,72.5,62.1875,755,15.2317880794702,74.4128553770087,22.7814569536424,100,1.465,47.143,84.1,142,2020
"1158",181139720001,11.4989733059548,26.8993839835729,96.070460704607,10.9261186264308,1461,96.1670088980151,1.43737166324435,22,13.5779816513761,62.0183486238532,71.743119266055,687,20.669577874818,50.2269288956127,14.1193595342067,0,1.461,57.617,124.7,142,2020
"1159",181139720003,32.8840970350404,8.89487870619946,98.4375,14.8211243611584,742,85.8490566037736,14.1509433962264,NA,12.7272727272727,81.8181818181818,96.1038961038961,504,23.6111111111111,61.7161716171617,15.4761904761905,0,0.742,47.132,137.9,142,2020
"1160",181139721001,17.7739430543572,19.0681622088007,98.0544747081712,10.6958762886598,1159,98.5332182916307,0,NA,5.46318289786223,53.4441805225653,87.1733966745843,894,52.9082774049217,59.9597585513078,18.1208053691275,0,1.159,70.45,159.1,142,2020
"1161",181139721003,15.7486423584174,15.9038013964313,98.4375,8.90840652446675,1289,97.9829325058185,19.7827773467804,17.1,5.1980198019802,39.6039603960396,77.7227722772277,404,0,80.7142857142857,3.21782178217822,0,1.289,58.056,156.1,142,2020
"1162",181139722002,10.0646352723915,25.6694367497692,90.3381642512077,0,1083,95.752539242844,72.0221606648199,22.4,1.13960113960114,46.1538461538462,70.6552706552707,351,0,71.301247771836,25.0712250712251,0,1.083,70.299,75.5,142,2020
"1163",181139722003,16.4658634538153,19.9196787148594,91.1149825783972,4.57142857142857,1245,87.7911646586345,38.3935742971888,33.8,14.5129224652087,61.0337972166998,66.6003976143141,572,12.0629370629371,88.8888888888889,9.96503496503496,0,1.245,38.375,94.4,142,2020
"1164",181139722004,4.70679012345679,15.4320987654321,92.7191679049034,5.47945205479452,1296,80.4783950617284,65.5092592592593,28.2,7.94520547945205,49.041095890411,69.3150684931507,443,17.607223476298,66.6666666666667,18.961625282167,0,1.296,51.62,79.6,142,2020
"1165",181139723001,12.5340599455041,15.7584014532243,98.4787830264211,24.6970571263705,2202,98.6376021798365,4.08719346049046,15,5.93311758360302,71.7367853290183,81.5533980582524,1054,12.0493358633776,73.2430143945809,6.83111954459203,0,2.202,72.641,152.9,142,2020
"1166",181139723002,8.62600123228589,20.2094886013555,94.8748510131109,9.53307392996109,1623,97.8434996919285,29.2051756007394,23.1,11.8881118881119,47.5524475524476,68.1818181818182,660,13.3333333333333,86.5853658536585,48.6363636363636,0,1.623,54.306,83.8,142,2020
"1167",181139723003,25.3731343283582,15.5223880597015,93.6734693877551,16.3319946452477,1005,88.7562189054726,9.55223880597015,NA,6.65024630541872,69.2118226600985,94.5812807881773,524,22.5190839694656,66.4160401002506,7.25190839694656,0,1.005,54.167,141.2,142,2020
"1168",181139724003,16.3759689922481,21.3178294573643,97.0125786163522,7.55813953488372,1032,100,3.97286821705426,23.3,11.6279069767442,69.9788583509514,61.9450317124736,503,5.96421471172962,64.8424543946932,10.1391650099404,0,1.032,50.298,98.6,142,2020
"1169",181139724004,10.0448430493274,19.1479820627803,96.969696969697,10.2906520031422,2230,93.1838565022422,5.20179372197309,26.3,12.2516556291391,51.4900662251656,51.3245033112583,665,9.17293233082707,54.1079812206573,16.9924812030075,0,2.23,50.526,93.5,142,2020
"1170",181139725001,13.0487804878049,23.4756097560976,99.4612068965517,13.1284916201117,1640,97.9878048780488,1.15853658536585,23.4,5.04451038575668,65.4302670623145,70.6231454005935,727,7.29023383768913,68.9010989010989,3.98899587345254,0,1.64,64.25,115.8,142,2020
"1171",181159658001,13.2716049382716,17.5308641975309,100,9.1710758377425,1620,98.0246913580247,1.54320987654321,17.6,10.0740740740741,49.037037037037,87.2592592592593,735,8.16326530612245,34.5744680851064,25.4421768707483,0,1.62,78.007,195.2,20,2020
"1172",181179513001,18.9735614307932,17.0036288232245,99.1128010139417,8.37004405286344,1929,100,1.24416796267496,28.3,16.412213740458,62.2137404580153,58.9058524173028,890,11.685393258427,56.6666666666667,19.5505617977528,0,1.929,51.548,122.5,9,2020
"1173",181179513003,21.3322091062395,12.9005059021922,96.064139941691,15.5266015200869,1186,95.2782462057336,2.52951096121417,17.4,1.41129032258065,66.5322580645161,80.8467741935484,509,2.55402750491159,62.8378378378378,8.25147347740668,0,1.186,56.908,108.6,9,2020
"1174",181179515001,21.881390593047,11.4519427402863,95.9079283887468,16.1337209302326,978,82.5153374233129,7.36196319018405,31.6,11.0132158590308,72.9074889867841,67.6211453744493,560,18.9285714285714,82.4175824175824,23.0357142857143,0,0.978,37.763,73.5,9,2020
"1175",181179517001,19.3231441048035,17.2489082969432,96.969696969697,2.81456953642384,916,96.943231441048,0,18.5,33.033033033033,57.957957957958,47.7477477477478,358,6.98324022346369,89.9553571428571,20.6703910614525,0,0.916,31.573,52.5,9,2020
"1176",181179517002,5.08221225710015,11.0612855007474,97.3607038123167,3.96039603960396,669,100,0,25,19.9134199134199,67.0995670995671,52.8138528138528,324,28.7037037037037,81.6265060240964,5.8641975308642,0,0.669,36.023,81.3,9,2020
"1177",181199558002,25.3386454183267,21.4342629482072,95.3846153846154,16.9072164948454,1255,95.0597609561753,0.159362549800797,22.8,10.0569259962049,63.3776091081594,70.0189753320683,632,16.6139240506329,58.6324786324786,20.7278481012658,0,1.255,53.194,92.9,31,2020
"1178",181210302001,16.7427701674277,17.1993911719939,83.9357429718875,13.9650872817955,657,83.5616438356164,11.8721461187215,47,13.8392857142857,55.3571428571429,73.2142857142857,259,13.5135135135135,50.253807106599,25.4826254826255,0,0.657,53.958,85,41,2020
"1179",181210303001,31.665228645384,19.8446937014668,94.8529411764706,15.1624548736462,1159,95.5133735979292,5.60828300258844,24.8,26.1450381679389,71.5648854961832,50.1908396946565,592,11.4864864864865,28.955223880597,7.93918918918919,0,1.159,30.984,101.7,41,2020
"1180",181210303003,21.8029350104822,19.4968553459119,94.4,3.03030303030303,477,98.7421383647799,0,49.4,33.3333333333333,78.2051282051282,78.8461538461538,156,0,84.7457627118644,0,0,0.477,31.585,100.5,41,2020
"1181",181210304013,19.7696737044146,9.40499040307102,100,38.3084577114428,521,100,0,NA,23.1155778894472,67.3366834170854,95.4773869346734,1015,80.3940886699507,65.0602409638554,32.2167487684729,0,0.521,73.897,NA,41,2020
"1182",181239523003,19.6462413139608,12.8237523689198,94.7441217150761,16.8411037107517,1583,90.0189513581807,3.22173089071383,42.1,8.03858520900322,59.6463022508039,91.1575562700965,654,4.89296636085627,74.8137108792847,25.6880733944954,0,1.583,49.427,117.5,38,2020
"1183",181239524002,20,16.0352422907489,94.5945945945946,16.7369901547117,1135,98.7665198237885,1.23348017621145,16.4,0,56.7695961995249,63.6579572446556,481,12.4740124740125,68.0952380952381,25.987525987526,69.4656488549618,1.135,75.329,156.3,38,2020
"1184",181239524003,24.1830065359477,22.0043572984749,100,4.90341753343239,918,99.0196078431373,0,22.1,17.2661870503597,74.2805755395683,54.8561151079137,606,8.25082508250825,73.5498839907193,1.48514851485149,100,0.918,28.875,75.7,38,2020
"1185",181259540001,16.3013698630137,14.3835616438356,98.014888337469,14.8387096774194,730,92.6027397260274,0,19,5.57377049180328,64.5901639344262,92.7868852459016,315,3.17460317460317,62.8865979381443,12.0634920634921,0,0.73,59.583,151,NA,2020
"1186",181259541002,19.83032873807,14.3690349946978,92.5531914893617,15.1026392961877,1886,98.8335100742312,0.583244962884411,15,5.54016620498615,61.6343490304709,83.2409972299169,753,4.11686586985392,57.6230492196879,14.7410358565737,0,1.886,69.808,118.9,NA,2020
"1187",181270501041,27.7139208173691,13.4099616858238,97.737556561086,32.7102803738318,783,97.4457215836526,9.45083014048531,NA,9.15254237288136,55.5932203389831,90.8474576271186,346,14.7398843930636,51.6209476309227,18.4971098265896,72.5738396624473,0.783,74.943,228.8,580,2020
"1188",181270501043,13.3118378627361,20.2671579917089,98.5781990521327,17.8245614035088,2171,97.8811607554123,2.6715799170889,26.9,7.55395683453237,55.515587529976,87.2901678657074,834,0,46.8041237113402,31.0551558752998,46.4634146341463,2.171,76.25,126.7,580,2020
"1189",181270501053,6.17214043035108,22.9331823329558,97.2972972972973,24.2884250474383,1766,89.4110985277463,5.71913929784824,NA,21.0338680926916,51.1586452762923,95.3654188948307,561,0,46.2085308056872,26.5597147950089,65.90084643289,1.766,68.281,194.7,580,2020
"1190",181270503011,4.35525192143467,29.8889837745517,97.8560490045942,28.7671232876712,1171,88.2152006831768,22.1178479931682,19.6,5.6640625,72.265625,58.203125,553,7.41410488245931,70.0917431192661,23.5081374321881,100,1.171,79.688,161.2,580,2020
"1191",181270503021,16.5611814345992,21.7299578059072,92.8030303030303,17.2316384180791,948,91.9831223628692,8.33333333333333,23.8,6.35696821515892,59.6577017114914,77.0171149144254,424,3.5377358490566,60.381861575179,15.5660377358491,100,0.948,55.813,151.7,580,2020
"1192",181270504071,39.3782383419689,5.95854922279793,96.5346534653465,44.7447447447448,386,98.1865284974093,4.92227979274611,29.7,25.531914893617,85.1063829787234,85.531914893617,274,14.2335766423358,47.2826086956522,38.3211678832117,68.4350132625995,0.386,48.264,151.3,580,2020
"1193",181270504072,4.85436893203883,29.4792586054722,95.2843273231623,16.9665809768638,1133,79.7881729920565,29.9205648720212,40.6,21.4574898785425,70.2429149797571,53.2388663967611,625,20.96,46.8704512372635,23.04,100,1.133,59.118,160.5,580,2020
"1194",181270505071,11.3095238095238,12.8571428571429,93.5802469135802,9.46502057613169,840,90.8333333333333,0,19.8,21.7665615141956,62.4605678233439,81.0725552050473,421,24.7030878859857,63.2947976878613,77.4346793349169,98.3122362869198,0.84,38.884,24.2,580,2020
"1195",181270506022,18.1724845995893,19.8151950718686,95.8553791887125,34.6657477601654,1948,90.6570841889117,3.54209445585216,16.7,0.863131935881628,68.4340320591862,91.2453760789149,898,9.68819599109131,74.7334754797441,1.11358574610245,100,1.948,63.64,170.7,580,2020
"1196",181270506063,15.0276243093923,10.828729281768,94.3355119825708,37.9642365887208,905,92.1546961325967,0,NA,11.7359413202934,76.7726161369193,93.1540342298289,409,0,66.7506297229219,0,74.2004264392324,0.905,92.226,251.4,580,2020
"1197",181270508021,11.7252931323283,24.6231155778894,97.5308641975309,38.2081686429513,1194,75.4606365159129,16.3316582914573,21.8,9.42928039702233,66.0049627791563,37.2208436724566,593,32.0404721753794,58.0645161290323,18.212478920742,100,1.194,63.917,208.6,580,2020
"1198",181270510092,20.3002144388849,25.2323087919943,97.8835978835979,33.5736354273944,1399,98.0700500357398,0.929235167977126,32.1,18.50699844479,75.2721617418351,60.0311041990669,667,3.59820089955022,39.4477317554241,0,91.0521140609636,1.399,57.466,222.1,580,2020
"1199",181270510093,5.31757754800591,29.4682422451994,98.7525987525988,20.1461377870564,1354,94.6085672082718,3.10192023633678,28.8,15.4791154791155,57.002457002457,85.7493857493858,464,12.2844827586207,73.4151329243354,38.5775862068966,90.4382470119522,1.354,67.77,188.1,580,2020
"1200",181270511012,10.4948124501197,19.7126895450918,96.4192139737991,5.39661898569571,2506,99.4413407821229,10.3351955307263,21.1,11.0091743119266,56.2691131498471,65.6472986748216,981,0,61.5789473684211,19.4699286442406,0,2.506,46.458,130.7,580,2020
"1201",181290401002,14.2068965517241,21.3793103448276,94.4281524926686,11.9675456389452,725,97.9310344827586,0.413793103448276,26.1,9.15750915750916,61.5384615384615,83.5164835164835,319,14.4200626959248,53.3762057877814,3.13479623824451,0,0.725,48.393,86,52,2020
"1202",181290403002,20.1509433962264,15.4716981132075,95.5678670360111,20.9302325581395,1325,95.622641509434,0.452830188679245,20.4,7.69230769230769,72.3443223443223,85.5311355311355,564,3.19148936170213,61.0248447204969,14.7163120567376,0,1.325,61.5,138,52,2020
"1203",181290405001,6.88622754491018,13.3233532934132,100,34.5489443378119,668,100,0,NA,0,56.4705882352941,100,269,5.20446096654275,82.5214899713467,0,3.98773006134969,0.668,114.053,194.3,52,2020
"1204",181290405003,17.0040485829959,17.4595141700405,98.9429175475687,24.3938280675974,1976,93.9777327935223,3.84615384615385,11.7,12.1890547263682,51.3681592039801,86.9402985074627,938,14.2857142857143,76.3656633221851,16.0980810234542,35.3780313837375,1.976,71.591,162,52,2020
"1205",181290406003,16.7095115681234,18.5089974293059,100,15.3846153846154,389,84.8329048843188,0,NA,42.9203539823009,84.9557522123894,45.1327433628319,315,28.2539682539683,86.2903225806452,0,100,0.389,16.146,42.4,52,2020
"1206",181319589001,17.6020408163265,16.921768707483,92.6369863013699,13.6868064118372,1176,91.156462585034,6.29251700680272,19.1,7.93991416309013,65.450643776824,65.6652360515021,607,23.2289950576606,52.6,24.7116968698517,0,1.176,48.302,96.9,15,2020
"1207",181339561002,22.6286422814631,20.3347799132052,100,9.54095409540954,1613,98.2641041537508,0.991940483570986,26,18.3514774494557,56.7651632970451,82.8926905132193,823,21.8712029161604,52.1514629948365,46.5370595382746,0,1.613,50.417,85.5,164,2020
"1208",181339562001,16.6225516146109,17.5224986765484,99.0120746432492,23.9218877135883,1889,82.0010587612493,5.98200105876125,29,12.2368421052632,57.5,75.5263157894737,786,3.30788804071247,71.1561382598331,5.97964376590331,42.1340629274966,1.889,56.105,146.8,164,2020
"1209",181339562004,19.4277108433735,16.566265060241,97.8021978021978,11.8343195266272,664,99.3975903614458,0,22.3,6.25,60.2941176470588,75.3676470588235,272,0,76.9461077844311,5.51470588235294,68.2857142857143,0.664,76.379,119,164,2020
"1210",181339563014,21.9554030874786,15.6946826758148,98.3122362869198,13.9120095124851,1166,90.4802744425386,5.31732418524871,29.1,28.9954337899543,67.8082191780822,68.4931506849315,438,0,90.5579399141631,6.16438356164384,73.991935483871,1.166,54.083,93.3,164,2020
"1211",181339565003,19.909793814433,16.6237113402062,97.111416781293,8.27464788732394,1552,92.3324742268041,0.128865979381443,34.1,7.14285714285714,72.5274725274725,65.521978021978,859,15.2502910360885,63.4560906515581,33.4109429569267,0,1.552,45.893,99.8,164,2020
"1212",181359515001,16.4733178654292,10.092807424594,95.7920792079208,8.82882882882883,862,98.7238979118329,0,25.4,11.0091743119266,59.3272171253823,78.8990825688073,383,14.621409921671,74.8618784530387,20.3655352480418,0,0.862,39.199,59.1,17,2020
"1213",181359516001,16.8019480519481,13.3928571428571,90.1294498381877,13.4045077105575,1232,99.025974025974,0.974025974025974,25,7.45697896749522,61.1854684512428,92.3518164435946,577,9.35875216637782,44.6124763705104,0,97.0917225950783,1.232,59.504,73.5,17,2020
"1214",181359516003,16.0864345738295,20.4081632653061,91.9003115264798,4.83558994197292,833,80.672268907563,35.4141656662665,27.5,24.75,73.75,44,637,37.2056514913658,48.135593220339,29.9843014128728,99.1803278688525,0.833,27.5,45.4,17,2020
"1215",181359517002,22.5196850393701,15.5905511811024,98.2363315696649,14.712389380531,1270,81.496062992126,4.88188976377953,28.7,21.2962962962963,73.5185185185185,44.6296296296296,540,0,82.3091247672253,3.88888888888889,87.3517786561265,1.27,36.406,82.1,17,2020
"1216",181359518003,27.4618585298197,12.7600554785021,100,20.8576998050682,721,100,0.277392510402219,20,18.5534591194969,71.3836477987421,64.7798742138365,343,7.28862973760933,78.3549783549784,0,84.4776119402985,0.721,52.542,NA,17,2020
"1217",181359519001,23.7918215613383,12.0198265179678,93.6893203883495,15.2719665271967,807,96.9021065675341,1.73482032218092,31.2,10.2425876010782,50.6738544474393,54.9865229110512,381,2.6246719160105,72.5552050473186,7.8740157480315,0,0.807,36.458,83,17,2020
"1218",181359519003,23.8826815642458,19.9720670391061,95.5223880597015,9.78723404255319,716,96.5083798882682,0.977653631284916,26.1,7.71704180064309,65.5948553054662,79.4212218649518,372,16.3978494623656,79.0996784565916,9.67741935483871,0,0.716,45.865,77.4,17,2020
"1219",181359519005,16.4959016393443,19.7745901639344,94.7608200455581,13.5964912280702,976,96.516393442623,0,NA,16.010498687664,62.7296587926509,87.4015748031496,500,23.8,64.1826923076923,20.4,0,0.976,61.161,119,17,2020
"1220",181379684021,17.8092986603625,18.9125295508274,100,13.4734239802225,1269,98.3451536643026,12.6083530338849,20.1,9.95670995670996,58.6580086580087,69.9134199134199,562,17.7935943060498,48.8215488215488,18.1494661921708,0,1.269,45.278,141.1,113,2020
"1221",181379686003,12.0328167730173,26.7092069279854,97.9591836734694,12.5333333333333,1097,94.0747493163172,0.72926162260711,19.1,17.6334106728538,53.5962877030162,66.5893271461717,479,10.0208768267223,61.3309352517986,12.3173277661795,0,1.097,53.125,116.8,113,2020
"1222",181379686004,21.9222462203024,19.438444924406,96.969696969697,8.87480190174326,926,97.6241900647948,2.48380129589633,30.6,9.94152046783626,59.0643274853801,53.2163742690059,428,20.0934579439252,70.3703703703704,14.018691588785,0,0.926,43.636,102.7,113,2020
"1223",181379688002,17.5632911392405,25.9493670886076,95.1298701298701,12.2983870967742,632,94.1455696202532,0,25.3,20.8661417322835,68.1102362204724,62.5984251968504,367,30.7901907356948,60.8540925266904,11.716621253406,0,0.632,35,117,113,2020
"1224",181379689002,9.16422287390029,19.208211143695,97.984496124031,20.0234192037471,1364,93.475073313783,0,23.2,11.134903640257,52.2483940042827,67.8800856531049,487,4.10677618069815,56.4593301435407,27.5154004106776,0,1.364,48.365,124.4,113,2020
"1225",181399742002,23.2214765100671,17.4496644295302,93.9759036144578,38.2462686567164,745,100,0,NA,9.09090909090909,57.2390572390572,96.2962962962963,307,3.25732899022801,38.5382059800664,0,0,0.745,84.778,193.9,14,2020
"1226",181399743003,5.48494983277592,19.6655518394649,90.0726392251816,15.5807365439093,1495,88.2274247491639,15.7190635451505,14.3,5.02354788069074,59.1836734693878,37.0486656200942,725,12.1379310344828,39.9671052631579,1.37931034482759,100,1.495,72.635,83,14,2020
"1227",181399744003,16.9660678642715,18.9620758483034,100,20.8816705336427,501,98.2035928143712,2.19560878243513,NA,0,71.9806763285024,84.5410628019324,237,12.6582278481013,72.3849372384937,15.6118143459916,57.1428571428571,0.501,NA,166.2,14,2020
"1228",181399745003,15.2091254752852,21.5462610899873,97.3429951690821,10.4795737122558,789,97.8453738910013,0,37.2,19.2691029900332,59.8006644518272,65.4485049833887,364,17.3076923076923,53.0769230769231,15.3846153846154,26.8156424581006,0.789,64.85,122.1,14,2020
"1229",181410034002,13.5102533172497,28.7092882991556,97.0189701897019,16.9082125603865,829,51.5078407720145,26.4173703256936,36.3,28.9189189189189,83.7837837837838,35.1351351351351,450,17.7777777777778,66.1807580174927,0,100,0.829,31.071,81.4,286,2020
"1230",181410106004,8.9910775566232,11.3246396705559,98.2915717539863,23.8260869565217,1457,89.7735072065889,7.61839396019218,33.9,19.7619047619048,81.6666666666667,40.9523809523809,478,12.1338912133891,79.0609137055838,0,100,1.457,35.244,99,286,2020
"1231",181410107001,4.88322717622081,29.723991507431,86.1167002012072,18.5606060606061,942,72.2929936305732,21.9745222929936,13.8,33.2307692307692,52.3076923076923,67.6923076923077,399,18.546365914787,68.1710213776722,45.1127819548872,100,0.942,60.139,98.1,286,2020
"1232",181410108002,10.7644305772231,19.6567862714509,96.5299684542587,20.5069124423963,641,88.6115444617785,0,35.7,32.6996197718631,55.1330798479088,58.1749049429658,305,13.7704918032787,57.1428571428571,9.50819672131148,0,0.641,29.196,98,286,2020
"1233",181410111003,24.5867768595041,14.8760330578512,91.9148936170213,13.2963988919668,484,86.7768595041322,16.1157024793388,NA,15.5,69.5,96,200,0,62.037037037037,32,92.191435768262,0.484,35.455,117,286,2020
"1234",181410111004,27.906976744186,38.3720930232558,67.4418604651163,0,86,100,0,NA,37.5,100,33.3333333333333,72,0,100,47.2222222222222,87.378640776699,0.086,NA,NA,286,2020
"1235",181410113093,9.4715852442672,41.7746759720837,100,27.0198675496689,1003,80.259222333001,19.740777666999,26.5,2.65957446808511,81.0283687943262,53.1914893617021,639,11.7370892018779,76.2162162162162,8.29420970266041,100,1.003,41.154,130.5,286,2020
"1236",181410115012,9.62309542902967,39.6952686447474,82.7387802071346,13.9315230224321,1247,52.205292702486,30.8740978348035,27.9,14.7562582345191,88.0105401844532,3.95256916996047,1055,28.0568720379147,93.0458970792768,5.87677725118483,100,1.247,28.021,NA,286,2020
"1237",181410117012,13.8939670932358,21.2065813528336,100,12.1508379888268,1094,98.9945155393053,9.59780621572212,19.4,17.381974248927,67.381974248927,59.656652360515,575,18.9565217391304,71.9710669077758,77.0434782608696,100,1.094,41.696,NA,286,2020
"1238",181410119003,25.2692031586504,17.4443646805456,98.589562764457,22.8,1393,86.2885857860732,10.9834888729361,17.1,3.63036303630363,71.2871287128713,79.8679867986799,630,3.80952380952381,63.8392857142857,16.6666666666667,88.1422924901186,1.393,54.531,161.5,286,2020
"1239",181439669001,26.1016949152542,9.15254237288136,95.3216374269006,10.5263157894737,1770,95.7627118644068,0.621468926553672,36.5,3.9426523297491,64.336917562724,83.8709677419355,677,17.5775480059084,65.4867256637168,29.0989660265879,28.0566280566281,1.77,46.719,139.9,40,2020
"1240",181439669002,22.7956989247312,14.2652329749104,96.969696969697,11.5157480314961,1395,95.1971326164875,1.00358422939068,31.5,16.0839160839161,62.0629370629371,68.3566433566434,682,16.1290322580645,58.4,36.6568914956012,24.609375,1.395,46.042,112.9,40,2020
"1241",181439670001,49.4492044063647,17.3806609547124,100,2.60736196319018,817,99.6328029375765,3.54957160342717,28.1,60.2968460111317,84.0445269016698,27.8293135435993,591,8.79864636209814,60.082304526749,0,99.5402298850575,0.817,12.21,73.8,40,2020
"1242",181439670002,13.8510808646918,32.7461969575661,100,3.87685290763968,1249,97.7582065652522,3.84307445956765,21.5,16.2745098039216,59.8039215686275,49.4117647058824,556,8.27338129496403,68.2148040638607,0,100,1.249,58.167,83.8,40,2020
"1243",181439670003,28.8154897494305,22.1526195899772,96.8847352024922,16.7161961367013,1756,96.0136674259681,0,27.2,11.0054347826087,80.0271739130435,59.2391304347826,824,10.6796116504854,68.1672025723473,0,97.3529411764706,1.756,46.382,151.7,40,2020
"1244",181439670004,10.7046070460705,20.4607046070461,100,26.3574660633484,1476,98.0352303523035,5.82655826558266,25,5.80152671755725,71.9083969465649,44.7328244274809,686,4.51895043731778,62.3943661971831,14.1399416909621,97.6277372262774,1.476,45.604,104.8,40,2020
"1245",181439671005,13.1464475592073,19.6230062832286,95.8775029446408,13.3689839572193,2069,97.2933784436926,0,NA,2.58358662613982,53.4954407294833,96.2006079027356,692,4.91329479768786,59.9749058971142,44.9421965317919,0,2.069,66.25,120,40,2020
"1246",181457101002,11.2224448897796,16.8336673346693,96,11.8314424635332,998,100,0,24.9,8.46153846153846,65.8974358974359,63.0769230769231,422,7.58293838862559,61.2449799196787,9.95260663507109,0,0.998,42.596,103.6,82,2020
"1247",181457102004,18.9421894218942,13.4071340713407,93.1662870159453,7.26698262243286,813,100,0,22.4,5.23415977961433,53.9944903581267,64.4628099173554,363,0,34.9246231155779,24.5179063360882,0,0.813,53.09,121.3,82,2020
"1248",181457104002,14.1529362061681,20.4900718208703,94.9211908931699,18.1497175141243,2367,79.8479087452472,23.8276299112801,28.6,13.5693215339233,64.8967551622419,42.1828908554572,1017,0,83.3333333333333,27.5319567354966,84.6309403437816,2.367,40.417,NA,82,2020
"1249",181457105003,7.84716516023007,23.9934264585045,97.2290138549307,14.2072752230611,2434,80.1972062448644,23.8290879211175,23,14.9377593360996,53.2157676348548,42.1161825726141,1001,3.6963036963037,63.0653266331658,11.4885114885115,93.8488576449912,2.434,50.746,128.9,82,2020
"1250",181457107004,19.6338672768879,12.7688787185355,95.3907815631263,7.03125,2185,92.8146453089245,11.2585812356979,27.3,1.98675496688742,61.037527593819,69.6467991169978,973,6.88591983556012,65.8458244111349,0,100,2.185,63.01,109.2,82,2020
"1251",181457108003,12.0788824979458,18.898931799507,95.7725947521866,28.6632390745501,1217,98.6852917009039,0,19.1,1.77664974619289,47.7157360406091,91.3705583756345,394,0,77.115987460815,8.62944162436548,0,1.217,77.553,137,82,2020
"1252",181457109001,16.3719338277239,17.8551055333714,97.1544715447154,23.1186966640807,1753,96.6343411294923,1.88248716486024,17.8,1.82072829131653,71.2885154061625,94.6778711484594,723,1.2448132780083,63.1341600901917,7.19225449515906,11.9760479041916,1.753,85.313,227.6,82,2020
"1253",181457109002,18.4952978056426,11.337513061651,86.9104908565929,24.4760479041916,1914,91.692789968652,2.6123301985371,20.4,7.53086419753086,64.5679012345679,83.9506172839506,884,8.3710407239819,73.8663484486873,3.84615384615385,0,1.914,64.212,151.6,82,2020
"1254",181479527021,10.7321965897693,10.7321965897693,100,21.8358831710709,997,100,0.902708124373119,22.5,4.97512437810945,54.9751243781095,79.8507462686567,505,20.3960396039604,81.2844036697248,0,0,0.997,88.875,196,71,2020
"1255",181479527022,14.7058823529412,28.475935828877,100,16.7728237791932,748,97.7272727272727,19.2513368983957,23.7,12.8205128205128,58.974358974359,69.96336996337,291,6.18556701030928,66.1616161616162,13.0584192439863,0,0.748,76.583,110.2,71,2020
"1256",181479527023,17.877094972067,18.5288640595903,96.7517401392111,2.91411042944785,1074,94.0409683426443,21.1359404096834,22.8,10.8860759493671,53.1645569620253,60,452,12.6106194690265,51.3317191283293,6.85840707964602,0,1.074,46.384,104.7,71,2020
"1257",181479531001,17.3051519154557,20.2113606340819,92.8,6.96798493408663,757,95.2443857331572,9.24702774108322,30.2,7.69230769230769,56.3076923076923,43.6923076923077,340,4.41176470588235,33.033033033033,17.0588235294118,0,0.757,40.163,88.7,71,2020
"1258",181499537001,9.76253298153034,20.4485488126649,97.8779840848806,9.44206008583691,758,97.2295514511873,3.16622691292876,23.8,15.8590308370044,52.863436123348,75.3303964757709,280,18.9285714285714,63.8356164383562,13.2142857142857,0,0.758,41.705,76.6,59,2020
"1259",181499541003,22.1299093655589,25.9063444108761,95.5734406438632,4.9800796812749,1324,90.558912386707,4.53172205438066,23,11.9521912350598,53.1872509960159,90.0398406374502,583,13.893653516295,44.4210526315789,21.4408233276158,0,1.324,42.667,119.7,59,2020
"1260",181519708001,35.949098621421,2.33297985153765,72.3132969034608,31.0099573257468,943,98.7274655355249,0,17.8,5.10948905109489,83.698296836983,93.9172749391727,982,58.1466395112016,78.1767955801105,7.02647657841141,0,0.943,74.107,369.7,163,2020
"1261",181519708003,16.9167097775479,21.3140196585618,89.8865784499055,9.42965779467681,1933,96.4304190377651,5.12157268494568,30.8,9.28319623971798,64.1598119858989,85.4289071680376,851,0,77.765843179377,15.6286721504113,0,1.933,45.174,110.2,163,2020
"1262",181519709003,37.2641509433962,2.51572327044025,96.8,19.2771084337349,636,98.1132075471698,1.72955974842767,NA,1.97183098591549,87.0422535211268,95.7746478873239,507,29.9802761341223,77.7777777777778,6.70611439842209,0,0.636,46.75,147.3,163,2020
"1263",181519710002,26.8451992161986,13.847158719791,99.2376111817027,39.0885188431201,1531,97.9098628347485,0,20.8,4.50070323488045,70.7454289732771,86.9198312236287,998,28.7575150300601,79.8022598870056,12.124248496994,30.8760683760684,1.531,64.083,185.2,163,2020
"1264",181519710003,14.9162861491629,9.58904109589041,100,8.43137254901961,657,100,0,27.3,20.9230769230769,76,77.5384615384615,592,45.1013513513514,85.1752021563342,43.4121621621622,1.60427807486631,0.657,54.39,120.5,163,2020
"1265",181519711001,21.9003476245655,4.8667439165701,100,23.6,863,100,5.2143684820394,NA,6.05263157894737,83.9473684210526,98.1578947368421,856,55.607476635514,74.370709382151,27.803738317757,99.4301994301994,0.863,84.362,246.6,163,2020
"1266",181519711002,32.441113490364,19.0578158458244,100,37.0277078085642,934,94.2184154175589,2.67665952890792,NA,1.931330472103,85.4077253218884,90.7725321888412,707,34.0876944837341,67.9513184584178,16.8316831683168,67.8217821782178,0.934,86.352,206.3,163,2020
"1267",181519711003,30.0174520069808,7.15532286212914,100,36.8888888888889,573,99.4764397905759,2.96684118673647,NA,0,80.5111821086262,78.594249201278,731,57.1819425444596,63.3333333333333,6.15595075239398,93.5323383084577,0.573,53.625,247.2,163,2020
"1268",181519712001,18.1060606060606,14.5454545454545,88.66930171278,21.6425120772947,1320,98.1818181818182,0,12.5,1.3745704467354,64.4329896907217,80.0687285223368,636,8.49056603773585,67.0926517571885,1.41509433962264,12.6934984520124,1.32,60,163.2,163,2020
"1269",181519713003,9.39226519337017,29.0449881610103,75.0462107208872,7.10321864594895,1267,99.6053670086819,7.4191002367798,38.7,30.7692307692308,58.6278586278586,38.6694386694387,548,12.2262773722628,95.320197044335,8.39416058394161,100,1.267,33.006,94.9,163,2020
"1270",181519714001,17.5753688261706,23.9897370109044,91.8552036199095,22.6202661207779,1559,97.4342527261065,0.898011545862733,NA,18.1818181818182,60.2693602693603,92.9292929292929,613,3.09951060358891,91.3559322033898,8.48287112561175,48.2456140350877,1.559,64.359,169.8,163,2020
"1271",181519714002,7.28542914171657,41.7165668662675,100,12.5195618153365,1002,81.437125748503,15.6686626746507,20,17.0798898071625,55.3719008264463,31.9559228650138,430,15.5813953488372,65.1428571428571,0,100,1.002,56.042,120.6,163,2020
"1272",181519714004,7.86979810465595,14.8331273176761,95.1142631993696,21.3290460878885,2427,92.0889987639061,5.43881334981459,21.3,15.7894736842105,61.2280701754386,67.1929824561403,734,22.3433242506812,86.541889483066,23.433242506812,79.8373983739837,2.427,63.403,164.1,163,2020
"1273",181519715001,32.6530612244898,5.10204081632653,97.8723404255319,20.1388888888889,490,94.8979591836735,0,NA,3.77358490566038,90.188679245283,93.9622641509434,672,60.5654761904762,79.9107142857143,37.5,0,0.49,48.826,95,163,2020
"1274",181519715002,13.735691987513,14.4640998959417,80.8678500986193,11.9013062409289,961,92.0915712799167,8.94901144640999,NA,6.95876288659794,59.7938144329897,91.2371134020619,657,40.9436834094368,62.0947630922693,12.0243531202435,0,0.961,61.786,208.3,163,2020
"1275",181519716001,26.8456375838926,13.6744966442953,96.7213114754098,25.8028792912514,1192,97.9026845637584,0.0838926174496644,26.3,4.84171322160149,70.9497206703911,81.1918063314711,984,45.4268292682927,69.0559440559441,19.7154471544715,0,1.192,71.477,191,163,2020
"1276",181519716002,20.2846975088968,15.8362989323843,99.1680532445923,21.5909090909091,1124,98.1316725978648,0.889679715302491,22.9,10.0409836065574,64.1393442622951,64.5491803278689,810,39.7530864197531,58.4392014519056,11.8518518518519,0,1.124,61.5,204.2,163,2020
"1277",181519716004,12.5645438898451,21.2564543889845,94.8805460750853,7.80051150895141,1162,95.2667814113597,4.56110154905336,18.1,13.963963963964,61.9369369369369,86.9369369369369,502,11.5537848605578,80.2303262955854,9.7609561752988,0,1.162,60.926,103.5,163,2020
"1278",181530503012,12.6353790613718,5.5956678700361,100,6.58227848101266,554,88.4476534296029,0,NA,0,89.96138996139,73.3590733590734,301,13.953488372093,91.4965986394558,4.31893687707641,100,0.554,43.839,82.4,5,2020
"1279",181530503022,19.9513381995134,14.9229521492295,97.7822580645161,15.6138259833135,1233,100,0,NA,10.126582278481,53.7974683544304,100,529,10.3969754253308,70.7216494845361,12.6654064272212,51.1400651465798,1.233,70,120.8,5,2020
"1280",181559657001,22.2144846796657,12.8133704735376,83.3667334669339,3.28587075575027,1436,96.1699164345404,4.66573816155989,41.7,24.5439469320066,67.9933665008292,75.6218905472637,914,34.0262582056893,42.96875,40.9190371991247,0,1.436,49.263,127.9,67,2020
"1281",181559659002,17.1943231441048,19.4323144104804,96.3133640552995,13.0434782608696,1832,94.3777292576419,3.16593886462882,25.4,13.4085213032581,72.4310776942356,63.7844611528822,983,18.8199389623601,58.7320574162679,7.93489318413021,0,1.832,52.5,114.1,67,2020
"1282",181570001002,9.82078853046595,37.0609318996416,98.5626283367556,13.2482826300294,1395,86.7383512544803,14.8387096774194,31,24.468085106383,83.6170212765958,43.4042553191489,545,13.7614678899083,92.018779342723,23.6697247706422,100,1.395,30.769,70.3,1317,2020
"1283",181570016022,10.7186358099878,8.40438489646772,95.9276018099548,0,821,96.9549330085262,1.09622411693057,40,8.04195804195804,55.9440559440559,72.027972027972,286,0,90.0744416873449,0,100,0.821,NA,175,1317,2020
"1284",181570017021,36.644591611479,19.3156732891832,100,26.4014466546112,906,75.2759381898455,53.8631346578366,NA,34.5771144278607,71.6417910447761,68.9054726368159,402,0,72.3809523809524,37.8109452736318,100,0.906,50.186,71.8,1317,2020
"1285",181570018002,37.8531073446328,15.5367231638418,95.2054794520548,31.0909090909091,708,83.1920903954802,8.19209039548023,33.4,4.66666666666667,98.6666666666667,17.5555555555556,521,13.6276391554703,94.6127946127946,19.1938579654511,100,0.708,42.159,19.6,1317,2020
"1286",181570101001,32.9764453961456,19.1648822269807,100,31.7460317460317,934,100,0,NA,0,70.6976744186046,100,430,0,75.8215962441315,0,0,0.934,NA,NA,1317,2020
"1287",181570102011,13.1158029430582,16.2827895073576,96.7952910398954,32.9149232914923,3126,96.2891874600128,1.02367242482406,27.1,7.06476030277544,63.1623212783852,88.5618166526493,1245,4.49799196787149,75.8974358974359,27.4698795180723,16.3704396632367,3.126,75.563,170.9,1317,2020
"1288",181570102062,0,22.7791563275434,100,68.565815324165,2015,50.1736972704715,11.4143920595534,34.4,59.7687861271676,52.6011560693642,5.54913294797688,1039,16.7468719923003,81.1357074109721,9.14340712223292,100,2.015,23.139,NA,1317,2020
"1289",181570102092,1.08564535585042,26.216324889425,100,34.2215988779804,2487,47.4065138721351,26.4173703256936,19.5,38.568129330254,46.6512702078522,43.64896073903,905,4.30939226519337,67.438494934877,39.7790055248619,100,2.487,49.931,NA,1317,2020
"1290",181570106002,13.3142448103078,20.2576950608447,95.417348608838,19.036954087346,1397,99.3557623478883,2.14745884037223,31.4,22.8282828282828,54.9494949494949,63.8383838383838,550,10,82.0075757575758,42.9090909090909,41.8013856812933,1.397,54.005,158.1,1317,2020
"1291",181570110001,16.489988221437,13.3097762073027,93.4246575342466,3.90070921985816,849,95.6419316843345,1.06007067137809,23.7,13.8728323699422,67.0520231213873,60.4046242774566,374,7.48663101604278,65.0455927051672,14.7058823529412,0,0.849,33.75,78.1,1317,2020
"1292",181590204011,25.6578947368421,33.4210526315789,100,6.05042016806723,760,100,3.55263157894737,NA,0,53.2110091743119,64.2201834862385,347,5.76368876080692,79.0432801822324,9.22190201729107,95.8944281524927,0.76,70.798,77.1,28,2020
"1293",181590204021,20.078125,17.421875,98.0802792321117,11.860718171926,1280,87.65625,10.15625,14.6,9.34744268077601,75.1322751322751,73.8977072310406,602,5.81395348837209,67.9715302491103,21.9269102990033,76.7145135566188,1.28,50.046,115.1,28,2020
"1294",181590204022,23.1320368474923,20.7778915046059,83.3622183708839,28.998699609883,977,100,1.94472876151484,31,9.47136563876652,74.4493392070485,61.8942731277533,454,0,79.95337995338,6.16740088105727,47.3977695167286,0.977,47.768,140.6,28,2020
"1295",181619607003,20.8551483420593,22.1640488656195,100,9.71896955503513,1146,94.0663176265271,0.523560209424084,22,3.33333333333333,73.3333333333333,68.3333333333333,502,16.3346613545817,66.7226890756303,10.1593625498008,0,1.146,53.824,94.3,12,2020
"1296",181619607004,18.088467614534,18.7993680884676,98.6991869918699,24.141876430206,1266,98.8941548183254,3.63349131121643,23.4,12.7744510978044,62.0758483033932,69.2614770459082,588,14.7959183673469,75.787728026534,4.25170068027211,0,1.266,47.708,110.8,12,2020
"1297",181619608001,31.7560462670873,12.8286014721346,96.2962962962963,24.8529411764706,951,96.7402733964248,4.94216614090431,31,3.30188679245283,68.1603773584906,64.8584905660377,488,13.1147540983607,66.0753880266075,11.2704918032787,0,0.951,61.029,107.5,12,2020
"1298",181619608002,16.8235294117647,27.8823529411765,100,9.67184801381693,850,89.1764705882353,2.70588235294118,18.4,5.26315789473684,68.6980609418283,79.2243767313019,429,15.8508158508159,62.7848101265823,16.3170163170163,0,0.85,54.219,152.1,12,2020
"1299",181630002031,12.2962272938985,31.858407079646,98.9771833202203,25.974025974026,2147,76.4788076385654,6.93991616208663,NA,3.28054298642534,60.2941176470588,77.4886877828054,884,0,67.0864819479429,34.7285067873303,100,2.147,75.469,156.3,675,2020
"1300",181630002043,37.037037037037,16.0667709963485,99.6082272282076,27.3657289002558,1917,97.4439227960355,0,24.8,4.47316103379722,83.9960238568588,91.1530815109344,1097,8.29535095715588,79.3793793793794,9.57155879671832,100,1.917,50.333,131.5,675,2020
"1301",181630002052,15.0655021834061,23.3624454148472,97.2602739726027,17.2523961661342,458,84.9344978165939,1.52838427947598,22,6.08695652173913,71.7391304347826,67.8260869565217,278,17.2661870503597,85.5633802816901,12.589928057554,100,0.458,45.5,77.6,675,2020
"1302",181630033003,11.2271540469974,17.7545691906005,78.7052810902896,6.13915416098226,1149,77.7197563098346,1.91470844212359,28.1,31.1746987951807,92.0180722891566,20.4819277108434,746,10.9919571045576,88.0952380952381,14.4772117962466,100,1.149,26.875,61.4,675,2020
"1303",181630036003,18.3246073298429,16.3350785340314,86.7595818815331,9.84848484848485,955,75.3926701570681,0,37.7,17.1171171171171,73.8738738738739,60.3603603603604,444,0,96.3855421686747,11.9369369369369,100,0.955,33.324,95,675,2020
"1304",181630038056,31.9148936170213,20.7446808510638,79.3103448275862,10.1910828025478,188,99.468085106383,0.531914893617021,NA,13.6752136752137,72.6495726495726,89.7435897435898,225,48,100,74.2222222222222,42.3076923076923,0.188,30.898,74.5,675,2020
"1305",181630102051,24.7388675096207,9.18086860912589,96.3007159904535,11.6845878136201,1819,92.2484881803189,0,40.6,27.6477146042363,75.0278706800446,81.7168338907469,1091,17.781851512374,80.7788944723618,77.6351970669111,99.8176845943482,1.819,37.533,14.2,675,2020
"1306",181630108002,13.9661756683033,25.2045826513912,98.1643356643357,26.9896193771626,1833,83.7424986361157,2.7823240589198,18.5,18.1184668989547,73.5191637630662,27.9907084785134,937,8.11099252934899,74.3913435527502,0.96051227321238,100,1.833,40.576,62.8,675,2020
"1307",181650202001,24.2774566473988,12.7167630057803,99.1452991452991,10.8983799705449,865,94.7976878612717,0.578034682080925,NA,5.94315245478036,72.0930232558139,98.7080103359173,475,18.5263157894737,57.8461538461538,6.94736842105263,0,0.865,57.563,89.8,27,2020
"1308",181650205005,56.8181818181818,10.9504132231405,100,25.8695652173913,484,96.2809917355372,1.65289256198347,NA,10.6299212598425,94.488188976378,84.251968503937,274,7.2992700729927,36.551724137931,0,100,0.484,59.688,76.7,27,2020
"1309",181670010002,14.5925925925926,17.7037037037037,96.6542750929368,10.7270560190703,1350,86.962962962963,3.92592592592593,NA,28.714859437751,71.285140562249,69.6787148594377,580,14.1379310344828,93.491124260355,3.10344827586207,100,1.35,37.241,74.3,58,2020
"1310",181670011002,12.85140562249,20.2141900937082,76.0814249363868,0,747,99.8661311914324,0,49.9,31.5068493150685,28.7671232876712,59.3607305936073,313,30.0319488817891,77.3851590106007,5.75079872204473,100,0.747,35.893,39.5,58,2020
"1311",181670101001,12,5.5,96.6789667896679,5.73770491803279,400,97,0,49.7,15.1260504201681,88.2352941176471,68.9075630252101,284,16.1971830985915,90.7488986784141,3.16901408450704,99.6610169491525,0.4,40.5,82.9,58,2020
"1312",181670102021,10.9548482605477,14.4337527757217,97.7931034482759,18.7698833510074,1351,96.0029607698002,0,38.3,11.5027829313544,59.5547309833024,84.7866419294991,561,3.92156862745098,67.9417122040073,10.1604278074866,34.4262295081967,1.351,59.883,138,58,2020
"1313",181670102022,35.8695652173913,15.7608695652174,84.0220385674931,16.3346613545817,920,91.7391304347826,0,22.5,23.8721804511278,82.3308270676692,67.8571428571429,557,4.48833034111311,81.3333333333333,12.5673249551167,100,0.92,29.125,66.2,58,2020
"1314",181670102023,24.1112828438949,24.2658423493045,100,18.6407766990291,647,96.29057187017,1.70015455950541,39.3,8.94568690095847,75.0798722044728,79.2332268370607,339,7.66961651917404,89.7574123989218,1.17994100294985,71.7647058823529,0.647,62.039,113.2,58,2020
"1315",181670104004,18.348623853211,10.7033639143731,80.7262569832402,30.6306306306306,654,100,0,34.3,19.0114068441065,66.5399239543726,72.6235741444867,280,6.07142857142857,87.1698113207547,3.92857142857143,0,0.654,57.125,142.7,58,2020
"1316",181670105001,4.14364640883978,23.2044198895028,89.3982808022923,0,724,96.2707182320442,5.38674033149171,45.6,14.2857142857143,64.2857142857143,75.7142857142857,334,16.1676646706587,87.7483443708609,18.562874251497,100,0.724,44.886,45,58,2020
"1317",181670106012,17.8955453149002,14.7465437788018,88,20.952380952381,1302,96.2365591397849,4.68509984639017,30,8.64197530864197,60.6995884773662,84.7736625514403,519,6.35838150289017,73.1497418244406,10.019267822736,46.0526315789474,1.302,54.318,156.5,58,2020
"1318",181670106013,15.7112526539278,21.656050955414,92.051282051282,22.271223814774,1413,98.8676574663836,0,18.7,3.27510917030568,51.3100436681223,86.2445414847162,497,7.84708249496982,65.1026392961877,6.2374245472837,47.4809160305344,1.413,77.891,121.6,58,2020
"1319",181670107041,6.18260244428469,8.41121495327103,100,41.5706806282722,1391,88.785046728972,12.508986340762,14.7,0,49.4908350305499,79.0224032586558,552,11.0507246376812,77.9411764705882,0,52.0393811533052,1.391,102.171,289.3,58,2020
"1320",181670107042,23.6363636363636,9.48051948051948,90.9090909090909,45.3913043478261,770,63.7662337662338,0,NA,15.1515151515152,68.3501683501683,84.8484848484848,300,1,79.8165137614679,8.33333333333333,0,0.77,60.702,224.2,58,2020
"1321",181670112011,11.3089005235602,12.0418848167539,96.415770609319,12.6537785588752,955,100,0,18.9,9.78593272171254,54.1284403669725,85.6269113149847,327,0,96.2825278810409,14.9847094801223,1.21703853955375,0.955,67.019,127.2,58,2020
"1322",181670112012,12.8293241695304,40.5498281786942,100,20.9896249002394,1746,82.1878579610538,7.7319587628866,NA,5.75842696629214,73.0337078651685,83.5674157303371,712,0,85.3070175438596,6.74157303370786,37.3287671232877,1.746,67.54,130.9,58,2020
"1323",181670112014,14.0954495005549,16.4261931187569,91.9661733615222,1.99386503067485,901,98.6681465038846,0,29.3,17.9337231968811,91.6179337231969,30.7992202729045,603,14.9253731343284,87.5862068965517,5.97014925373134,87.9003558718861,0.901,35.348,76.8,58,2020
"1324",181691022001,25.0651041666667,15.625,93.5736677115987,37.8409090909091,1536,91.6015625,2.47395833333333,42.3,9.67078189300411,75.1028806584362,57.201646090535,547,11.1517367458867,72.463768115942,0,95.187969924812,1.536,57.768,115.7,39,2020
"1325",181691022002,22.1441124780316,12.3022847100176,93.7919463087248,20.4353083434099,1138,100,0,NA,12,63.2,77.8,500,0,70.0564971751412,3,99.604743083004,1.138,65.053,107.6,39,2020
"1326",181691022003,10.8923884514436,25.3280839895013,94.0639269406393,18.2572614107884,762,74.4094488188976,31.3648293963255,14.5,20.377358490566,49.0566037735849,47.1698113207547,301,11.9601328903654,81.7934782608696,4.98338870431894,100,0.762,77.784,58.9,39,2020
"1327",181691024003,29.0460878885316,9.86066452304394,100,22.8125,933,100,0,32.9,3.72340425531915,68.6170212765958,86.7021276595745,447,15.8836689038031,69.3045563549161,14.7651006711409,1.9047619047619,0.933,67.679,137.1,39,2020
"1328",181691026001,18.4039087947883,24.4299674267101,88.0503144654088,9.67032967032967,614,99.0228013029316,0.977198697068404,30,16.1172161172161,73.2600732600733,61.1721611721612,323,15.4798761609907,80.7142857142857,3.40557275541796,97.289972899729,0.614,48.58,58.2,39,2020
"1329",181691029003,35.4344122657581,9.71039182282794,100,13,587,100,0,15.9,0,79.4223826714801,79.7833935018051,321,13.7071651090343,75.1612903225806,4.67289719626168,1.53452685421995,0.587,69.293,185.2,39,2020
"1330",181691029004,18.5291997116078,17.9524152847873,100,6.66666666666667,1387,100,0,38.3,4.22535211267606,64.989939637827,95.1710261569417,656,24.2378048780488,69.6324951644101,5.79268292682927,0,1.387,67.887,112.2,39,2020
"1331",181730304001,11.1624834874505,11.8229854689564,85.0673194614443,18.8199389623601,1514,98.5468956406869,0,26.3,24.4766505636071,63.1239935587762,75.6843800322061,639,2.8169014084507,68.8783570300158,29.5774647887324,79.2993630573248,1.514,51.806,86.9,331,2020
"1332",181730305023,21.7347956131605,18.8434695912263,96.1224489795918,9.21985815602837,1003,97.1086739780658,0.0997008973080758,24,8.53658536585366,63.109756097561,84.1463414634146,328,0,59.275053304904,21.0365853658537,14.5969498910675,1.003,84.186,167.5,331,2020
"1333",181730306021,13.9579349904398,24.1873804971319,99.3589743589744,13.8613861386139,1046,92.82982791587,0,NA,6.23608017817372,75.5011135857461,98.2182628062361,449,0,55.9027777777778,1.11358574610245,86.0813704496788,1.046,69.59,104.7,331,2020
"1334",181730306023,1.26849894291755,22.4101479915433,100,0,473,96.8287526427061,0,NA,8.81057268722467,68.7224669603524,75.7709251101322,395,42.5316455696203,71.3815789473684,15.6962025316456,100,0.473,46.484,95.7,331,2020
"1335",181730307034,14.704445530044,14.2647777234978,83.3005893909627,28.9453425712086,2047,98.0459208597948,1.6609672691744,31.2,5.27045769764216,49.0984743411928,62.9680998613037,746,3.35120643431635,80.5333333333333,4.55764075067024,100,2.047,71.354,177.9,331,2020
"1336",181730307041,15.8536585365854,26.4390243902439,100,26.8136557610242,2050,98.780487804878,2.39024390243902,21.2,1.6270337922403,53.8172715894869,82.2277847309136,863,7.41599073001159,81.7234848484848,3.93974507531866,100,2.05,85.163,124.3,331,2020
"1337",181730308013,15.0834772596431,22.7403569372481,97.5,46.8550592525068,1737,97.2941853770869,0,NA,0,44.2508710801394,100,574,0,76.4492753623188,0,98.202614379085,1.737,106.932,216.8,331,2020
"1338",181730308022,14.3932267168391,22.1542803386642,95.1219512195122,32.711525649567,2126,99.2003762935089,1.12888052681091,19.4,10.5,75,91.7,1000,0,77.7871621621622,13.7,100,2.126,71.389,137.4,331,2020
"1339",181759673004,32.2295805739514,16.6666666666667,100,14.1426783479349,906,99.5584988962472,3.09050772626932,NA,11.3122171945701,79.185520361991,75.1131221719457,515,14.1747572815534,21.4022140221402,26.6019417475728,44.891122278057,0.906,43.857,131.4,59,2020
"1340",181759674001,23.5687022900763,11.736641221374,100,5.90909090909091,1048,95.9923664122137,6.39312977099237,NA,9.9236641221374,64.3765903307888,77.35368956743,420,6.42857142857143,57.2131147540984,12.3809523809524,13.3333333333333,1.048,69.74,141.5,59,2020
"1341",181759675003,13.2782719186785,33.7992376111817,98.6631016042781,6.44628099173554,1574,97.9669631512071,0,19.3,30.4659498207885,73.4767025089606,63.7992831541219,584,4.45205479452055,41.1764705882353,0,100,1.574,34.5,86.2,59,2020
"1342",181759675004,32.1495327102804,17.5700934579439,95.1388888888889,5.51558752997602,535,91.4018691588785,0,17.1,24.1007194244604,59.3525179856115,83.8129496402878,296,6.08108108108108,72.992700729927,27.027027027027,100,0.535,30.878,65.4,59,2020
"1343",181759676004,18.9964157706093,3.584229390681,81.6,19.7247706422018,558,98.2078853046595,1.4336917562724,NA,19.8501872659176,80.5243445692884,74.1573033707865,298,10.4026845637584,81.3725490196078,31.5436241610738,53.1553398058252,0.558,50.625,NA,59,2020
"1344",181759677012,19.646968534152,12.9700690713738,96.4163822525597,11.0986547085202,1303,91.8649270913277,1.91864927091328,27.6,20.0361010830325,69.6750902527076,64.2599277978339,687,19.3595342066958,37.7394636015326,16.7394468704512,0,1.303,40.417,89.3,59,2020
"1345",181770004001,29.7681984546564,14.6400976006507,94.4995491433724,16.3990825688073,2459,94.1846278975193,4.71736478243188,29.4,21.0624417520969,71.9478098788444,76.0484622553588,1134,5.37918871252205,86.0487804878049,6.26102292768959,77.8498609823911,2.459,55.977,125.8,34,2020
"1346",181770005001,11.1229377328366,20.0638637573177,88.9518413597734,1.97005516154452,1879,73.3901011176158,9.6327833954231,26.4,25.7555847568988,62.5492772667543,56.3731931668857,919,17.1926006528836,90.8704883227176,0,100,1.879,37.352,50.2,34,2020
"1347",181770006002,16.3566388710712,20.9108402822322,98.2725527831094,11.3441372735939,1559,86.7864015394484,0.577293136626042,NA,32.5,57.5,93.9285714285714,600,6.66666666666667,85.9099804305284,46.6666666666667,100,1.559,29.327,57.9,34,2020
"1348",181770007003,17.7478991596639,18.9915966386555,95.3534031413613,18.1159420289855,2975,95.3613445378151,0,29.7,3.99659863945578,59.0986394557823,81.2074829931973,1191,1.25944584382872,81.5217391304348,0.923593618807725,88.4514435695538,2.975,54.118,119,34,2020
"1349",181770009004,6.070826306914,16.779089376054,91.2109375,8.29986613119143,1186,86.5935919055649,8.09443507588533,31.8,22.3234624145786,71.9817767653759,51.7084282460137,491,10.5906313645621,71.1217183770883,2.03665987780041,100,1.186,24.355,69.3,34,2020
"1350",181770011022,33.3333333333333,22.8690228690229,100,19.0222222222222,1443,84.4074844074844,4.15800415800416,24.2,11.0803324099723,78.393351800554,21.8836565096953,783,7.79054916985951,75.8483033932136,0,99.7624703087886,1.443,41.282,214.3,34,2020
"1351",181770101002,42.7428571428571,12.2285714285714,94.5273631840796,11.3960113960114,875,93.9428571428571,1.94285714285714,26.9,0,71.4646464646465,86.6161616161616,426,7.04225352112676,80.6179775280899,14.0845070422535,0,0.875,48.281,143.3,34,2020
"1352",181770102002,15.4973821989529,8.90052356020942,100,36.0847333820307,1910,98.1675392670157,0.31413612565445,18,4.28994082840237,64.6449704142012,89.792899408284,706,4.24929178470255,86.9318181818182,5.52407932011331,0,1.91,83.864,146.6,34,2020
"1353",181770104001,17.2370088719899,18.6311787072243,99.0675990675991,16.6037735849057,789,99.6197718631179,0,17.5,7.87671232876712,53.0821917808219,88.6986301369863,322,9.3167701863354,68.3823529411765,1.86335403726708,0,0.789,64.9,128.8,34,2020
"1354",181770104004,24.1653418124006,17.7265500794913,97.2742759795571,9.41597139451728,1258,100,0,12.4,9.67741935483871,61.6935483870968,83.6693548387097,549,9.65391621129326,60.1834862385321,1.45719489981785,0,1.258,40.357,95.3,34,2020
"1355",181770105001,13.5802469135802,18.2441700960219,99.3103448275862,27.6951672862454,729,94.7873799725652,0,13.4,8.74524714828897,60.0760456273764,89.3536121673004,282,6.73758865248227,80.8153477218225,4.60992907801418,0,0.729,73.75,145.2,34,2020
"1356",181770105002,11.4675767918089,25.80204778157,96.1971830985916,17.8194607268464,1465,95.6996587030717,0,35,11.7768595041322,54.9586776859504,93.5950413223141,514,5.83657587548638,65.0684931506849,15.1750972762646,0,1.465,73.056,136.3,34,2020
"1357",181770106005,19.7883597883598,9.20634920634921,93.4426229508197,7.80487804878049,945,98.7301587301587,0,43.8,22.7678571428571,80.5803571428571,71.2053571428571,486,7.81893004115226,60.2708803611738,11.1111111111111,0,0.945,34.8,83.3,34,2020
"1358",181770107001,25.049504950495,17.6237623762376,100,19.3211488250653,1010,98.9108910891089,0,30.3,7,60.5,85,400,0,55.2132701421801,3.5,0,1.01,73.409,156.3,34,2020
"1359",181790401001,31.8367346938775,16.9387755102041,100,8.15789473684211,490,91.4285714285714,0,NA,9.22509225092251,92.2509225092251,91.5129151291513,286,5.24475524475525,63.9072847682119,27.6223776223776,0,0.49,49.293,135.3,57,2020
"1360",181790401003,15.8543117300482,34.0653454740225,100,23.9008792965627,1867,98.1788966256026,1.5532940546331,24.2,3.34190231362468,57.1979434447301,68.3804627249357,905,14.0331491712707,59.0198123044838,0,0,1.867,52.632,136.6,57,2020
"1361",181790402002,14.3248175182482,11.1313868613139,98.2286634460548,16.5997322623829,1096,96.7153284671533,0,16.9,4.16666666666667,67.156862745098,92.4019607843137,425,4,51.063829787234,2.35294117647059,0,1.096,70.804,128.8,57,2020
"1362",181790404002,33.6495535714286,9.65401785714286,93.2721712538226,20.1951951951952,1792,99.2745535714286,0,38.4,11.4774114774115,73.5042735042735,73.992673992674,943,13.1495227995758,82.9885057471264,34.8886532343584,92.7579365079365,1.792,63.047,207,57,2020
"1363",181790404003,18.9239332096475,21.3358070500928,99.0228013029316,1.73210161662818,1078,90.8163265306122,7.97773654916512,23.6,23.9316239316239,85.982905982906,27.8632478632479,585,0,86.0869565217391,8.71794871794872,98.2791586998088,1.078,28.458,94.7,57,2020
"1364",181790406001,9.21325051759834,16.2525879917184,100,14.9908592321755,966,93.4782608695652,1.13871635610766,26.8,22.7941176470588,37.1323529411765,81.6176470588235,272,0,65.625,8.08823529411765,89.588377723971,0.966,54.773,88.4,57,2020
"1365",181790406004,18.7760778859527,14.4645340751043,98.4478935698448,19.9186991869919,719,100,0.556328233657858,21.8,4.79452054794521,70.2054794520548,82.5342465753425,358,18.4357541899441,80.6378132118451,14.804469273743,88.2063882063882,0.719,53.333,105.5,57,2020
"1366",181819581003,32.3863636363636,8.80681818181818,100,7.3943661971831,352,91.4772727272727,0,NA,26.8571428571429,80.5714285714286,84.5714285714286,641,72.6989079563183,63.4146341463415,48.2059282371295,85.3562005277045,0.352,46.179,147.1,38,2020
"1367",181819581004,19.1489361702128,19.4528875379939,100,0,329,89.3617021276596,10.6382978723404,NA,11.965811965812,68.3760683760684,94.8717948717949,621,81.1594202898551,35.1351351351351,34.9436392914654,66.5957446808511,0.329,64.018,109.2,38,2020
"1368",181819582002,9.10763569457222,18.3992640294388,90.2380952380952,8.42787682333874,1087,69.3652253909844,34.8666053357866,26.4,13.3903133903134,42.7350427350427,66.0968660968661,493,28.8032454361055,64.3243243243243,13.184584178499,0,1.087,43.702,78.4,38,2020
"1369",181819584001,13.4920634920635,13.0952380952381,100,18.7155963302752,756,97.3544973544974,0,18.8,7.02341137123746,55.8528428093645,75.9197324414716,327,8.56269113149847,85.0855745721271,11.9266055045872,0,0.756,60.104,161.9,38,2020
"1370",181819585011,38.5395537525355,6.08519269776876,100,16.9398907103825,493,100,2.02839756592292,NA,0,79.3388429752066,94.6280991735537,570,57.5438596491228,40.1515151515151,46.140350877193,92.1440261865794,0.493,42.115,116,38,2020
"1371",181819585012,21.3963963963964,10.0225225225225,94.4444444444444,20.0819672131148,888,94.5945945945946,2.59009009009009,NA,21.9451371571072,84.5386533665835,98.2543640897756,591,32.1489001692047,54.9872122762148,15.9052453468697,77.8471138845554,0.888,49.293,96,38,2020
"1372",181819586002,35.5555555555556,27.008547008547,92.1296296296296,2.15686274509804,585,68.3760683760684,24.957264957265,32.6,12.6760563380282,74.6478873239437,51.4084507042254,284,0,84.9462365591398,0,100,0.585,32.845,74.4,38,2020
"1373",181830501001,10.1511879049676,12.9589632829374,96.7082860385925,8.71794871794872,1389,98.776097912167,1.65586753059755,17.5,10.0178890876565,66.5474060822898,72.9874776386404,676,17.3076923076923,61.2269938650307,19.5266272189349,0,1.389,53.594,97.6,92,2020
"1374",181830501002,28.1444582814446,10.0871731008717,95.2941176470588,5.19031141868512,803,97.5093399750934,1.49439601494396,21.7,10.3359173126615,79.0697674418605,83.2041343669251,387,0,74.0425531914894,8.78552971576227,0,0.803,63.125,115.7,92,2020
"1375",181830501004,10.9581181870339,27.3092369477912,90.2506963788301,17.0229612034838,1743,98.3362019506598,12.2776821572002,21.5,8.70206489675516,52.5073746312684,87.4631268436578,696,2.58620689655172,58.0467675378267,2.1551724137931,0,1.743,74.167,171.1,92,2020
"1376",181830503004,17.1856978085352,15.8016147635525,93.7644341801386,8.99830220713073,867,96.6551326412918,3.22952710495963,23.8,12.6005361930295,62.1983914209115,82.0375335120643,410,9.02439024390244,41.8604651162791,13.9024390243902,0,0.867,45.313,98.8,92,2020
"1377",181830504023,21.2240868706811,9.77295162882527,96.3169642857143,18.740157480315,2026,99.111549851925,0.345508390918065,16,8.37988826815642,78.4357541899441,63.3519553072626,953,6.08604407135362,78.7921348314607,31.1647429171039,82.5027685492802,2.026,46.617,114.7,92,2020
"1378",181830505002,4.72689075630252,27.2058823529412,98.159509202454,15.1750972762646,952,85.9243697478991,0.630252100840336,23.9,3.18840579710145,58.8405797101449,55.3623188405797,383,9.92167101827676,54.0540540540541,0,100,0.952,39.375,98.6,92,2020
"1379",181830505003,39.4718554551772,12.9951355107714,90.6906906906907,9.07692307692308,1439,95.2050034746352,12.3002084781098,38.3,12.4331550802139,87.0320855614973,64.0374331550802,766,2.34986945169713,62.738301559792,2.34986945169713,40.1923076923077,1.439,32.5,209,92,2020
"1380",181830506001,18.1536074476338,17.7657098525989,94.1891891891892,21.5642458100559,1289,96.2761830876649,1.00853374709077,19,3.44202898550725,55.9782608695652,97.1014492753623,580,4.82758620689655,75.7754800590842,23.6206896551724,23.5412474849095,1.289,64.167,139.9,92,2020
